date,theme,source,title,link,summary,score,comment
2026-06-22,日本株 注目 銘柄,ダイヤモンド・オンライン,【日本株】2026年・夏の｢おすすめ高配当株｣2銘柄！業績好調で営業益が過去最高の｢Umios｣、同業他社より高配当で割安な｢長谷工コーポレーション｣に注目！ - ダイヤモンド・オンライン,https://news.google.com/rss/articles/CBMiU0FVX3lxTE91Q3hGdE9NV29wdzlDUF9JNkZManRUR2dlUUFnUUJibmw5azY1Z2ttUkZCNDhjeW8tbGxrN000REFVV0I2ZUJQOXZpSTloM090WFdN?oc=5,,,
2026-06-22,日本株 注目 銘柄,株探,本日注目の【自社株買い】銘柄 (19日大引け後 発表分) - 株探,https://news.google.com/rss/articles/CBMiYEFVX3lxTE05bXMwVHhSMklvaUZNbHdzZmIwUUhnTDE1MFQzU0RnY2dDZzFEY18zakhDRUtydVkwaTZfbThOdl9FVlAyeUxGSEczZUgtcXdWSi1MUDF3TGYtNHN2U1ZRXw?oc=5,,,
2026-06-22,日本株 注目 銘柄,Yahoo!ファイナンス,テクニカルで選ぶ注目銘柄：セコム＝ストキャスティクスが好転する中、５日・２５日の両移動平均線を上回る - Yahoo!ファイナンス,https://news.google.com/rss/articles/CBMihwFBVV95cUxOeWdfSHJVRHZvNS1DVGpyb05hSWRVWWY4d3JtX0VjOTZmYmxua0gyZWdLNS1wbHRQb1ctX21yTlFMYWhIazd2ZU1SbzA4RGlPUkg3cUhCRzE1djRxMF9lNHhiVU9Nb3l0MmNwbkVpamRrcU9JT0dodVk0Sm14anNfSnhUTlRCTW8?oc=5,,,
2026-06-22,日本株 注目 銘柄,nomura.co.jp,バフェット銘柄の特性を踏まえた日本株のスクリーニング（2026年4月） 野村證券ストラテジストが解説 - nomura.co.jp,https://news.google.com/rss/articles/CBMiX0FVX3lxTFBhSTRPS0dieTlLOGZocGo3UU1jRXlTZWJvc294TDBteFN1TkpPTnBveG1Ec3Z5ZEQzcXhXREVYOThKOWk1eENaVTNyR09yM1V6S0Uyd3M3RjZKNzBVRzdB?oc=5,,,
2026-06-22,日本株 注目 銘柄,株探,注目銘柄ダイジェスト（前場）:サツドラホールディングス、シンカ、パワーエックスなど - 株探,https://news.google.com/rss/articles/CBMiYEFVX3lxTE5QRmFZVDR5QlJvcExmYVlrc1NaZ1RPZ1hQTnY1NmxLM1VpcXhCS1hrVHZxaGt4VzNpM0h3dG5rX0JiTWJJTGs0cWNpNEdhOXM1N2FUX2lBQy1ORVd2Tjl3Zg?oc=5,,,
2026-06-22,日本株 注目 銘柄,マネクリ,【日本株】アスリートから一般層へ、需給ひっ迫で関心が高まる「ホエイプロテイン」関連銘柄 - マネクリ,https://news.google.com/rss/articles/CBMiVEFVX3lxTE5jQVRsbFdKU1l4U1VCaGg1VV9LUXpqYnlSNThWeURQVDdISExla0tJRHNRMzF0WEhvZ2NfYUhyWWs0TE9pMW1tSm9pcDhjdFpjb1J4MdIBV0FVX3lxTFAxLW9JaG9TSG9BUzYtNzNBUmJqcjZSSGNyV3Y4UnlSa2NqaUZUS1VKWVpZeHNoSkZDZl84dHZqOHFVcTQyY2FTYmxzQkIzdWdwRDRJOW1COA?oc=5,,,
2026-06-22,日本株 注目 銘柄,ダイヤモンド・オンライン,【日本株】2026年・夏の｢おすすめ10万円株｣2銘柄！eギフトのサービスを展開する｢ギフティ｣、株高や企業変革を追い風に伸びる｢大和証券グループ本社｣に注目 - ダイヤモンド・オンライン,https://news.google.com/rss/articles/CBMiU0FVX3lxTE14dTEwTVd3Z0JlR2dHVW1Cei1aV1dTeHJQdHNTaXpUUEFGb3ltVC1SZEp1NXk1cjcwWEhtUGNnVHJRRzhJcFB5Q1BfLXQyQ3pIZ0M0?oc=5,,,
2026-06-22,日本株 注目 銘柄,みんかぶ,＜注目銘柄＞＝ヒロセ電、４期ぶり最高益へ増額期待も - みんかぶ,https://news.google.com/rss/articles/CBMiRkFVX3lxTE9GWkgyUnFvbmw3QU80ck9HSExzVDc0WXY2ZG1EajA4My16RnpLX1pyMWt1ZjJRT2hoZXRFYnJxNDZnT3BPSGc?oc=5,,,
2026-06-22,決算 上方修正,株探,フジクラ、今期経常を45％上方修正・最高益予想を上乗せ - 株探,https://news.google.com/rss/articles/CBMiUkFVX3lxTE5NT3RkQXVoMDJTRjM5RTJlQlR2YkU5VVlXR0tsT2h2cHpfT1hDUE52N3Jvcm9VTHRpRV9YQ3poc1BKZy1EMUh0ZFF3b1VPaXp0Z2c?oc=5,,,
2026-06-22,決算 上方修正,Yahoo!ファイナンス,北川精機---ストップ高、業績・配当予想を上方修正(フィスコ) - Yahoo!ファイナンス,https://news.google.com/rss/articles/CBMihwFBVV95cUxPVkZqR012dlpnSjhOV082TGxwR2dOZnV4NFlCR21wRFVZcUsyb1MxV3VTem52UGoyZE40SWR2dVpaZEdIRUdLZVZVRWdIV20yWFJoZ2luMzBXLUFPYWNCdFYwMjg3QkRSZTlwdWpHMFhMb0dxNklCeW5iTTFlQTlzbk1EZkVNSDg?oc=5,,,
2026-06-22,決算 上方修正,ダイヤモンド・オンライン,北川精機---ストップ高、業績・配当予想を上方修正 - ダイヤモンド・オンライン,https://news.google.com/rss/articles/CBMiU0FVX3lxTE80aDVvM3hGenhXdmZrRGZlUnN1NXR5eERJcTZuMkFSYWhEQ3Q1QVpIaGJGWE9icnVBM3RicHdUaFozdVM0bWRZOWdkUUVPcGxZZXJR?oc=5,,,
2026-06-22,決算 上方修正,nomura.co.jp,"2026年末の日本株見通しを日経平均株価60,000円に上方修正 総選挙結果と決算を反映 野村證券ストラテジストが解説 - nomura.co.jp",https://news.google.com/rss/articles/CBMiX0FVX3lxTE5oSWU3ZUtYb2J2YW9yMmlwdDNBbFh2RG1jUldFU0FiSW9EYmhxZEdQeGxFS3gwTDZIWFo4THEzSnpRZVZpWlk1ZlpEN21HNFRuMXRubkhGYjJqYzhka0lv?oc=5,,,
2026-06-22,決算 上方修正,SBI証券,決算発表接近！好決算・上方修正期待のプライム8銘柄 - SBI証券,https://news.google.com/rss/articles/CBMif0FVX3lxTE1QWmxWbVM0UHV0U0JRWWlCNWhGbnp5Ym5ZT1plVmJ0eW9RcmFzZUFCU3pDNWxONF9DM3RBbmZUaTJIaE43ZHRrWjBBbktURkxNNGd6U0NFczBQeHByNzV4YjJiLVpIMXBrNEZSd2hOVUpLSjhGaFBSekxvUWtlc3M?oc=5,,,
2026-06-22,決算 上方修正,マネーポストWEB,《億り人・古賀真人氏が厳選》住友電工だけじゃない！フジクラ上方修正で連れ高期待の「AI特需」3銘柄 電線株だけでなく重電セクターにも強烈な追い風に - マネーポストWEB,https://news.google.com/rss/articles/CBMiR0FVX3lxTE4yaEU2RE5fZ2tIVHhBZUsxMF9WRjRWeVVJakE0bnBDb2tIMXNmMk13VjBYQlcyTTNlSkxoTmtVQkMxZURRWFpJ?oc=5,,,
2026-06-22,決算 上方修正,株探,「電線」が２９位、フジクラの業績上方修正で人気復活機運＜注目テーマ＞ - 株探,https://news.google.com/rss/articles/CBMiYEFVX3lxTFBTUFV1OFFTUUpYMWlWbGFtU1Nja2MweFdiT0djRGx6amhWRV9fZ013QnhRWkVRYTRYNENfVkJzT05OMG1UWjBOQ1V0V0RBVjFsWVBHRTdVQlBRMzZ1dEdoYQ?oc=5,,,
2026-06-22,決算 上方修正,Yahoo!ファイナンス,【決算速報】フジクラ、今期経常を45％上方修正・最高益予想を上乗せ(株探ニュース) - Yahoo!ファイナンス,https://news.google.com/rss/articles/CBMihwFBVV95cUxNWGNfeTVSRFRCY0ZyTWI2VmUtdFFDbXBLMUJBeHowSktub1ByYlpjdEU5THRWaDhEQVVEdGp4SkZQYTIyRmhfNVFLaTkza29hQlVBQ0dDUmZQWlM0Tk9VaDVGNDY2T3lfRk1UTmtDbnZYYThRMl9Idy1KdFNaTUQxNldsS0pNYlE?oc=5,,,
2026-06-22,半導体 関連株,株探,次なる爆騰ルート！ AI半導体相場5合目で仕込む「化学株」特選5 ＜株探トップ特集＞ - 株探,https://news.google.com/rss/articles/CBMiYEFVX3lxTE41TW5xVGlHaTFpZmpLMnFxTGFubkhXeWVnOXZjVUFfZXBEQ002bV8zZDF2OFRZT0trcEV1R0hZaHFMYTBGRXNNWHBxMzg0OC1HcXBsbldaS19lWG1LeS1lZw?oc=5,,,
2026-06-22,半導体 関連株,Reuters,午前の日経平均は続伸、最高値 米半導体株高で関連株上昇 - Reuters,https://news.google.com/rss/articles/CBMigAFBVV95cUxQdEtMUFlENjdIdl9wencxUkNPaHpLa21zaUQ0SUIzMEVJVGZla2JXUW1xeUN4U2FRVXNuckd3c0lJekROZ09YcVJrQ3hKSGhaUDJaYzdJUnpITmsxTlVWSE11RXItaExlRHg0M2JTNDZVem5rQUloN0kyYzZyaTJ6ag?oc=5,,,
2026-06-22,半導体 関連株,日本経済新聞,投信の1年リターン、上位に半導体関連が並ぶ - 日本経済新聞,https://news.google.com/rss/articles/CBMibEFVX3lxTE0tUXc1YUp5UWtmV2MwTHFIQlZvam9Fc1Y5YlRhZ3BwdVJkak9fTGpnWGtrUjd5S0I1cWV0MkRVVnpJbUNYTDNER0dWa3pVdGdKSHJ2NHdqMzk0bVVOSFNZTXN2cE9MdkNKYVkwNg?oc=5,,,
2026-06-22,半導体 関連株,Yahoo!ファイナンス,【杉村富生の短期相場観測】 ─AI・半導体＆DC効果に乗る銘柄群！(株探ニュース) - Yahoo!ファイナンス,https://news.google.com/rss/articles/CBMihwFBVV95cUxQREJXbWZyR01EeEFMcUtaWjZtaGo5TmhGY1FvZV9ackZaaWlKSDctTEJtX1c4QndYdVgwYndoU0pCakZUbUI3bFgzUVVoUlJHRU8yZmhFU1pYcWc1d29MTlo4dXRGaEEzWUphenNHam1fS0Y4TzhfcmIxeFd3NDE3TkZYb0N6ajQ?oc=5,,,
2026-06-22,半導体 関連株,四季報オンライン,出遅れ半導体関連として注目！25日線上を回復した部品株 - 四季報オンライン,https://news.google.com/rss/articles/CBMiV0FVX3lxTFBIT2V6LUNZanMtcnY1ZUtnUS1SaTFzdXFoWGVYc2ZtS1J1Uk9Ka0VidVZQeUNpT1I0ZW93azNVZmIxYXF0RWgzTGxqa3pVUHZWVkZkdHFRZw?oc=5,,,
2026-06-22,半導体 関連株,株探,【村瀬智一が斬る！深層マーケット】AI・半導体関連のローテーションが意識されてくる - 株探,https://news.google.com/rss/articles/CBMiYEFVX3lxTFB4VjBFUkhMd1dMZHlaejBNMElqRHQzbmtlSFNKSC14czlweWh0LWFlUENRaTlGcjF1cHFlMm5mdXByWVViUDBvTUc0NmpwTFIyc29kdkhCZnJfVnZKTmUxcA?oc=5,,,
2026-06-22,半導体 関連株,日本経済新聞,7万円台突入の日本株 米マイクロン決算が試す - 日本経済新聞,https://news.google.com/rss/articles/CBMifkFVX3lxTE5WVVAxQmJCZ0wxU0hlMGx6OGRJaFctRWwxcnd4Vl9teFJybTVzWk5KY2xQWU5WQ3VvZ3E4OWpfM1Zrd3NSWWY0SXZkb0VJbzFnRjdSOUUyMzZmT21HVUhiTFFqOWVLbzkzMldjTG9oQlJIekJrcDNGM2RLdXVGZw?oc=5,,,
2026-06-22,半導体 関連株,株探,有機薬が底値圏から急浮上、ＡＩ半導体製造工程で必須のアミノ酸関連として頭角現す - 株探,https://news.google.com/rss/articles/CBMiUkFVX3lxTE1RWGtnZVlJMzJiTFNxUlhnWUtVX2hFNXlnUGhsUlQ1MnhuY2JtT3FFRzE0clh3ck9nTXQwYWZMblgxVXBUZjJkS0pUbVlLUGJwS1E?oc=5,,,
2026-06-22,AI 関連 日本株,株探,AI関連株物色が続き初の72000円台【クロージング】 - 株探,https://news.google.com/rss/articles/CBMiYEFVX3lxTE4xSjZMd3NVZTBlR3dkWXlPNzd6UHg3TGJDcHprekZDelhvZG82R1JNaFh5WU1KQ0lxOHU0Q3pmZEVrNjBUbDA1SEVZaExUXzVmSEVJYmY1bGhXTTVodGwxVA?oc=5,,,
2026-06-22,AI 関連 日本株,Yahoo!ファイナンス,今週のマーケット：AI株の強気な相場は続騰か、調整か(トウシル) - Yahoo!ファイナンス,https://news.google.com/rss/articles/CBMihwFBVV95cUxPU2txakNNWGJuTWw4UF8xTHpxN3BrbU90clFUMHdfb3pQeHVHMHF2RFZOOVZkYWtyWXo1ZVFnbFFTSk53UGhUSkgwR1hTNHJubUhtaEdsay1vM2t1M09TRUJ3bGhtSnFCSE5XajUyMWNrUUJDaWVqdjdQVVlWNWlra1ZpaUh4X2c?oc=5,,,
2026-06-22,AI 関連 日本株,四季報オンライン,22日午前の日経平均は初の7万2000円台､AI関連が高い - 四季報オンライン,https://news.google.com/rss/articles/CBMiV0FVX3lxTE5uUzhQal9XamZSYTYwdGVmRjhES21HUlFYNDNyaDYzcWhULTZmMldoajFVd25wVmI4aEdBSGxRQi1HdHpGZ1Rlek4zVWNRZlRCaHRpMmxVQQ?oc=5,,,
2026-06-22,AI 関連 日本株,トウシル,今週のマーケット：AI株の強気な相場は続騰か調整か。マイクロン・テクノロジー決算に注目 - トウシル,https://news.google.com/rss/articles/CBMiWkFVX3lxTFBMZjVxb0ZCbkxvWlU0dDhyQXpHWndubjgzMFZpckxJMzduRlFfODIyZmlkMkRMSk1CUm1oVS1lY2NWeFh1SHBkeWRKUEZYWTMyYmt4UlJvZW9ldw?oc=5,,,
2026-06-22,AI 関連 日本株,ダイヤモンド・オンライン,トランプ大統領が爆買い「AI関連10銘柄」と“値上がり益”判明！米政府も株買いなら上昇相場継続シナリオも - ダイヤモンド・オンライン,https://news.google.com/rss/articles/CBMiTEFVX3lxTE1PRGlIWTJFT0lzUEJHRDV5eVNPTE51RkhQbkxmSjVXMXVQenNtMkw3eTJBRkFJYnJPLWpfXy1JNDJFVk9jTWp1RXhzbVU?oc=5,,,
2026-06-22,AI 関連 日本株,nomura.co.jp,日本の「勝ち筋」 100年企業・フィジカルAI・コンテンツで逆風克服へ 野村證券ストラテジストが解説 - nomura.co.jp,https://news.google.com/rss/articles/CBMiX0FVX3lxTE9Ca094cUR1SzdxdTRTLTR1OUk5SjRvT24wLXcwTEllWlNNUWR3RWhCMlFIZzdXelBqcUpNMml5a0VOREVhOU5ld2lkbFVvN2t6SXJud3h2MWd5eVdpb000?oc=5,,,
2026-06-22,AI 関連 日本株,Bloomberg.com,【日本市況】株上昇、AI関連の一角に買い－和平協議への懸念で円軟調 - Bloomberg.com,https://news.google.com/rss/articles/CBMid0FVX3lxTE5yQWRpWTVpbUdjdTduNUVoQklwa3NvcWM1OGFRRERnVFEtQTJrXzl0RXBSOHZEZjZvc2xXaVF4djl1T1IzdElQRlZscEN5cTVVTjdZSjN3R1N2dW9hcndOelYyY2tpZThab1psUEQxN0pJcWJUcTdR?oc=5,,,
2026-06-22,AI 関連 日本株,finance.biggo.jp,日経平均が初の7万2000円台、フィジカルAI関連が牽引 - finance.biggo.jp,https://news.google.com/rss/articles/CBMidEFVX3lxTFBqSERINVpUQU9ETkNfREY5dGk3ZXYwc1ltMDFLdWNIdFluYlRyczdqQjNUTzI4ZGNqbUNFYzZTNU8tbFNMRnItWlBjSndLUWFReTVQanN1dlpEU3BzWUY2bXBCZjZDZkJjRVZwZ0hicEpGbklu?oc=5,,,
2026-06-22,新高値 銘柄,Yahoo!ファイナンス,ETF売買動向＝22日前引け、ＳＭＤトピク、ＧＸクリ日株が新高値(株探ニュース) - Yahoo!ファイナンス,https://news.google.com/rss/articles/CBMihwFBVV95cUxPSmwyalJ6WVRpeGlRbmhGRWhMa3g2RVEyemlOVXNyc202QnRFc2JRbHd5aWJZR3JzUHZZUXRTWlI0ZW9nRHBCYmFKaURaNUM1eG1pUVBPQlBoamw0SFN3VjhObnVvYkVwNGtiRjFNZmVOZ0ZCcVVEWEhxZGJDU3djR2dOVUZsRDA?oc=5,,,
2026-06-22,新高値 銘柄,株探,タムロンは急騰し新高値、２９年１２月期に営業益２５０億円以上を目指す中計目標発表 - 株探,https://news.google.com/rss/articles/CBMiYEFVX3lxTFB1SlZoMzk0b0p1dFRiMGJTWlQ0YzhoN2VadklHV1JUVkNQSXE3SG5iY3hTSzVXWFg2RGlFUjdMeU5Md2JOMmd3SEpfdUxDRlNWdUZFSVhXN2daWnFEaFFFRw?oc=5,,,
2026-06-22,新高値 銘柄,Moomoo,【AIメインテーマ追跡】20銘柄が新高値、相場はさらに上昇へ！ - Moomoo,https://news.google.com/rss/articles/CBMirAFBVV95cUxOVU10Y000dzE5by1kUWU4TGp0QlJLS0pSNEtqaVJNbmV2UDZyeVFaWDBkNnRWYThMVUE5V3hPSEZWckdhaFRoVzhRdG5uYWQtR3VnU2QwWGdKb2dlN0ZIdEhuUGwxTFU4TWhFT09zYXBsdHRpUVoyU0VxcHJjRUltWE1hWjA1ZW5aNk84Zmsyd2ZvQnowdEhfY3luQlN5RWpCaUFqU1VFTHBFVUZi?oc=5,,,
2026-06-22,新高値 銘柄,Yahoo!ファイナンス,ETF売買動向＝19日前引け、ＧＸテック日、ｉシェア４百が新高値(株探ニュース) - Yahoo!ファイナンス,https://news.google.com/rss/articles/CBMihwFBVV95cUxNLUFnalc3cjEtZFVXYlZhbVJlNmZONmpmcXF5SWFfa2ljeUEtWlhsVEF5LVI3NUVtRUVZaGJYYzRLaDAxSk8ySW44Snlac0d6dmlEb0ZEMGFzd3RQdm1ZSy1DRHpHemExNjFTQ2h3T2NoVVlYdlAybG1ja21nMlVhb0VKdmR1YkU?oc=5,,,
2026-06-22,新高値 銘柄,Investing.com - FX | 株式市場 | ファイナンス | 金融ニュース,AIが見抜いていた：+25%超の上昇でなお上昇中、この半導体株は新高値を更新し続けている 執筆 - Investing.com - FX | 株式市場 | ファイナンス | 金融ニュース,https://news.google.com/rss/articles/CBMicEFVX3lxTE1KcHhoNzZvWEJFTXpraGYwSU9RUDA4dVNxMG5MZDM4RmVueGRvY05LeXU4dXJvSWFUYXV2UnF1Y243VVJSQ0w2bDR2NnkyYlpITGFhNXl4dmZZUFJjYmJyTVB2ckdkT3J0WENPb3ViREk?oc=5,,,
2026-06-22,新高値 銘柄,四季報オンライン,新高値投資塾生Rさんが四季報読破で見つけた｢お宝株｣3選 - 四季報オンライン,https://news.google.com/rss/articles/CBMiV0FVX3lxTE93TmtWYUlVQk5wSHpHTnRuWWhkbWg3TzZOc2QyUUJpYm1mMmpGODR2RlVXUUp3dEo0dGMyVjVXMzlXRXFzS3RablZVd1F4ajFUZzQ1cVkxcw?oc=5,,,
2026-06-22,新高値 銘柄,SBI証券,高値更新後の一服場面で強いと期待される中小型株9選 - SBI証券,https://news.google.com/rss/articles/CBMiggFBVV95cUxQTmg1TGNTVWNPWFlJQ0JWZEJ6VDlvTVM0Y3dhTFNDVDFRWDB2Ti1pdnpFUGxYOG1BV25FV25EWVUtS2ZKU29XY0wzV1UxbnJWcTF1bERLYi1KdTZmLWpNZFZ1N2cyYXM5bm9kREsxVnI4MUlDdDRSRHZjekxMVU9FZ2Jn?oc=5,,,
2026-06-22,新高値 銘柄,Moomoo,【AIメインテーマ追跡】5銘柄が新高値、設備材料、新クラウドとARM - Moomoo,https://news.google.com/rss/articles/CBMiwgFBVV95cUxNS1l3R0JCWkktWG9zTFduT3F4UGE2TlZxSTc5TFpNc3ZoV1laeFBzYXZueC1YazROWl9jQVB3OEtEbFcxNVZfODBHUFdoWnNkeFZWUmx5NXhvRF9lYkFCNHdjdm5zbFVPaDNTblRSWG5lN3NWb0ktdWVCSFJQeVh6Q2NwZkQ0dmZPTFZtY0lWUVFaTjgzanN5aFREeXhwZUUxYWI3amROSEhHUk1UM3RPUW9UMEJnNGtUZVcyUjdDeEJjZw?oc=5,,,
2026-06-22,増配 自社株買い,nomura.co.jp,日本企業の自社株買いと配当の増加は続く 低PER銘柄の中での選別は株主還元指標が有効 野村證券・藤直也 - nomura.co.jp,https://news.google.com/rss/articles/CBMiX0FVX3lxTE90Q21FQmYtRWtkeF9iZE5IYktkUXAzSGc5TEZMbFREaEpkTzhKYTFJZlpaeXcyLVRkYjRPWXBVaVJxclFVU3Y1TGNfWmEzS2hqaU5OeHZnWk9pbmYyWXNz?oc=5,,,
2026-06-22,増配 自社株買い,ダイヤモンド・オンライン,【株式投資の落とし穴】「優待・増配・自社株買い」のニュースで飛びついてはいけない理由 - ダイヤモンド・オンライン,https://news.google.com/rss/articles/CBMiTEFVX3lxTE5ibk94UzVIemZHcnQtVUJJTXlnaFM4X01qa0dUZWNWRzA3Ujk0TkZBY1FIbVBQc2RLbm9HZktoWTVfMGRETVR4eTBmdnE?oc=5,,,
2026-06-22,増配 自社株買い,株探,ナ・デックスはカイ気配、２７年４月期営業益予想９７％増で９円増配へ、自社株買いも発表 - 株探,https://news.google.com/rss/articles/CBMiYEFVX3lxTE5XN2VCTFM3UlkyNnFBV1VmYWdMVFRtMm1zNmpQU1FoTG5hMXlubXZPekxEcXhFRkItaFlvSk9KMkFvS2hhVmVoYXo4ZW5QVW9jYjZvUVRzSFFZdXB6N3o5dw?oc=5,,,
2026-06-22,増配 自社株買い,日本経済新聞,東急不動産HD、自社株買いより成長投資優先 株主には増配で還元 - 日本経済新聞,https://news.google.com/rss/articles/CBMibEFVX3lxTE9DZ1F3MU1HMWtTTmNlMzhTUkFfOHFITHhJdEZPcUlQazlfWmFwOGtaZnEzYlpSc3FsU1VOVHo1b1h6OFNMY2dycVNQTzZuZkpIVWtkWUF5RjJNU09PeUFNRjVPc3NQM211OEpHNw?oc=5,,,
2026-06-22,増配 自社株買い,Investing.com - FX | 株式市場 | ファイナンス | 金融ニュース,ファースト・ファーマーズ・ファイナンシャル、増配と自社株買い枠拡大を承認 執筆 - Investing.com - FX | 株式市場 | ファイナンス | 金融ニュース,https://news.google.com/rss/articles/CBMicEFVX3lxTE5lMVoyRlJVdXIyZ2xqT2gwT0RGQ0c0SHJsV1VpdmJfRHgxMnVvOTRkeDJiUTFZS2MtZjI1MndjTTkxd25DalFadkJpaGFpSEhjNkhYczFCSEg2RGVQa05QUm5OLThLZkZmLTUtYUs4OWc?oc=5,,,
2026-06-22,増配 自社株買い,オリコンニュース,【株式投資の落とし穴】「優待・増配・自社株買い」のニュースで飛びついてはいけない理由 - オリコンニュース,https://news.google.com/rss/articles/CBMiU0FVX3lxTFA1ckdEZHhuVkd5OWtFbmdLdnRodjBLczZoN0RNY25KNGdud2xrbW9jUUlQbUZSeXY5NVQ5dWcyMVVJTHpUbHRYenNyZDg3UGNsVHRv?oc=5,,,
2026-06-22,増配 自社株買い,finance.biggo.jp,タムロンが急騰、配当大幅増額と長期目標引き上げ 自社株買いラッシュでＺＯＺＯやホシザキも高い - finance.biggo.jp,https://news.google.com/rss/articles/CBMidEFVX3lxTE1IUS1tcmIxZmV4M1lSY0JiZS1rWll3c1htUS1URkcwUDJWeXp4TnJhT1BuMkp1T0NYRk1abUx6TGpwbEp4WEl5dUJsZ3JkNy1WeG1Zb2NVcDZReFRuLU5ESkRTTWZJcEVsUnQ5WXVCaTVwTXVV?oc=5,,,
2026-06-22,増配 自社株買い,Yahoo!ニュース,【株式投資の落とし穴】「優待・増配・自社株買い」のニュースで飛びついてはいけない理由 (ダイヤモンド・オンライン) - Yahoo!ニュース,https://news.google.com/rss/articles/CBMijgFBVV95cUxOMExkWmpoUFVDM0dqeE81SXJsWDJUVU5xY0FlZlloNzJaczBBZ0dyZndmalNFT2ZEQ0lZQllZYnhZV1dwUzY1d3pCOEl4X3Y4VjNoamlVM25rU0ZfMDVEZ19MRXFxajl4UWxsYjFYOEJORHdxaVFGMzBkckFOSUN6OVp5MktxNkthU0cwODVR?oc=5,,,
2026-06-23,日本株 注目 銘柄,株探,注目銘柄ダイジェスト（前場）:オーケストラ、トーヨーカネツ、トライアイズなど - 株探,https://news.google.com/rss/articles/CBMiYEFVX3lxTE1GR2xiVTFDN2dqdEd0Xy1MajltT0RsQi1reVpudUFNdlFNXzhqcmNOX3ZXVWJ4a0dneVpxRWZDU3F2N1Fva0cyRW5XSzNwWG1feGdUeDNNbUxDamNoUGRMVA?oc=5,,,
2026-06-23,日本株 注目 銘柄,ダイヤモンド・オンライン,【日本株】2026年・夏の「おすすめ優待株」2銘柄！ 人気の化粧品がもらえる｢Aiロボティクス｣、自社グループ商品詰め合わせがもらえる｢キユーピー｣に注目！ - ダイヤモンド・オンライン,https://news.google.com/rss/articles/CBMiU0FVX3lxTE0zRmJ4eFVkRGlSaW9keE9UcmlSdTVWUldETkpoOGtYVkROLWkxS2RWTFktT2wta3BBSl9pYWlHV3p6Q1Yzd2JNa1JRVDlOMDJVOUdv?oc=5,,,
2026-06-23,日本株 注目 銘柄,Yahoo!ファイナンス,テクニカルで選ぶ注目銘柄：ＪＸ金属＝日足一目均衡表の「雲」の上限を突破(ウエルスアドバイザー) - Yahoo!ファイナンス,https://news.google.com/rss/articles/CBMihwFBVV95cUxQZGM2WFVMZUs0RWN0VXliLUx2MHNTbEVIVW5INXRrVXlsNGRLOF9tdlBwSnRiYURyUGlRM0JNUlpWRVFmdGNTdGstb0lsYVVqcm1sZXU5Nk9wWk5nZkdBbjdaZFhlVjZRa1Jid25CQzdTMWVOdl9ITkJkRXNfUzJMNW9IeGI4XzQ?oc=5,,,
2026-06-23,日本株 注目 銘柄,四季報オンライン,スペースX上場で注目､宇宙ビジネス関連の意外株5銘柄 - 四季報オンライン,https://news.google.com/rss/articles/CBMiV0FVX3lxTE5PeHhtemJnWXAwbFVnSDhrUkw3WFBraTZFNGRaOGZhbzc2azlVY3pjV202dEdUV3BtcUswajZyR0IxVE1EWnBuTUhRVjRpcDNDU0E0MDZ6aw?oc=5,,,
2026-06-23,日本株 注目 銘柄,nomura.co.jp,日経平均株価7万円台半ばを意識 大手半導体・電子部品企業向けに納入している企業に注目 野村證券ストラテジストが解説 - nomura.co.jp,https://news.google.com/rss/articles/CBMiX0FVX3lxTE5tSjBwWTMxVXRNMWJla1NGUzdBM3lpdjhsUUk5WFVZUWZZOXJZak96TnpnSU9kdVZiMjZ4dWdDMmVaRW5qSGs3QkdxR3lBZ3g1VVczc3BreXRtdElsemV3?oc=5,,,
2026-06-23,日本株 注目 銘柄,株探,HPCシステムズ、AIRMAN◆今日のフィスコ注目銘柄◆ - 株探,https://news.google.com/rss/articles/CBMiYEFVX3lxTFBwd1JUQjlKNjhDV0hLZEdTbjh3eHlqQjhuSXdGMVEtX3BtSlNWM01xSzBUR1hDSTdnNkk1eFpTbTF5NkJGREFIOVZicXdIVnZDNUpZUWxrUVh5VE0xN3RreQ?oc=5,,,
2026-06-23,決算 上方修正,Yahoo!ファイナンス,フジクラ---大幅続伸、業績上方修正をきっかけとした株価反発が続く(フィスコ) - Yahoo!ファイナンス,https://news.google.com/rss/articles/CBMihwFBVV95cUxPUG9qTUl3c3RJYWlNekZEQmlLcl9adVlvQXFNNkVudFdicDBsZkh4SHYwemxGSVBnZndZZlFLSTNzNkVteTNSbWNvQ3VLYW1JMmExSVdPcDBVYk9zRkd4RktzSTluVWRSRXlLOU5hVmRicnRNOTUtRWhpcTlLZ2FDNmg2ZXpxYU0?oc=5,,,
2026-06-23,決算 上方修正,株探,★本日の【サプライズ決算】速報 (06月19日) - 株探,https://news.google.com/rss/articles/CBMiYEFVX3lxTE8ySzk1SkdHcnRvcFhHZWdwUGc1RkJqaWZtejBsYklVdENNZm94SXZLTmNzVGVYd29HWk1xUjBNMFhzbWpwVlVmQjR4eW0xM0FTSl9iV3JlSUo5bjZrRFNfMQ?oc=5,,,
2026-06-23,決算 上方修正,株探,トライアイズ、今期最終を49％上方修正 - 株探,https://news.google.com/rss/articles/CBMiUkFVX3lxTE52LWR4T2lvcTkyRE82VmxaVHdKWk16eXhLU1BreDBSOEdWYUFlcnQ5b0h0UlNRXzNXRDRHLTkyT1hPel9tLWFRWUplSkIxeFdBckE?oc=5,,,
2026-06-23,決算 上方修正,Yahoo!ファイナンス,【決算速報】トライアイズ、今期最終を49％上方修正(株探ニュース) - Yahoo!ファイナンス,https://news.google.com/rss/articles/CBMihwFBVV95cUxNN0t0cUxGaXdrX0J2czNSazdoN2k1OGxtMHg4MkRtMVJtOTktUDFLUmFJMGpadE9hZml0R3pUYnNaV09DQTVSYk9hM1dyNEl6TXhvQkVnNFVkcmlLUXJyWEwyNngyX2lWVnlxYkl6d2owRzU0SUxnZHAwM3JTYlZ5MVNwZm1SZDQ?oc=5,,,
2026-06-23,決算 上方修正,Yahoo!ファイナンス,今週の上期【業績上方修正】銘柄一覧 (6/15～6/19 発表分)(株探ニュース) - Yahoo!ファイナンス,https://news.google.com/rss/articles/CBMihwFBVV95cUxOd2h4UVhiVDJqemJWM2ZoT3luZEJFQVlkNENUaEhSMElUY1FJMlVkbllMUlNjQ0c3WnVMREl1aUVfbWcycDc2OE5NQXRwQlBvZUVoXzlDMGRmNFBCTTZtdU9OT0dvMV9tXzlHWEIzQ1lxRFVsSjhhUGVVa1NLWlZ4WDlQaDk3RlU?oc=5,,,
2026-06-23,半導体 関連株,Yahoo!ニュース,日経平均は続伸で寄り付く、半導体関連株しっかり 足元は一進一退（ロイター） - Yahoo!ニュース,https://news.google.com/rss/articles/CBMif0FVX3lxTFBiTWFoRGU4dC05N3JHb0MtVWJwLTRSZDh2OXBJZWVIajhUMUxtY0dYQXRsN1U2dHEzQ3lrdG5FZ29HWGJIX0czU1c0bnppNGljMjZBb2QxaTk4aVZmQ1hmMHoySkRvbzBCSDBCeGhJNUVOS242eEQtUGtaODZOM1U?oc=5,,,
2026-06-23,半導体 関連株,みんかぶ,東エレクなど半導体製造装置関連が上値指向継続、決算発表目前の米マイクロンの上昇受け強気優勢◇ - みんかぶ,https://news.google.com/rss/articles/CBMiRkFVX3lxTE9hQktoZkNhNlpjZ1pSYmZFZVJ5dmhCNlo3WjcwcDh3aWtBbFFVSDBWbUdYMUFJYzNzUU9ScE9kMEJSOTJBRkE?oc=5,,,
2026-06-23,半導体 関連株,株探,「半導体」が２位にランクイン、米マイクロン決算に世界の耳目集まる＜注目テーマ＞ - 株探,https://news.google.com/rss/articles/CBMiYEFVX3lxTFBxek9GZXFhQ1dsdFczalRVNlI5cmlfTlBuWm44NUY0Y3J0czB0ajJTTlNRRnhFWUEwZnJ0RS1kWHpxRVl5bXphRHp3YV9uRE94T05OLUN5MlBZa0dHWEJ4Qg?oc=5,,,
2026-06-23,半導体 関連株,Yahoo!ファイナンス,アドバンテスト－新高値 SOX指数が2％高 半導体製造装置関連に買い(トレーダーズ・ウェブ) - Yahoo!ファイナンス,https://news.google.com/rss/articles/CBMihwFBVV95cUxPRmQxTlBfVFZtRmlXeHpLU2twYmp3MWpqSENodGFkdnplVmhWU1lpd09EWWhMU21BMENTZXViVzYwMlFPcjRQTmQwSnBVSXZtc19LNFdqYVlRWE9iOHY0eWJmNjRBT05McE0tYXcxWHVGdDBPS1JCNEJXYkpvWGItcFFGSy1sSzQ?oc=5,,,
2026-06-23,半導体 関連株,株探,ＡＤＥＫＡが５連騰、高純度半導体材料や半導体リソグラフィ材料好調で収益飛躍期へ - 株探,https://news.google.com/rss/articles/CBMiYEFVX3lxTFBJQV8xcnNuR3I4VGl4VUd0UWt5dk9oeFFKSTI2M3ZqSmdPT0p3akdfSnBCZ2lhRzZpaUlYLUFST0NwSGc5Y3dwMkNPT2pLT2w3OXdrcVlQWmtuMzJ3NnczVQ?oc=5,,,
2026-06-23,AI 関連 日本株,日本経済新聞,「AI関連」が上位独占 2026年に株価上昇したスタンダード上場企業 - 日本経済新聞,https://news.google.com/rss/articles/CBMibEFVX3lxTFBTWmNWUGdoaFV1cnlfaDRvMThCc1dGUTl5RDBRVjZMOThJRXd4T2RaeHpkLTcydmNoWWEzLTVienBoeERFX1lNc195S1Z3dWstbThTN3NwZUljMVNRQ0pIclB3emczR2pBYXgtWQ?oc=5,,,
2026-06-23,AI 関連 日本株,Reuters,午前の日経平均は反落、過熱感でＡＩ関連株売られる 一時900円超安 - Reuters,https://news.google.com/rss/articles/CBMigAFBVV95cUxOa3gzT2JoNm9QV2pEZ2R0RUpqQW9hNk9tTGs1Y3RUeHc4N3NDeGlTVTFGNlRHcjMxVEdWLUJYOTd0MFhyUkxydFpaZ3U5TVFBQlY4Q0tPcEpzT3FrTU0tOXdjVnhHc2Qya0ktV3V3WkM5U09tRFFadWtjdXlMX2dTTQ?oc=5,,,
2026-06-23,AI 関連 日本株,株探,ソフトバンクＧ---大幅反落、AI関連軟調地合いの中でアーム株安も重し - 株探,https://news.google.com/rss/articles/CBMiYEFVX3lxTE56YncwWGVrcTJraVdRRzdsZTQ5RjBFSzFUU3VVVHg5d25acGFRVmljbmE0LXZyZ1g2elQ5d1ZQRmM2bFhNSG9TWjE5WVJfMktyYWJyVzd0b1hjRnktMUVtWg?oc=5,,,
2026-06-23,AI 関連 日本株,四季報オンライン,23日の日経平均は2500円安で7万円割れ､AI関連株に売り - 四季報オンライン,https://news.google.com/rss/articles/CBMiV0FVX3lxTE5rdVVsS3FmMmxUOUQ4eURBMTBQcXRaM3hkS3U3T1hIdGZQNVh0ZWp1ZU0zQkJMb0ltcGZSQ1M3TnV5ZHl2S1Bxc1JOMHdWak1yU1h1Q0hXVQ?oc=5,,,
2026-06-23,AI 関連 日本株,スマートニュース,「AI関連株」は危ない? 熱狂相場の裏でバフェットが静かに「日本企業」の株を買い続けたワケ - スマートニュース,https://news.google.com/rss/articles/CBMi4gRBVV95cUxOODItdS1Cd1hVMTNJZ3Nya0RkODh3RGljLWdTa2otNGptMG9Ydkx4Vkt6aXhUREFMbUk0Y01rVjlSQUVXOHRoZFBGMm9vemp1S1FIOWIwTW1GbjVfNTNOQW1XQXpSQUZ4eFlwYjJNcnkyRVVRRDBFd0xWM3VwS3FTYUw1M0ZOd18wRG8xQlFXU3R2N1ZvQlhhbDVYY3ZHM0h1ZnNJN0VHc2EzM3ZpMElhYmpDZ3ZyZ2pUc0JzZ1ZwZGlQa3owQWE5LWFiNDVSSUVGVngwWTV2RXVWNjhWSl9RTWNGVDg0TGZKNktuM0dzOEYzN3BiMGFLY056eTBwM2RTNmttZUlhaklOaWV6OE1YMHJGSm5vVWUwWFp6SG9mV29LdkhLYXpyQk8yZ1VqOWxtTU1KZzVTcHFndC0tWHRQR250dXFWanhuOEc4aWMwaEVyU0F4QmsxOE4wcl8xS0tlVzhYZWhPblVGbE9rWVdwc3RORFhtSF9Nd3BlbVRfbWtBYzBPMGJ1ZnphLXhUaGsxTnNpMGZZenkyTURpY3pvYW5aR3NwY0lTNjVDUkw5LWR6dzQwaGkzYVFMeHhNZWxSSnh3SUF6Y2g1V2UtUHZsLVVIdHd0MzRTMm1hNEtyenlvMnF0MUlFUDlJWXdQNDhkaVE1aUtieGxuazZidG03dWdoZklNMFkzV3YzXzVUNnMzUV82TW8yaDJSYllKMG4xdVVQZVdQeDRzRFY0TENpdEJmZ0hmUDZlSEdWRWJ3c2RyeVdiemRhRjNIY284OF9ET1dxODVVaXE1UWFsbFVVSUJB?oc=5,,,
2026-06-23,AI 関連 日本株,nomura.co.jp,"日経平均株価、史上初の65,000円台 AI相場のすそ野が広がっている 野村證券・大坂隼矢 - nomura.co.jp",https://news.google.com/rss/articles/CBMiX0FVX3lxTFA0d25PYlU1V2w5OVpnR3NpRmhEZmJCajBaM1FSRFBFeHpFaWxQYTFFLTlwcHRLb1kyQTc4bzdicHNrdFpKeWkzQ1VNckpwRS01Vk5GbmRwZzRiNDhOWlpF?oc=5,,,
2026-06-23,AI 関連 日本株,みんかぶ,AI関連株への利食い売りが膨らみ70000円の大台割れ【クロージング】 投稿日時： 2026/06/23 17:04[フィスコ] - みんかぶ,https://news.google.com/rss/articles/CBMiRkFVX3lxTE5fai12bTNfcGpnNGhNYzREYWt5VEpTWk5GZWdjVF9BbWQ5WldyaVRvZ0NLd0tFanRBeW1CUXVCN3ctZXJ4Y3c?oc=5,,,
2026-06-23,AI 関連 日本株,ニューズウィーク日本版,午前の日経平均は反落、過熱感でＡＩ関連株売られる 一時900円超安 - ニューズウィーク日本版,https://news.google.com/rss/articles/CBMiWkFVX3lxTE5Ha3ZtX3k3eVM3VnZCT0V2S0pDYk9DM3Y0aGdpcW1OSkstX0JkeEFKVjZjZjEzaXZLMmp6cktPd2MyaVhaSk5zek54eEtvM3N6RUNTQm9xc0NNQQ?oc=5,,,
2026-06-23,新高値 銘柄,Yahoo!ファイナンス,ETF売買動向＝23日前引け、ＧＸ半導日株、ｉＦ４百が新高値(株探ニュース) - Yahoo!ファイナンス,https://news.google.com/rss/articles/CBMihwFBVV95cUxPX2tvSzBIbzhiLTdXQ0s2MG9SNzdoNUJZOGJvMGUxSE9kTm1fTU82cWRUZUVKd0UwcGxjak51bFdOazFFY3F5aWxDSHFFd0RlMVFOaWRUUi05d1gtcXAwVW1DVWdraGt0UzZycVIzckF0OGlRdnRtM0Q3Rzl4dENnZG54cFd0dUk?oc=5,,,
2026-06-23,増配 自社株買い,Yahoo!ファイナンス,自社株買い5.8%発表が刺激、株主還元強化テーマが再燃【今日の市場はどう動いた？】 - Yahoo!ファイナンス,https://news.google.com/rss/articles/CBMiZEFVX3lxTE1FUGk2cU9TREhHcjdzUzNZeEhUcndnVlVOUTNMZkVtLXBPSENSWmwwOTJpWjR2bWNTM2hoM3dvN0JMSmdnNjVHel9tN2c5V0R4RmFoa0xYM3F4MHI3QjZGQ0I3bzI?oc=5,,,
2026-06-23,増配 自社株買い,finance.biggo.jp,オーケストラが17円増配、エアウォータにオアシス出資——6月23日注目銘柄の好材料一覧 - finance.biggo.jp,https://news.google.com/rss/articles/CBMidEFVX3lxTE5XZnF3TW5IRjRDNkltQ0d6dHpFdy1QLU9HeEE1ZE0tclIzZ0FWYV9SY2NkWWJjX3k0WkVzNWpyRGdtRUtQbUw0Tlh5UE5yaEhxM2xkZlNWelpiQnZUNFRUNXR1OUVDb3BPelZQZ1Z4cmVTQ3Ux?oc=5,,,
2026-06-23,増配 自社株買い,note,「増配」と「自社株買い」、株主にとって得なのはどっち？還元100%時代の正しい受け取り方 - note,https://news.google.com/rss/articles/CBMiW0FVX3lxTFA2TTZFN3JmeEpTVmIxcURVYzFkNF9oUHhRUmpVN0FGOXpGOXA2S2I5R1ZHUjhueHJpdWRHbUxaTkRYNHhCMk9xem56eEk3Z29pakFPUFJmSERlZlk?oc=5,,,
2026-06-23,好決算 株価,Yahoo!ファイナンス,本日注目すべき【好決算】銘柄 オーケストラ (22日引け後 発表分)(株探ニュース) - Yahoo!ファイナンス,https://news.google.com/rss/articles/CBMihwFBVV95cUxOQXBVYk9CRW4zLWQ1Nlphc3B6eGNrZzl6OWtqbVNzRHJHTEpxeVFTeWNUODdER00zSWgtNE95alpBYjVzTy0wQW9mWW9zNnFkbVp2dko3U0dFR052RU1LZDdCQ01OcFA3Ykl2bVJnSkFKM05CSlpJelZfMkdwb2Y5UjNRNS1fX1U?oc=5,,,
2026-06-23,好決算 株価,ig.com,日経平均株価見通し：過熱感で上昇一服、マイクロン決算と米PCE見極め 調整売り警戒 - ig.com,https://news.google.com/rss/articles/CBMisgFBVV95cUxNTm1CTDN6ajdhVG56SFhXbHg5eXFPWnJmS1FLVWtWdTh6cVdySEZ6U3lpQTRnTnVqOVdhRFp4MUNrMHNjcjFWcVJQM3VDUl93NzFPVDJNbnllbDJfWlFqSWRZOXp2UTBwbkMtZmlJWFp1ajZBNEZveF9xMzZ3eGpnU1FxQ3FhejlBVjQ0LXBZUndpaVZldVV5eFpfTFRpM3NTd0dvcnd2RHdRZ0FiZFdGbXZn?oc=5,,,
2026-06-23,好決算 株価,Forbes JAPAN,株価774.6％高のマイクロン、好業績を握る「たった1つの数字」 - Forbes JAPAN,https://news.google.com/rss/articles/CBMiWEFVX3lxTE9jQ2l2YnFsem9wUmhPZGY2NkY1WndRWmFhbUNNZkFBTlVmTXQtVzJFZWpyRzFyWjVjRFRYWVRUX3NhTjJudEVpRFVCRlFZQVRZZHliMko2TkU?oc=5,,,
2026-06-23,好決算 株価,SBI証券,連休明けの主役は？好業績期待銘柄6選 - SBI証券,https://news.google.com/rss/articles/CBMif0FVX3lxTE9yWTJYTkZDc3JfSDRQM3dCT2JoT0JBN2QyNk5XYUdHTFVGX3NiOXE3NGZGckZOOGh3TktoVGRVUFRGMGVKQVJ2Rm9sYktISk1JanVaUEt6QTZwcWNFak9wTlc3dzF6V053QWRfcFhFeFN0REwybzVIYnIzZ1hXM1U?oc=5,,,
2026-06-23,好決算 株価,nomura.co.jp,エヌビディア、好決算でも時間外で株価下落 米国株式市場への影響と今後の注目点 野村證券・村山誠 - nomura.co.jp,https://news.google.com/rss/articles/CBMiX0FVX3lxTE10cmxxcW5VZjhJSlEzd19oS0RPaXVtTFFZZGNhQ2syQ3FaT0dPbkNQdmpaSUoyR0RvaDJDUjVIdXRVakdIZkYyOVBUOG9DTkJmdzVPb0ZxX0NYM0QwQmVV?oc=5,,,
2026-06-23,好決算 株価,株探,本日注目すべき【好決算】銘柄 ｃｏｔｔａ、ＨＥＲＯＺ (8日引け後 発表分) - 株探,https://news.google.com/rss/articles/CBMiYEFVX3lxTE5IWUZjem1rRWtJaTBkenZ4RG03ZGZaSDRsb3M5SzNZUEJIaG10alc5TjEzYUVQNDMweGk2WlJERGFUUG5CZWM0aTQtTnNTbjR6U3BzQXlZRGQ0NVk0UlB3Rw?oc=5,,,
2026-06-23,好決算 株価,マネクリ,【米国株】中東情勢緩和と好決算で最高値更新、中長期視点での強気のシグナルとは？ - マネクリ,https://news.google.com/rss/articles/CBMiVEFVX3lxTE9iSnpWaU9nNHpHMFk3VTUwR2o0VmRSM0c1UzZjVTVJWEtlUDRweEZ2VTRNNnpPZUlYalNncHlYLUZ0allPU05UNllSdjVfcUVRdFVNSdIBV0FVX3lxTE45MUNlendhdWhmUklfOS1SYXZ3Zjh4bU54QkJvQk9GSlB3eUZUYllpd1Z4THNsWjNueUw0bkhEeTRsSEhOcnRyVVMtbXE5RnRoRU5UYkl6VQ?oc=5,,,
2026-06-24,日本株 注目 銘柄,株探,注目銘柄ダイジェスト（前場）:パナHD、カドカワ、インフォメティスなど - 株探,https://news.google.com/rss/articles/CBMiYEFVX3lxTE9FV1NZaXh5SEpFX3lmeU5kTHhTc2UzbFNfbUhaSy1XLTkwOUFEZnNVUXU1bjhCd2FhSU42ZVZWb2RBYkd2NVNITTZOeWt5djJTT3pROVBJODFaMzBvSmJDaQ?oc=5,,,
2026-06-24,日本株 注目 銘柄,ダイヤモンド・オンライン,【日本株】2026年・夏の「おすすめ大型株」2銘柄！ がん治療薬の売上が大幅に伸びる｢アステラス製薬｣、業績好調で株主還元にも積極的な｢伊藤忠商事｣に注目 - ダイヤモンド・オンライン,https://news.google.com/rss/articles/CBMiU0FVX3lxTE0zQkx6S0NfSUtPMUVCeTdxZnFpZ3ZiTUFKQlFqdVJ1YU8tVmRET2hjRlQwT3ktMVFxaEliTm5UOFQxS3VkSHVJSm9Ta1dkTkMxSlFz?oc=5,,,
2026-06-24,日本株 注目 銘柄,Yahoo!ファイナンス,テクニカルで選ぶ注目銘柄：ニチレイ＝５日線を上回る、週足でも１３週・２６週の両移動平均線の上位を維持 - Yahoo!ファイナンス,https://news.google.com/rss/articles/CBMihwFBVV95cUxPSUp5eU9nSGN5eE15bXhfeGV0U0Q1TEI1bkFCa01XSUlkUjRFVGo4ODlMZXMtMEZqM244cnROY2dOc3p2MU1lcWIwQ3RNSGVyUWNvQUdQWmN2aXFsdjhwSmdwMTlaNF9nWG5ldUI0Y1Bwd0M4SFRCV0dQaUdqcVA0MXJiTkdER0k?oc=5,,,
2026-06-24,日本株 注目 銘柄,みんかぶ,＜注目銘柄＞＝Ｊエレベータ、保守契約台数増とリニューアル需要で業績拡大続く - みんかぶ,https://news.google.com/rss/articles/CBMiSEFVX3lxTFBIN3hlQUNLRnVWT00wcnVVNmk5QVFKZUwtZFdZUXZ2TUIxY29tQXlHbFRZaElPb3U5aWtjaTdnWUxWbnRrTjc3Ug?oc=5,,,
2026-06-24,日本株 注目 銘柄,株探,サンリオ、FFRI◆今日のフィスコ注目銘柄◆ - 株探,https://news.google.com/rss/articles/CBMiYEFVX3lxTFBiZ0p5LUs4dmFKbjktenlGVVhiUFZWSmpTdC1CVXZKZ0l0STlwT1ZQdzIyNjd0ZE82aE5RdnBnRzM2aWllUm9ZdG5lTG9neVZFYzNIZlpkTjMwdW4xb0tPdA?oc=5,,,
2026-06-24,日本株 注目 銘柄,Yahoo!ファイナンス,【本日のおすすめ銘柄】日本調理機、1株を4株に分割(フィスコ) - Yahoo!ファイナンス,https://news.google.com/rss/articles/CBMihwFBVV95cUxONjlkcXQ3eWppWUtpME12eDZVbl9Fajlubkt0Nl91djhFejAwVk45X0IxV2xoMlRhb3VYQ25sVlpBbGlWTGpSX1paNkwtamhGbTUxNFNKY0x4VHVjYm1rdW9wZXc5OXM2RWJuQkZJRkVuTE13cngzOFMzU1JVcE5fMzBfcDNDbGs?oc=5,,,
2026-06-24,決算 上方修正,Yahoo!ニュース,フジクラの“劇的な上方修正”は他銘柄にも波及必至か 直近の「ハイパースケーラーの投資急拡大」が確認され、最大手・住友電工の強力な追い風に《億り人・古賀真人氏が解説》（マネーポストWEB） - Yahoo!ニュース,https://news.google.com/rss/articles/CBMif0FVX3lxTE4wWElaanRYVi1oUmE0MWg1UmljNUFxR0p3bE00T3M5OFRSWldLNll3emVObjFQOEZ1ejdsWUo4OTNySmYybDFNNE5NTkszZzQyS3lfdkxZN1dWQ05BQV9JMFZyRVAwYW5Nd3BCUmRQYUpDODBlaXBsVnVob2wwR2c?oc=5,,,
2026-06-24,決算 上方修正,SBI証券,決算発表シーズン到来！上方修正期待銘柄10選 - SBI証券,https://news.google.com/rss/articles/CBMif0FVX3lxTE5IS1dPWUlhdGF3T0xMVnpuZnlCekpDaWRjM3hEMFh0Y2Y3ZGIxT3JzWWU0ZTc4OUo1SXR0Sm5ScFU1dTlPVVVzSTRYcjJ4UlVHSG01bDlDREZrOUxra1JKUExhdm43YVlSWFQtV2U3N2t2MVN4WjNlWUx1SE9nQ2M?oc=5,,,
2026-06-24,半導体 関連株,Yahoo!ファイナンス,【↓】日経平均 大引け｜ 続落、半導体関連株中心にリスク回避の売り優勢 (6月24日)(株探ニュース) - Yahoo!ファイナンス,https://news.google.com/rss/articles/CBMihwFBVV95cUxPNXJPOGk3Y2l6MlZhODFPNkpuelllY1E2WHV1dkw2aEJRQkUwbDBxcmNfTzh4Z0UzRWFzdk9jeXV1X0xkRjZSaDZHWUdGUkRzcXdEcm44d3hxcUpiRjZqVnJtZ2VSUVBtZFlhNGJ2c3A2eHNsVXV4RHlDd203b05pYUc3TEUxdUU?oc=5,,,
2026-06-24,半導体 関連株,株探,「化学」が１７位にランク、半導体関連株人気が波及し脚光＜注目テーマ＞ - 株探,https://news.google.com/rss/articles/CBMiYEFVX3lxTFBocGY2c0w0emkxcFRxQjBuZExGQjBIWFZfLWdjWG4wT09Pc2oxYXBqb3NkandTV1JwWmJsS25uNVFORW9NRUwwa0V3QWhmTjAyVFcwVmFlMk4xRXFWeHNaVA?oc=5,,,
2026-06-24,半導体 関連株,四季報オンライン,海外投資家比率が急増！まだまだ値頃感ある半導体関連株 - 四季報オンライン,https://news.google.com/rss/articles/CBMiV0FVX3lxTE9VSk1PQWlGRVNJbUxqUlpvbjJxdGVXTVpMTTlXcVhkRUI3Q0c5SkdHVnhCeEhmSGR6WTV6NmZscFY3YkxlbWdYRXQ1dURSWXNDQ3dNeFBYQQ?oc=5,,,
2026-06-24,半導体 関連株,Yahoo!ファイナンス,東京エレク---大幅続落、SOX指数大幅下落で国内半導体関連も売り優勢(フィスコ) - Yahoo!ファイナンス,https://news.google.com/rss/articles/CBMihwFBVV95cUxNRm9lZi1OV0x4SWtXWFZDeW42RXpfM2lKYzlCdUhqUExOa1VNV05Nc2F2aGlJVkRlVDRLZ1B5bU9vNEVVUng5NUE0Q1VFR0Mtc3JiUUwzOEdVdExwVmFXemJ2OENSWi1vSjRlZXNmM19sSlRMZzJiUEFxakRzRkVBMHpxVTNFRnc?oc=5,,,
2026-06-24,半導体 関連株,株探,有機薬が底値圏から急浮上、ＡＩ半導体製造工程で必須のアミノ酸関連として頭角現す - 株探,https://news.google.com/rss/articles/CBMiYEFVX3lxTE5kR3E5M3dyVjZCVktJVzNmaklnZ3BUejNVNWFZbUlEdThYOEFXcmlVZVJjXzJOUFdObTViX3B2WGZkWGpaQnNJaHR1X0gwQmFyS0tYcF93ZGNkYXpiSWNPTQ?oc=5,,,
2026-06-24,半導体 関連株,マネクリ,（朝）米国市場は3指数揃って下落　アジアの半導体株下落が波及し売り優勢の展開 - マネクリ,https://news.google.com/rss/articles/CBMiVEFVX3lxTE90blFQRXJVamFOMEMxRTBKbklZSFZsUmtNV19KR3Z1X3lUUXdsaXI5NG5CWGRlcExVS2JBNWRydF9LWVNDZGo3UU1GUzd1RUFXbURjQdIBV0FVX3lxTE82YzR6amRHY25OZlJKQ1czQ2dENFdQQ3BWX0wyeVdGaHVvaWo5TUJFRUNHMmhQUXNxcmw5b1BUYi1Ca1JUUmxPQVNTNnVfalZTYlEyZk9xZw?oc=5,,,
2026-06-24,AI 関連 日本株,四季報オンライン,24日の日本株は続落､AI･半導体関連の一角に売り - 四季報オンライン,https://news.google.com/rss/articles/CBMiV0FVX3lxTE94T0k3cG5YMnBhV1NiUjllMU1hWWpuYU9CSlhPQkdZMC1fTlhIbHJOSGNVTUFYV2Q4YkFHWHZMaGVGRlFqbC05TEhjRU9oLWVCSkxnQk9zTQ?oc=5,,,
2026-06-24,AI 関連 日本株,Bloomberg.com,BofA証も年末目標引き上げ、AI関連需要の拡大で広がる日本株強気論 - Bloomberg.com,https://news.google.com/rss/articles/CBMijgFBVV95cUxPS3pHalR3ZC1heFkySm0zQjFQNmJubFQ1VHpOVkFYQ2FIMkZmM3R6enhFbDRCRklBbUZtTl9TVGF6N3BGbXRxZlRmc0dBN1hnTkxQSVVoVFBoY1RlbldjTy0zZ2ZoREZsTXJNSmNFRHozTkdFWUxhM2R6UFdOQ2JxdzRkbmJCaDE5aEJVYkJB?oc=5,,,
2026-06-24,AI 関連 日本株,朝日新聞,日経平均、一時1300円超安の6万8400円台 AI関連株に売り - 朝日新聞,https://news.google.com/rss/articles/CBMiZ0FVX3lxTE9IU3YtbWJDb2VGXzNyTTlicGNFMTdZX2FzQUdveDRKdmZ4R19TZ3k3bHZZeC1rUWFtSzBjZi1nUkxNQlhHUTJwa3hKVEtIOUdXeFpxVFh2NHJ1VEw1Uk1TeUtFZG5uWlE?oc=5,,,
2026-06-24,AI 関連 日本株,Yahoo!ニュース,BofA証も年末目標引き上げ、AI関連需要の拡大で広がる日本株強気論（Bloomberg） - Yahoo!ニュース,https://news.google.com/rss/articles/CBMif0FVX3lxTFBfNmtoV2ZtaFNBNmxmM2NCeHRBa0ExbjQwclpwSGQzN2w2R0VENGdzZmxYUl9fY3RKTUF5VlpOaTZuLVdzVzJVeVlxeWRTbUlxcmFuTDlJY1hrZzdMTFpRWWtMeWY2bG81c0JaTENwSGRfaWNma3NwUmNCUXlWRnc?oc=5,,,
2026-06-24,AI 関連 日本株,株探,AI関連株中心に売り継続か／日経225・本日の想定レンジ - 株探,https://news.google.com/rss/articles/CBMiYEFVX3lxTE5peVVGM09QTjF4ak94c3B1SG9BTkRmOWtvOEZzLUNqR3VXUXZrVGtPNzBOZUZwaWZ0THhwWXRJMlNwOUpjd3o3ZUF0U0w2UzRZZDkxX3p1czdzMHQwRnBMZA?oc=5,,,
2026-06-24,AI 関連 日本株,SBI証券,半導体・AI関連「次の主役」を探る!? - SBI証券,https://news.google.com/rss/articles/CBMif0FVX3lxTE9wQVQ5TERXTFJrdnVwOE9HN2ljTERvb0ZmcTE5S1J3Smp3dEpXUG9yM19ldW9EbHBfYkJOWlc3MjFHZlRrSDNSMTV1WFN4RzFQX2ozX19fdnlnZDhOWnd5dUs2WHNxQTFzV1RiT1lSTV83RDF2Vk5fLTVROE1EalU?oc=5,,,
2026-06-24,新高値 銘柄,Yahoo!ファイナンス,ETF売買動向＝24日前引け、ｉＦ米債７無、ｉＳ米リートが新高値(株探ニュース) - Yahoo!ファイナンス,https://news.google.com/rss/articles/CBMihwFBVV95cUxNWVJ1aGtqLThESGF5NGcxb2EwSVRubHJSVExFdkNBTkZSNmtzZTh6cWJyb081WV9NRzU4RjNqX1VPWEdoWi0zNFcyY3pwaGVCNGo1LXUxZEpHcXlQX2Ixd2RidE9wbWFtVS0tY0ppYjdwYXJUOE44YUV4Um14YWtDdlp3bUFrZW8?oc=5,,,
2026-06-24,新高値 銘柄,Yahoo!ファイナンス,【ゲームエンタメ株前場(6/24)】新作事前登録のcoly新高値 ファンド追加取得思惑でKADOKAWA反発 目標株価引き下げネクソン新安値(gamebiz) - Yahoo!ファイナンス,https://news.google.com/rss/articles/CBMihwFBVV95cUxOeGQ4YXJJUUppcDhQVU9PQm9sbHJXV21QMVRDWFZBTmRkYTBWejR0OERjazBKbnNSaXF4LXBHLXB6WlQ1RnZaR3JHa1EwTl81SXZLU1BfeDFoM3lrcUNNMWpTTEwtUlZVMU1EZ0VWRWI5dzh4dnFvN0l3NncwUFB1MkxMd2I5ODA?oc=5,,,
2026-06-24,新高値 銘柄,株探,ノリタケがＳ高で一気に新高値、ＭＬＣＣ向け材料に着目の資金流入が加速 - 株探,https://news.google.com/rss/articles/CBMiYEFVX3lxTE1WMFRiekFwTGEtU0VVNVZ6ekZRYUJvM2hsdFNzUk1mUFNWcFBocXkwU09qZDEwT1ltWGhZTzJGWkdPQ1RGZmkxcmg0dnMyNDZvV2lPbkptTHY2S3JJcU16WQ?oc=5,,,
2026-06-24,増配 自社株買い,finance.biggo.jp,トヨカネツが20億円の自社株買い、オーケストラは記念配で大幅増配 - finance.biggo.jp,https://news.google.com/rss/articles/CBMidEFVX3lxTE1JME1VdlloeGhvdHRvRTRBeUROMl9HSTVSSE16Mnl0d1d2RDlvQW5mTWRISk5tWVBZSHFIRy1Wd2trQVRvQXlJVE53VGJ5X1NBSDQ1WXphZ1FzUkV2Wnl6M2VOZ0RKUVkwWnZFZVJLVDFkRE9Q?oc=5,,,
2026-06-24,増配 自社株買い,finance.biggo.jp,TOKAIホールディングス、株主還元を大幅強化 配当性向45%以上、自社株買い100億円超 - finance.biggo.jp,https://news.google.com/rss/articles/CBMidEFVX3lxTE9laGFoLXRCQjRSZnNKMm1uRmxIcEI1elRxdU1VbXB4ampPaU1vVTlSMlFKbU1nZzRZX01SbzBvb01tZWpHQ2JmTTZpUDRfdUE2X1BxWlFkNEdwY0hGWjlMTXBGWnBXWkhfci1tV0laMnl3LThm?oc=5,,,
2026-06-24,増配 自社株買い,ダイヤモンド・オンライン,「増配」と「自社株買い」が明暗を分ける、長期で勝つ銘柄の見抜き方【バフェット入門 応用・探し方編：その2】 - ダイヤモンド・オンライン,https://news.google.com/rss/articles/CBMiTEFVX3lxTE9uVXdoRjJfMjVlN2wxTFNxcG56VVpzR1h3ZFRuTFR4SndaUTZ3T1B6dEdxZE9Fb0xoRTFzNERJXzk5N1lrNDRMRnVIMGfSAU9BVV95cUxNRVJIWXlON2JoSWFMR2JfVUlpTU1MY29TRTAzYkl5WTVFWGt0OTB1X0xFQXozQW1feHY5UlhhMnFoNFVzcGhfbnBsMFZsZ3V3?oc=5,,,
2026-06-24,好決算 株価,Yahoo!ファイナンス,本日注目すべき【好決算】銘柄 サンリオ (23日引け後 発表分)(株探ニュース) - Yahoo!ファイナンス,https://news.google.com/rss/articles/CBMihwFBVV95cUxPaFh6cXhzbVh2Q1JGUTdyOUJuRWViSHkyeXJERk5WbGYtZ25HR1FJZDlZOXdCblJSN29sMjk1NFdsVVB6SmRFYnl6YURLS3VhU2ZaWFZkNHZscG4zY2ZOYzlseDRIaGtYaDRJYzN6cGR1eHlpU0FZTXFwNmtaRHhHMUpIQmJiNkE?oc=5,,,
2026-06-24,好決算 株価,ig.com,米国株、マイクロン決算を警戒 S&P500急落 原油安は見通しに好材料 - ig.com,https://news.google.com/rss/articles/CBMipwFBVV95cUxOZkZqYmR1Njh3Nnp3MC1KVVAtSTBJWUpZNWk2aDRpeWw0NXVwMTJ0LVJtT1lDeHpuNGpiMlRzWk14SGVLUWIwRl9zUzF2bkpmYVVRZ3NVR1RQUlVyM0lNeVFqUjQwV3B2RUpwdGk1R01LVTVmU0RjOW9UeWlQSEs2ZHJKTnZXT3dWTEtpbTlZeUlLM0FnQUhITG5ja0hZTEhWUGpJanp1MA?oc=5,,,
2026-06-24,好決算 株価,株探,本日注目すべき【好決算】銘柄 オーケストラ (22日引け後 発表分) - 株探,https://news.google.com/rss/articles/CBMiYEFVX3lxTFBpV25aYm1QVU82dDB3WjBXVDJHUVhSVVROYkhhZHNVVko2YlI5ZngyamJlLU91c1RRd1JjNGM2RzRjNHppRkp3MXVHTERoQkVGVnZGNjVKX0c1d1Y3b0h4RQ?oc=5,,,
2026-06-24,好決算 株価,Investing.com - FX | 株式市場 | ファイナンス | 金融ニュース,カーニバル株、好決算も軟調ガイダンスで急落 執筆 - Investing.com - FX | 株式市場 | ファイナンス | 金融ニュース,https://news.google.com/rss/articles/CBMicEFVX3lxTE4tQ2xTUEFPcXVfc3BNdy1tYVhBYml6azRkZGxReFBhZFRfRjJWQ2xPejhKb0ppZVZaOWx3dU10ZVdoTWpWbUo5YnVxQkVoMzZ1eFZPdldBNFNEQ25KWlNTd2hUclpuQWNzX2lDRVBPZzM?oc=5,,,
2026-06-24,好決算 株価,みんかぶ FX/為替,アジア株上値重い 半導体バブルに警戒感 米マイクロン決算に身構える市場 - みんかぶ FX/為替,https://news.google.com/rss/articles/CBMiSEFVX3lxTE1Qdl9STFhqakpGTDRvMFlDaXVLRzdPcVhhaUdVdG5UVFJxdzZTT2RCTlpOVmVsNTVVUVN1Q2NwM0Zra0NFZXZTaw?oc=5,,,
2026-06-25,日本株 注目 銘柄,株探,注目銘柄ダイジェスト（前場）:牧野フライス、ポラリスHD、東京きらぼしなど - 株探,https://news.google.com/rss/articles/CBMiYEFVX3lxTFBocV9QVC1HTkNEMWNTM1U5WEpHNi11ZGNqMXBSWk9NajJFRGo4RFFURnAzVmNaM0NNNFZUUjlpYUowOFZURnNzZ0xjVTI2T0wzamFzNFBKV1ltek1LeENCTg?oc=5,,,
2026-06-25,日本株 注目 銘柄,四季報オンライン,AIと半導体以外！近年のIPO銘柄で再び注目したい｢2銘柄｣ - 四季報オンライン,https://news.google.com/rss/articles/CBMiV0FVX3lxTE9kcHZibVhhQzRFNmwyZzB0TUxQT0dLT3pIeWY2UE5lLTVwbVluUTZaV0gxZmZ2N0YxbWNIUkZCdnIyQUlXcTdCaEpJRDNDNnNKRmtaX1ZjTQ?oc=5,,,
2026-06-25,日本株 注目 銘柄,Yahoo!ファイナンス,テクニカルで選ぶ注目銘柄：武田＝２５日線を突破、５日線と２５日線のミニＧＣが形成寸前(ウエルスアドバイザー) - Yahoo!ファイナンス,https://news.google.com/rss/articles/CBMihwFBVV95cUxPVHpJUDFwWUdWaU1ZUG1kOWNVNVJJbDJuSERzTThlNkQya3VNeG96RVo5OXBTQnZCeUdtSE1nTzRqYUprWWNHYUdYSTA1UFhBeFZNSUpjTmdTa0VsT2lLSXVLbWRiZ1hnQTNZYW5HNDFKRV9rVTRrOU1sajZ5eXhwNUNNU3g5Tms?oc=5,,,
2026-06-25,日本株 注目 銘柄,日本経済新聞,ソニーG、AIによる業績影響は限定的か スポーツテックにも注目 - 日本経済新聞,https://news.google.com/rss/articles/CBMifkFVX3lxTE1ERmxtbmxLLTlsTjA0bDVneUJtd0tiTW1zX244OVJtSEpOSmV3VTRydWNfZGxxUVJMY01PdmItRDZRMVNMM0dEZHJuczhzSDJWeXZJa3F6SGhhZFlPcTAwemtCc3ZEaThsZ3ZPNTZ5bm9RNEdqc3JNM1J1Wml3Zw?oc=5,,,
2026-06-25,日本株 注目 銘柄,四季報オンライン,AI･半導体株が調整する今こそ注目したい出遅れAI関連銘柄 - 四季報オンライン,https://news.google.com/rss/articles/CBMiV0FVX3lxTFBuaVJjcjc1RU5WSUg0bDlNQ3N1d1R3dUZONEJvbEJaTHo3UThLTm9KbEJqR2w1TVJ2Y2lad0xWLXpHeF9odGtIWjBaeHlqNTJFWERpMHJsRQ?oc=5,,,
2026-06-25,日本株 注目 銘柄,株探,キオクシアＨＤ、マイクロニクス◆今日のフィスコ注目銘柄◆ - 株探,https://news.google.com/rss/articles/CBMiYEFVX3lxTE43UWk1MHpwZ2xqcjJwOEU3WFJUVTBVWV81cDhxQ0ZubkowbFhhd0xoRXVrZG0yR0tCMUsxRTlIejUydzZxczVla0Y1NktGYzg0YWRMWWk0RHR5Zkx3WGJNMQ?oc=5,,,
2026-06-25,決算 上方修正,Yahoo!ファイナンス,【決算速報】スターシーズ、今期経常を22％上方修正・最高益予想を上乗せ(株探ニュース) - Yahoo!ファイナンス,https://news.google.com/rss/articles/CBMihwFBVV95cUxPSml2bDFCSFpFVEx6M1FqQk5IVENjVzcwb284ZnRaTTd0UmlnMUUtdmxQcEE2eW9iLTZCYlducmw1aUFIMlpCVXlhelIxZjlDZE9INy1IYzU0emdZUklKWG1CQlluRS1LUUN6dzVDcnRMbFNhWUhpNWxMMzJlLWRQZDNYTlNFWUU?oc=5,,,
2026-06-25,決算 上方修正,株探,スターシーズ、今期経常を22％上方修正・最高益予想を上乗せ - 株探,https://news.google.com/rss/articles/CBMiUkFVX3lxTE9KaG9abFVycXR1eWdVT2RRZEcwcDBBUTlrd0d6ZFd0WEtsWGdsVlRES2lraDVqSEtlY0EyZy1EMzlOWTBhSHdWdC1lSzl1YnBxOHc?oc=5,,,
2026-06-25,決算 上方修正,株探,セレス、今期最終を一転2.4倍増益に上方修正・5期ぶり最高益、配当も30円増額 - 株探,https://news.google.com/rss/articles/CBMiUkFVX3lxTFB1MTlRakNXallaeXRaMk8xY1BuX2JVd1B1ZExvRzVCT3g1bHh6Q1lKLXlzS21rMzlFeExYWlVhNE94c0d1ajJ3SjI4Sll5R3JXNWc?oc=5,,,
2026-06-25,決算 上方修正,Moomoo,マイクロンの業績は大幅上方修正。メモリサイクルは転換点を迎えた - Moomoo,https://news.google.com/rss/articles/CBMirAFBVV95cUxQeko4V2tDM2NVaUx6UTdkYmpxVEF3Uk0xbmlvMlZYMWJRT2Q2cW9BekdMbVBNdFl0YUdoZXFEZlNla1BoT19ldXdYRHZXZ0dzalJ6ZGprZXpOcEQ2RTRQS3hiVm5SdnFjT2dPYTJsNWV4c0RIWm02U0pvenphVWNlUWdZUm1qSmd4ZWRQVzZSYnQzeWU4M0pScnhIaW0zN29HWkhJV1g3cmZxRFRX?oc=5,,,
2026-06-25,決算 上方修正,Yahoo!ファイナンス,【決算速報】セレス、今期最終を一転2.4倍増益に上方修正・5期ぶり最高益、配当も30円増額(株探ニュース) - Yahoo!ファイナンス,https://news.google.com/rss/articles/CBMihwFBVV95cUxPUjFPN2pZd3ZQNW1MSnZpQ1kwQ0w5a2tPbVZzaXIyMUlfMHh6ay1LVUFPYkVsU3hmM3F5dTljLTFoOV9fZEF4S0JodE9heXNxR3J4VG5xd2NUOXdLRWtWVXBER3ppTGxGaWozU2ljN1M4dFVDTktvQy1sRHhzcl95emZFX21SZTQ?oc=5,,,
2026-06-25,決算 上方修正,Moomoo,トヨタ中間決算、北米赤字拡大も上方修正！株価の行方は？ - Moomoo,https://news.google.com/rss/articles/CBMivgFBVV95cUxPNzdIM3IwTG1zemhsSnYtMUtmSHFJa18weEhxUmJpcWI0d3E3SUNBS1pKNW1mQ010clhINjJHYlNZVU5EZDdLTUlkUk9KS3kyMzh1NllyZ3pKZkpoUHB4amxnVHBWcDlJRUxnWFVmR0RBSHRRZThYVTJjRlRyZkUxQXRqOThFUnBWOUR2NDdFLTNZenEtclc0aGxJX0dqbERsdDZlYk1Ea0cxMmtxWmJzWm14OEUxV0wyaE5ETFVR?oc=5,,,
2026-06-25,半導体 関連株,みんかぶ FX/為替,ダウ平均は反発 メモリー半導体関連の上値は重い＝米国株概況 - みんかぶ FX/為替,https://news.google.com/rss/articles/CBMiSEFVX3lxTE9zSVVuUFVXV3VfcDJ4eElyd0pjNEltVUx5VmJGRk5WMlJ6Q1R1aU01S0pSQm1nRERsUWZ0TjJzUUFYWGdoM1gwdg?oc=5,,,
2026-06-25,半導体 関連株,Yahoo!ファイナンス,【↑】日経平均 大引け｜ 急反発、半導体関連が買われ最高値更新 (6月25日)(株探ニュース) - Yahoo!ファイナンス,https://news.google.com/rss/articles/CBMihwFBVV95cUxQQ2dmNjkydUtXRHhJYklpeVBTUlRubjBMeDc2Z1A3WmRMdWk4UjI0Qkw3YWJ4QUZkQlBsdDJBdG03ZnBkSHJkQUY1aGxsTlhlSzQ4RUlrYWVfYVZyOUpid3dQVU16NUhsQ20tOFRINEpGYUZDdGhQbGgyWFYxam9uODhadVJfSVU?oc=5,,,
2026-06-25,半導体 関連株,第一ライフ資産運用経済研究所,台湾のデータが教えてくれる半導体株 | 藤代 宏一 | 第一ライフ資産運用経済研究所 - 第一ライフ資産運用経済研究所,https://news.google.com/rss/articles/CBMiW0FVX3lxTE1XQnR1eWQ5X2RnVnp6ZGNiWHZic0hScjBrM2lNbUg4aDA5YXdUNDViaHpsNWxwOF9oZVp6bGx2SkUwRnpyYUdteXc5Zi1GQWNad195Rkg2bkhXMmM?oc=5,,,
2026-06-25,半導体 関連株,北海道新聞デジタル,東証終値、613円安 半導体関連銘柄などに売り続出 - 北海道新聞デジタル,https://news.google.com/rss/articles/CBMiWkFVX3lxTE16OUd2ZWJzaWpKOEJrdmh0bzAxMDhzMzFfZGFZYkhBM3RBOFRMQldta3BKaTN5SUtxLTItQjUzZEp2RnVsVXBucU8tcW5KRFJPSUJ0MW5zV0pDQQ?oc=5,,,
2026-06-25,AI 関連 日本株,株探,米マイクロンの好決算を受けAI関連株に買い先行へ／日経225・本日の想定レンジ - 株探,https://news.google.com/rss/articles/CBMiYEFVX3lxTE5IRUZady1lQURVVVJRWUNwcHpaLW5kMFdGN3QzRGxaZDdqbTA3TFZVY2xESWR3UTh5VmVTLTgzWnpEb3FaWGlMV3VGODhVS2ZHaGlTT0xjWHNpamUtR0ZRRw?oc=5,,,
2026-06-25,AI 関連 日本株,Yahoo!ファイナンス,シリコンスタジオ－ストップ買い気配 フィジカルAI関連の小型株に資金流入 ＲＳＣもストップ高(トレーダーズ・ウェブ) - Yahoo!ファイナンス,https://news.google.com/rss/articles/CBMihwFBVV95cUxOM2VBdHZWWko0TklseVdYVS10eXJhaEFiWHZJR1VzZmF3aUIyRWxvdldpZGtpQ08zdFdjUnpvWVJQWGVMN0dvV3lfTzF1Ni1adl9uQWtYMWphZF85ZDlEYjBuN1BVbUhHdkhVZndLdkdMak50S29GX09NdmwyMU5acktDeHhlcDg?oc=5,,,
2026-06-25,AI 関連 日本株,ダイヤモンド・オンライン,日本株はAI一強から「AI＋景気敏感株」けん引へ、銀行・機械が下期相場の第2の柱に浮上 - ダイヤモンド・オンライン,https://news.google.com/rss/articles/CBMiTEFVX3lxTE9kbGNUNHpMaWFLdlpKU1YteGV0Z3RKUkI1bnRjV2VqZ2FUaFlmeG4yUDl0cmlzUVRJRlFWNnZ6NUZQemhtc0piV1VBLUPSAU9BVV95cUxPcVFqQWo2dWdtVC1WZ2RBeGllODFkRVlndWtqY05XWUFqTjVGMXpZV05oVVdSek9xaGlUMm00MWVKcHM1MWlYUFNfRWNOa1VN?oc=5,,,
2026-06-25,AI 関連 日本株,nomura.co.jp,年初から日経平均株価7万円までの上がった銘柄下がった銘柄 上半期の振り返りと下半期の投資テーマを展望 野村證券・大坂隼矢 | NOMURA ウェルスタイル – 野村の投資＆マネーライフ - nomura.co.jp,https://news.google.com/rss/articles/CBMiX0FVX3lxTE55SEMxR2J2S3BjRnR6NE8tdWVLal9MRVFFNmRyRERlTHdBYkNMdVM0TDdPU1JYWTQ3X1BaT3o3U2NzRkZlMFdmamUwdHoxellEOXlWQ3dLbEFjbEk4dGI0?oc=5,,,
2026-06-25,AI 関連 日本株,Bloomberg,BofA証も年末目標引き上げ、AI関連需要の拡大で広がる日本株強気論 - Bloomberg,https://news.google.com/rss/articles/CBMid0FVX3lxTE16UW5DSi1QWkNYQjRHYW56OVFCaGZ2MGFJakZjOFZpWVJQelhfYzl0Q0ZUcmRIX3hWM0RPWThCTjQ4RnUwVERQeGlLbTgwcTBEblVaMVhvMUZmY0pva09ncDdBOXZGc0xhQTNnbTVQdktMYjRqT0Zr?oc=5,,,
2026-06-25,新高値 銘柄,Yahoo!ファイナンス,ETF売買動向＝25日前引け、ＭＸＮＹダウ、野村外リートが新高値(株探ニュース) - Yahoo!ファイナンス,https://news.google.com/rss/articles/CBMihwFBVV95cUxQVS15b2QxZE16RlZMQVBJeHJ5bTdYWjNTV2pWRWpKLVNDNnowcEZISVZpNERIT3Y1Mjh1aXlUcHA4bC0tbTZlc1Vyc2l1MlFBd0NMTjhXQmhMODQ4cEFuYW1VR3RSbTY3UFE2VTc2d0FqQ2Nfek93MFRja04wSzZneU9jWDIyUk0?oc=5,,,
2026-06-25,新高値 銘柄,Moomoo,【AIメインテーマ追跡】支出が苦しい、値上げが新高値 - Moomoo,https://news.google.com/rss/articles/CBMivwFBVV95cUxQVVF6dlBObnBrUVNqWEdRSWNMRjN4WkNWcGNKR19QSFliU1lxdFFMckV6S0RSNWJGWnNaLV9aZjc4NVZsR25ycVhwNVJ4U3NXYU9xMHI1N1pvTHF5Q0FodFoyWDhNcFFrRGRkZmJuMlo5NF9NNVk3azJEQllxSmdFQS1RY3l3aElQYzF4UEdZSmswZ1Z4YlNFVUc2XzVjcDBXaUVSZWFmY3VRSTg2Uk5LZ05DNW44ekJfM2E5b0NhMA?oc=5,,,
2026-06-25,新高値 銘柄,Moomoo,【注目銘柄】ヤック・テクノロジーが新高値更新！深港通（深圳・香港ストックコネクト）と機関投資家は一斉に売却 - Moomoo,https://news.google.com/rss/articles/CBMiV0FVX3lxTE5kVmFpaXhsYjZPSXVNSFJES3FyYW5jZDJUQ2dnQVQxaXZ5Z0l4a1hTUnltbWVLSDVVelBFT2xtYVY2Y1k5UXJQWUVHNU5pdHBmYWF4YUlpSQ?oc=5,,,
2026-06-25,増配 自社株買い,Investing.com - FX | 株式市場 | ファイナンス | 金融ニュース,モルガン・スタンレー、配当15%増配と200億ドルの自社株買いを発表 執筆 - Investing.com - FX | 株式市場 | ファイナンス | 金融ニュース,https://news.google.com/rss/articles/CBMicEFVX3lxTE1pQjVjV1lDbE5SaUFOQ2dUNHg1aGwzM0RxSHJmNU4xdkpoQ2FnTEVvVmUycHJKWkZSSFFmSTNmbnh1dFJ4U2tXbkVmM1dCRklLQzBxU1dLMlBfNVRUOFR6TndCVXB6SFA1Z01MT1g5RVY?oc=5,,,
2026-06-25,増配 自社株買い,株探,小田急は急伸、増配・自社株買いなど株主還元強化を評価 - 株探,https://news.google.com/rss/articles/CBMiYEFVX3lxTFBEaTNfRDVsYnhJeGhvRXRhcjMzSGpSOTJ6UFEyWndKTktNTVl0Q0dONGx3TTNtS3hyalJpZTNpelJJb0xhMU9UVF8zZVhWMGVfMVVJMTFjbjFtdWhWdlUzZg?oc=5,,,
2026-06-25,増配 自社株買い,みんかぶ,ナ・デックスはカイ気配、２７年４月期営業益予想９７％増で９円増配へ、自社株買いも発表 - みんかぶ,https://news.google.com/rss/articles/CBMiRkFVX3lxTE1JdWdjWlZKRkF6SFhjLUFDMHEwV3hXSnZJX3FTbVRLRTRVcDlTQTVYbmw5RUIzcjc2X042ZVpkSks1WlBhYUE?oc=5,,,
2026-06-25,好決算 株価,日本経済新聞,日経平均株価、米マイクロンの好決算が追い風（先読み株式相場） - 日本経済新聞,https://news.google.com/rss/articles/CBMibEFVX3lxTFA1YUwtMTRsRGl4UVp2WVZ2NkMtbTlOMjZfZmQ2aUVobHVIX0VjOHRLdVNVaklteUFPRXctNXJEWVFPckRhR3Q1RXhPMWE2a2JadWk0OHo3WDJmT0J0eTVKUE1LUG12NlJTTjJyUw?oc=5,,,
2026-06-25,好決算 株価,時事ドットコム,東京株、一時２０００円超高 米半導体の好業績で - 時事ドットコム,https://news.google.com/rss/articles/CBMiY0FVX3lxTE1tYlozTlF2SjNJck4ydUtvQ1llcHIyOTEwS0l0TURQWDliQnl0a05wUzA3TlV1Q0RvMUk0Zk9TNmhkNDlQN3Z1Q25TdTJfNGpadkJjVFFIRUxxb1lUbG52U2UwYw?oc=5,,,
2026-06-25,好決算 株価,Bloomberg,日本市場、マイクロン好決算で株反発へ－ドル高で円は軟調推移 - Bloomberg,https://news.google.com/rss/articles/CBMid0FVX3lxTE1pY0prY2hadVNPMy11c0o5ZTN0eGZ0YURqNFJOWnFvSXp2UW12dE1XWTBEQXlhaXM0OTJSNHNLT1Z1ZzBwcUhORG84dzdwOEFzVmlPSHRoZ3pTd1JsNVlZM0QxczJfdG5YeUp5bmhERTNsaDVTNl84?oc=5,,,
2026-06-25,好決算 株価,株探,キオクシア---大幅続伸、マイクロンが想定以上の好決算発表し時間外で急伸 - 株探,https://news.google.com/rss/articles/CBMiYEFVX3lxTE1wWXpoZGVNTVQ0UTdsZWNIRWJjUTkzX2pKaktSZzJRMkE0elVOMFJXNGhDWFhKVXZjdE5sN1NwWkJTNF94LWJQaGFmTHdLV0YzUGJjalJyOElIdjdjeEFWMw?oc=5,,,
2026-06-25,好決算 株価,Reuters,今日の株式見通し＝反発へ、米マイクロン好決算や原油安が追い風 - Reuters,https://news.google.com/rss/articles/CBMigAFBVV95cUxNcDZYU1ZvRzl6LXJIMVZHbERuQ080U1h2UlZFeFQ0amt6SHZwaThaN05RcFRGVGl0eWhDdVZPQWtxZTdsNmFKOVN2LWZETjcyU0tjZGQ2SnBGMjZCc3pwM196Q3l4MFE0UzlXVi1Odk56YmZlT2JDZEd0UkREV3dwTQ?oc=5,,,
2026-06-25,好決算 株価,Yahoo!ファイナンス,米マイクロンの好決算を受けAI関連株に買い先行へ／日経225・本日の想定レンジ(フィスコ) - Yahoo!ファイナンス,https://news.google.com/rss/articles/CBMihwFBVV95cUxOTGpzbHJNQXVCeVdVMDB3RmQzbm1WUXZMNkgxLXlBcWEzbDNDM19mbmZ2RTdGaW9XZnJkcDg2MmNoVEJ3cVo5bXlIdFhrVWRBSkpfN3NfWmdMSEprZ0tYMWxiV3FCNWN3alJYcEhBTVpDNG1jM2VmZHAwdk0taTJfQjg4M2p3QkU?oc=5,,,
2026-06-25,好決算 株価,日経CNBC online,日経平均終値 3日ぶりに最高値更新 3191円高の7万2366円 歴代4位の上げ幅 米マイクロンの好決算で半導体関連株高 - 日経CNBC online,https://news.google.com/rss/articles/CBMiVEFVX3lxTE04d3l2Rzg3TXBMM0wweVdoQm1PTFFObEY0cmhRR0xsVjh6b25sdEZBdkN0LVZITGlRX1dMcVZVMGY3OGVZV01xczFwcmphcG11VHBGeg?oc=5,,,
2026-06-25,好決算 株価,kabushiki.jp,日経平均は２６７９円高で７万２０００円接近、米マイクロン好決算に韓・台株の上昇も支え＝２５日前場 速報 - kabushiki.jp,https://news.google.com/rss/articles/CBMiR0FVX3lxTE9hZWxia1g3bGV1UEYtVjNvVEVVVUIxYXpmUUlYMkhUbDh4TG04c1pGTlp4ODNIQnZYNXFYeTRIbkNEd3hBOUVj?oc=5,,,
2026-06-26,日本株 注目 銘柄,SBI証券,〈2026年5月〉株主優待 新設・拡充61社！銘柄表と注目2銘柄 - SBI証券,https://news.google.com/rss/articles/CBMif0FVX3lxTFBvMFZOMUpmSTJLTFZLdm8waFp5VjgzaEREc0ZjLVFZVHl4VlBUdF9TZm9tUy02WTlMX1pJUGFlSjVDRzBRdlhIZV9WSDBBMXBqcGR0clNNZnctS1VkMXZzVWJreG11ekFaamR5ZlNXcVhKemFvYzkzbWFQcDNvUDA?oc=5,,,
2026-06-26,日本株 注目 銘柄,株探,本日注目の【自社株買い】銘柄 (25日大引け後 発表分) - 株探,https://news.google.com/rss/articles/CBMiYEFVX3lxTE1qRzhrUmVvNEhBeFJ5Rmk1VHp2VWpXVUkyaTduQVFFb0Z2YWthaC1yUjBTNEdLbVBmZmVTbmlXcVpTQVhCX3Y0NWdNZmJ0aTFjZXFxUVRqTjNvOHMxR202Rg?oc=5,,,
2026-06-26,日本株 注目 銘柄,Yahoo!ファイナンス,テクニカルで選ぶ注目銘柄：花王＝ストキャスティクスが好転する中、５日線を上回る(ウエルスアドバイザー) - Yahoo!ファイナンス,https://news.google.com/rss/articles/CBMihwFBVV95cUxPNTM0RUhteVpodUxpX0dSYlpKU2pwUkNPaVBwQmtMT0kzRHo2eGxwVW5sUTN1RzBsNnR0OVhkVnk1cnRWN0pOQXc5am1mTW5hLWZDUjM2cHFtVWlnOFBOMzJSRmVRajE5bDMwd0JRbGFPc0MzWXFtbi02eWp3aEpwLWJyeWdwOUE?oc=5,,,
2026-06-26,日本株 注目 銘柄,日本経済新聞,雪印メグミルクやブロンコビリー 「あと一歩」銘柄に注目 ヴェリタスEYE（6月24日） - 日本経済新聞,https://news.google.com/rss/articles/CBMifkFVX3lxTFBZelVkU0FETGtRZkttdHg3X05jQXUtb2xkSWttazBIU29oTTlVUVd6a3MtUlctQ18zUUtnOU1XVjNONXN2RUtFOFZrVHJoLUkxR3J3bUs2alJaOFpwSHQ0dm1Cdzg2eDNleFpQUUpDdEhTUkdaWkxOQVd2Q3BhUQ?oc=5,,,
2026-06-26,日本株 注目 銘柄,トウシル,日経平均：今こそ注目の「割安銘柄トップ15」（西 勇太郎） - トウシル,https://news.google.com/rss/articles/CBMiWkFVX3lxTE1NOVY3NkFWQU9paUd3a0FTQ29zVlBvSktKV0RkWWp4ajB6dWozOGpxUlNjU1ZCbUdJYVV1Tm9KckduYzJtb0ZFNlM0UlJUa0ZkY2RDTEpSTFBLdw?oc=5,,,
2026-06-26,日本株 注目 銘柄,ダイヤモンド・オンライン,「Jリート」のおすすめ2銘柄を紹介！【2026年･夏】ともに投資判断が“買い”と高評価の｢オリックス不動産投資法人｣｢東急リアル・エステート投資法人｣に注目！ - ダイヤモンド・オンライン,https://news.google.com/rss/articles/CBMiU0FVX3lxTE9pazNlaVNVbi1TVlVQXzBsY0U1OGgyV1lqNGdleGZMUmFvbVlqODlRMHR3eV9sS3pHYmlmMWdWb1NyQnVaNndlYXMwMW9aZnJMdjBB?oc=5,,,
2026-06-26,決算 上方修正,Yahoo!ファイナンス,【決算速報】宮越ＨＤ、今期経常を一転黒字に上方修正(株探ニュース) - Yahoo!ファイナンス,https://news.google.com/rss/articles/CBMihwFBVV95cUxQR0dqS3Rsa0dfVGE5aldMMDBDRlVONmdqLVhJNHNzNjZEdng4LTgxMy0tOUVsR09EelNXRTMzVjFFVVZqY1JqN2p0UVh2QjNsa2NzUmtPZFNHMDZHRkNXWUo2emF3S0N3UHFDRm5iMTNMY0lQQ29nME5TbnJOc3BCVHpoRVAyaFk?oc=5,,,
2026-06-26,決算 上方修正,株探,宮越ＨＤ、今期経常を一転黒字に上方修正 - 株探,https://news.google.com/rss/articles/CBMiUkFVX3lxTE9sb3dubXdOcG5Gd0dkb1Z3T0JRRElGOGs3ZUNNdzZ0WVo3Ym9jUXJwNlRHajJIbFEtUFRWMFVtYmJIMUM0N1BvOHJkc0xROG1jaVE?oc=5,,,
2026-06-26,決算 上方修正,東洋経済オンライン,【フジクラ 株価急反発の背景】急落のショックから一転“逆ショック”／決算後1カ月で業績を上方修正した理由／驚きの業績修正に3つの理由／見通しは以前から保守的？／AIブームの追い風吹くフジクラの収益環境 - 東洋経済オンライン,https://news.google.com/rss/articles/CBMiUkFVX3lxTE4zc1Y1aE5ZVXpKX19sQy1OcHktb3hZYUluX2xteG1PV2tHQ1N0MWMtQ0xtWFVaSnF5YUpuVW5Pa3VWdVhCRlB1NTRaYUdzWnotR0E?oc=5,,,
2026-06-26,決算 上方修正,Yahoo!ファイナンス,【決算速報】ＰｏｗｅｒＸ、今期売上を5％上方修正・最高予想を上乗せ(株探ニュース) - Yahoo!ファイナンス,https://news.google.com/rss/articles/CBMihwFBVV95cUxOZGRESW14bWozSkNKSHRTNGx5VDRiRmVwVm9zLWZGSWU5MHUweGhzVEppMHEzajl3aUVPdEJuOWVMSjJkLTR5aTdETWNrQldCTFk0MVNvWkJXUTFjVzlVdEk4WEZxLUFpMjFYaUJtQkRvNlZGem1fUmp1SGV5eVFrQVRJd2hyQ3c?oc=5,,,
2026-06-26,決算 上方修正,株探,ＰｏｗｅｒＸ、今期売上を5％上方修正・最高予想を上乗せ - 株探,https://news.google.com/rss/articles/CBMiUkFVX3lxTE1xUDZPblpkLXZHa1FTUlUyMWxvS3VfRWhlYi1vMVR5YmFtSS1rRU00YXVxdDhuTWNNNTRNWnFKZjBQc1h6M0dmZVFHNlFiVU5aV3c?oc=5,,,
2026-06-26,半導体 関連株,会社四季報オンライン,26日寄り付き直後の日本株は反落､AI･半導体関連株に売り - 会社四季報オンライン,https://news.google.com/rss/articles/CBMiV0FVX3lxTE1lNDBBMU84cEVfME1QT3VfRGRRT3ZzaUx4eUI3VnB0MHFkQXduVzZSOXRzN1NCb29YajBiU05oRmZFb3ZEWGxqcVM0SnFZTDZmb1RWdWNtUQ?oc=5,,,
2026-06-26,半導体 関連株,Yahoo!ニュース,日本株は反落へ、大幅高の反動でAI・半導体関連に売り（Bloomberg） - Yahoo!ニュース,https://news.google.com/rss/articles/CBMif0FVX3lxTFB1MlJveUItQzI4bElXSUJRZUtmSGFfbjgtOEVkQ3RIWVF5dmNuU290YUI0aWNIa0ltNXlVcW5fSWt4bnllVkNhbGQwdjJPZHo4RC1mZHZid0lCYl9EaTBjaWJqdkgtaG03MDJWZUtlNktIRVczcXpOSVlpeHozRm8?oc=5,,,
2026-06-26,半導体 関連株,日本経済新聞,半導体株、世界で急反発 日経平均、最高値7万2366円 - 日本経済新聞,https://news.google.com/rss/articles/CBMibEFVX3lxTE5adzlEeXA3TFJuU0p6S3dhT1dOZE4wMXFkRUxmTklYb3UtNUtlLU5aR0FmMzk0ZUhZNGdhTXlRdk1udFNSWTQzbWtCTDlDMG1JSWdwNmFaLUdnQkhJUDB6NjdlUVN5T3ctOVFFUw?oc=5,,,
2026-06-26,半導体 関連株,現代ビジネス,"エヌビディアだけが半導体株じゃない…""斜陽産業""がAI需要で一変「メモリ関連銘柄4選」を実名公開 - 現代ビジネス",https://news.google.com/rss/articles/CBMiT0FVX3lxTE1ucnpTNWc4WDhyZXhSMUs3NlVrRUxkMjZ4Nmw3V1hMb1daelllWldPTEg1ZDlCN25KY18zWmpsNFV5c3h1LW9CVFVRSDZENzQ?oc=5,,,
2026-06-26,AI 関連 日本株,株探,前場に注目すべき3つのポイント～半導体やAI関連株の底堅さを見極めながらの押し目狙い～ - 株探,https://news.google.com/rss/articles/CBMiYEFVX3lxTE9Wci12Y1QwT2d0X2FFUElyVWsxd0RMbDlVNEJZSlRRUDNMbkotaXpIQkkxZWVYOXM1SVpNV1NPbjlmWXNsdWJjYk02TlFaMEZpdGpKdkRGYTVzeDNjbXVkVQ?oc=5,,,
2026-06-26,AI 関連 日本株,Reuters,日経平均は大幅反落、一時3700円超安 ＡＩ関連株に売り - Reuters,https://news.google.com/rss/articles/CBMigAFBVV95cUxPY0taTE9PRmtpY1B3RzJ4TjItZVFRNlZmUjdXZ0lFZzJrWk4xdDNqOGt3MVR5OG5ibkE3T0JqMW0xVU4zRDNyS1M2NGNzcWIzYTJjanpDcnVPcUx0YTZsUmVYb1RVbFdSX004Z2t3QjFwRzFjLVBBU3hkb3pmMGtkNQ?oc=5,,,
2026-06-26,AI 関連 日本株,Yahoo!ファイナンス,AI関連に利益確定売り広がり、半導体・電線など周辺セクターへ【今日の市場はどう動いた？】 - Yahoo!ファイナンス,https://news.google.com/rss/articles/CBMiZEFVX3lxTE9NX2tadXczLXJfSVQ5dWpPWV9Fd3pDZ2lFTFA1eFFsOEJFc0xKYlItNks5T3RFTzZIQms5V2w4czRmeTZCR0wtS01YOUFvRm9vNkhjTFlnUWUwc2t3VG1hVHFlZTM?oc=5,,,
2026-06-26,AI 関連 日本株,Bloomberg.com,【日本株週間展望】プラス圏維持、AIに警戒感も国内外の景況感が支え - Bloomberg.com,https://news.google.com/rss/articles/CBMijgFBVV95cUxPclpWMVBhV2hBeFk4Rm1OZVdQMTdDaEk2TUR1RVM1LVJoUm1XMkFhRXB0c3F4dXczSldNaF94MTdaV2sxWG9aTk9vS1FEQUFZemtZOVhldDNDcEdreWxTZ2NhM1RUY3M0YTdmTmRydDJWRGx4RW1sUUpUSE5XdDY2STA1WTBMTk9FeUJXTm53?oc=5,,,
2026-06-26,AI 関連 日本株,ダイヤモンド・オンライン,トランプ大統領が爆買い「AI関連10銘柄」と“値上がり益”判明！米政府も株買いなら上昇相場継続シナリオも - ダイヤモンド・オンライン,https://news.google.com/rss/articles/CBMiTEFVX3lxTE1PRGlIWTJFT0lzUEJHRDV5eVNPTE51RkhQbkxmSjVXMXVQenNtMkw3eTJBRkFJYnJPLWpfXy1JNDJFVk9jTWp1RXhzbVXSAU9BVV95cUxPZHMtSGNDVWdjeVhocVltN0RKeTFzQUlYTWJHOS1LMDNKSjVRbGxYZnpKNVhCRnFXMkU4eGo3WklsdjRPNzhMZURFNFd2UFRJ?oc=5,,,
2026-06-26,新高値 銘柄,Yahoo!ファイナンス,ETF売買動向＝26日前引け、ｉＳＩＧ社債、ｉＳ米リートが新高値(株探ニュース) - Yahoo!ファイナンス,https://news.google.com/rss/articles/CBMihwFBVV95cUxNXzg0c2JYanhOYU5GYXdNdGszWnhuRFV0M3RtQjlrSUVpVzliN2lEMS1GYkxqQnJkdnBsemx5dkVnV2NSN0xOSTRhUFo1UjRGRWRIU2tRcUNIUkVlRmZvRVJFbVFBOTRQY1RzNjlrSlJzSWVrbEh0UlZURlVVNWQ5V3VuQTJZYkU?oc=5,,,
2026-06-26,増配 自社株買い,みんかぶ,ヤマウラ、売上高・経常利益・当期純利益は過去最高を更新 2027年3月期は4年連続増配と上限16億円の自社株買いで還元強化 投稿日時： 2026/06/26 13:00[ログミーファイナンス] - みんかぶ,https://news.google.com/rss/articles/CBMiRkFVX3lxTE9LNFNIeHBJN0lvaEdkd0toZGtUOUZ2YWR6VlhqdzRzWlJIb2dSV2hQb1BnYVJIdHZwMUF3V3JkYkpWbnMtQlE?oc=5,,,
2026-06-26,増配 自社株買い,finance.biggo.jp,JPモルガン株が最高値更新、500億ドルの自社株買いと増配を発表 - finance.biggo.jp,https://news.google.com/rss/articles/CBMidEFVX3lxTE9uaVVUX0VhWnBYeElGU2hhNXZMaEZQM1Z4NkFpX0pBN3NWdWRXR2ZtLW1sZHpSak1zNC1fdVU2alNwV0VwMjhjbkMyMlUyTWZmUm5BX0RfeXE3SU8yc01iZ3padG55YjJzOTlYODQyam9BSUNP?oc=5,,,
2026-06-26,増配 自社株買い,ダイヤモンド・オンライン,【株式投資の落とし穴】「優待・増配・自社株買い」のニュースで飛びついてはいけない理由 - ダイヤモンド・オンライン,https://news.google.com/rss/articles/CBMiTEFVX3lxTE5ibk94UzVIemZHcnQtVUJJTXlnaFM4X01qa0dUZWNWRzA3Ujk0TkZBY1FIbVBQc2RLbm9HZktoWTVfMGRETVR4eTBmdnHSAU9BVV95cUxPd1VjSE1xMEVFWTFrNXhCVmgxOHE4V3pkeW5LNlJvMUlQNkI3djhSMWFrTS14Sk1sQWNCa0xzeVN6aU93T3VvRFZYNFN3RktV?oc=5,,,
2026-06-26,増配 自社株買い,Reuters,米大手32行、深刻な景気後退でも資本要件維持＝ＦＲＢ年次健全性審査 - Reuters,https://news.google.com/rss/articles/CBMigAFBVV95cUxNT1VDcUxwa1gzMG53cG1wMDl3RjhOa0hfNEhDcTlxY0s4X2lENEF3ZjZxUjhiaEoxSXJJNTBsdUptRDVuSTlfMEJRc2RmdnR5bjltVDdVQ1E1NFZISy16RHFUa2FYbFZ0b2xpSjA0YWJHTmZlamE2ejNGaHZYRkJXSw?oc=5,,,
2026-06-26,増配 自社株買い,Bloomberg.com,FRBストレステスト、米大手銀32行全てが通過－自社株買い・増配に道 - Bloomberg.com,https://news.google.com/rss/articles/CBMijgFBVV95cUxNOFMyZnp6cUowMkxETzZFRlNUWlZRcmNOYWVBWk5LaTZLWWUzTHVKeXMtY1dRbl81NlZ6Tm4tajJkMkl1dVd2NEJRZVVWQmtYLUhmWlpXX3lHM3BqZHZ4c25NLV9kakRwTDh2UTJpRVBic21fZzQxazF6VVEyVU9vS3BoWERURzVwQ3d1MzVB?oc=5,,,
2026-06-26,好決算 株価,株探,本日注目すべき【好決算】銘柄 セレス、ＦフォースＧ (25日引け後 発表分) - 株探,https://news.google.com/rss/articles/CBMiYEFVX3lxTE82N2Jydm5uMnlHTVN1a2FsUjBXeTBLbWdmRWZSd2FaSlU5aGJ5a0JXcFlmV09xYkthcXZqOFp0bFloQkhDNlAtdnBCZHRoMWtsbWUzVnhULTJsVjMxRDJldw?oc=5,,,
2026-06-26,好決算 株価,Yahoo!ファイナンス,好決算なのになぜ株価は下がる？投資初心者が陥る罠と「コンセンサス」の基本をプロが徹底解説(LIMO) - Yahoo!ファイナンス,https://news.google.com/rss/articles/CBMihwFBVV95cUxOT2gwaFpFMDJYMHVCWnI2NW5adXFmY3dPM09qcEJNZXZEUWk3ckQtTmxZamRYenFSRnpIVzg3MGthQlptR0RqSnBPZ2M1R1NfcGJ6MFNzbG5oa2w2TW9IT1VaZnBGTFJPOFVCNW43dzB6MERUbkI2VXRDSFozVWlBenB0ZWpBdTQ?oc=5,,,
2026-06-26,好決算 株価,日テレNEWS NNN,日経平均、下げ幅一時3700円超 半導体関連株に売り（2026年6月25日掲載）｜日テレNEWS NNN - 日テレNEWS NNN,https://news.google.com/rss/articles/CBMifEFVX3lxTE9nRTBTZEwyTmhjX3F6eTQtZWNOSndWc0N6VlV6c21UeUdjSG1YYy03ZUQ3aGpsX1g2UEFMNDc4MlhOSTVscDZEZ1pNaGkxc3dJeTB5cEF5WldtdHc2dmg3UElBU0dsakpWdnBHRVRxcjlrUy1vRFN1TlRQYWo?oc=5,,,
2026-06-26,好決算 株価,みんかぶ FX/為替,ダウ平均は上昇 マイクロンの好決算もナスダック下落 資金シフトの動きも＝米国株概況 - - みんかぶ FX/為替,https://news.google.com/rss/articles/CBMiSEFVX3lxTE9DWjNfQlFtTUdtWjNSVEJSZnRkd3BvUDhWdHVxVnVtVW9YS2xKSVdDZzFBaUk5MzRlckZrTkFGZ0x1MTZrb1AtTQ?oc=5,,,
2026-06-26,好決算 株価,日本経済新聞,キオクシア株価大幅続伸 米マイクロンの好決算が追い風 - 日本経済新聞,https://news.google.com/rss/articles/CBMibEFVX3lxTE9lbm5Nam5TR0hqTF9DZkhieWwzNjlXNWxYaEdqeVQwY0laU2F0TWYtNkhLSUNHMkpKZUZGVGFZdGZLbjd4T21iWDl1N3VabVpxUXhYeXVHbndqLXlZZ2JKcXo0QmZrSS1mQkJNZw?oc=5,,,
2026-06-26,好決算 株価,株探,セレブラス、決算を受け大幅安 好決算も高い期待には届かず＝米国株個別 - 株探,https://news.google.com/rss/articles/CBMiYEFVX3lxTE9OaFZNaTJodHE3SkR5R2lzTV9tYVZQdUdCX3EwR0ttejBwZTVOTTZQNlZzMHY3d0tyeDRNYVZONWtodjVyTjFDWVNjbVdJeUpvTWM3WC1raURKREk1NDljUg?oc=5,,,
2026-06-27,日本株 注目 銘柄,トウシル,8月優待人気トップ「イオン」株価急落、「仕込み時」と判断する三つの成長理由（窪田真之） - トウシル,https://news.google.com/rss/articles/CBMiWkFVX3lxTFB1amFxVGdaLWlGUXFwTVZvaE1lWEhiTWtwYUcwTGQxd1ladWFZV1YxZ0kyV3BUQU9YcmlfNVg4bDZNbmUwRmFibzNlSVNUc1Y4ZWozNzFaQ1FCUQ?oc=5,,,
2026-06-27,決算 上方修正,Yahoo!ファイナンス,今週の【決算】見どころ 全チェック！ ＜決算特集＞(株探ニュース) - Yahoo!ファイナンス,https://news.google.com/rss/articles/CBMihwFBVV95cUxNTlpxMDdRVUhsMkRPREU1dk5ESGw1ME5PUDlkajFrR2hacmhGbVZYNm9aOTdpQV9UeFpQZFpUckdfUU5TdWF4UEVwR0drTWl2VTJkNEc3QUQxN1l1TE1uelI0d2pncFBwNTRqajZCX3dkc3VIMUxobjVTUlpFdS1UR3Jic2dubVE?oc=5,,,
2026-06-27,半導体 関連株,日本経済新聞,医薬株に買いサイン点灯 半導体関連からの資金分散の受け皿に - 日本経済新聞,https://news.google.com/rss/articles/CBMibEFVX3lxTE9PbTdiNEVlbi01WWF1dTh4c2hyQnBuaVNWVnBEU3VwbmNDb1JYb0FFR3V3MU4tdG5zcUhhdmdLbEFaSVprc3dYbVJoZDhZaVhDRDBxU2h6UjMtMlZHX0R1aHJTQktmT0U2OE90ZQ?oc=5,,,
2026-06-27,半導体 関連株,会社四季報オンライン,ついに｢世界のAI･半導体バブル崩壊が始まった｣と確信した - 会社四季報オンライン,https://news.google.com/rss/articles/CBMiV0FVX3lxTE5lRnFST2pPMGxQVkNkNTdYQUlSMXI4OTFWNldqd0ZEYjVjdnNEZGwxN3JNTFFEQXFwVmZPMlYtRF9xQ2FCeVRhTk9JYTJJRUVVTHZ1cFhsTQ?oc=5,,,
2026-06-27,半導体 関連株,Reuters,米国株式市場＝Ｓ＆Ｐ小幅安、半導体株が急落 モデルナは急伸 - Reuters,https://news.google.com/rss/articles/CBMigAFBVV95cUxPSkV0aTQxU1hKQzRlWmwycmhpQ2VzLWxPcGtIWlFHWHRkMkVRSUhKSEpQZFo5LUVSajV3bWdWaVpQc1NyajcyekJ4b0p1YW9Ea3dtN0tfYy1wUkRNcjJNbU05QzFBWnNsNDhBdXUtVEtmaEJITThnYUxXbHl3VjRKUw?oc=5,,,
2026-06-27,半導体 関連株,Yahoo!ニュース,日経平均、下げ幅一時3700円超 半導体関連株に売り（日テレNEWS NNN） - Yahoo!ニュース,https://news.google.com/rss/articles/CBMif0FVX3lxTE9fY2g4Rm15QVBTSl9RcFR3Mmo5dmVBUXpkX0xoR0Jpel9mUGQ2MXFJVEJ0b2VXdVpiTmJyemNud3RhUjdOWUhJaGY0RGYzTWk5S2lzUXUxYS1QVHE1NVlzNHBuaGJRZDZBM3VYeUdtUEN4Wmx6UzFNMzdPdUk0WW8?oc=5,,,
2026-06-27,半導体 関連株,Investing.com - FX | 株式市場 | ファイナンス | 金融ニュース,アップルの値上げがAI関連銘柄への懸念を呼び、米半導体株が下落 執筆 - Investing.com - FX | 株式市場 | ファイナンス | 金融ニュース,https://news.google.com/rss/articles/CBMicEFVX3lxTE1PbHpsVjFzalpTSXJNX0F3bWNGZl84cVlwLTkxUWhwaHkwemhLYzhaa2dRZnk2YWVvMGZlVEU3RlYyQk1PbFI0a0dDNzJ1RExsUERnMHptblNOMS1sNjZmSlBKNElBSGIxTmFDb3dMV3A?oc=5,,,
2026-06-27,AI 関連 日本株,みんかぶ,新興市場見通し：大型生成AI関連株の落ち着きを待ちつつ、7月相場入りで機関投資家の買いに期待 - みんかぶ,https://news.google.com/rss/articles/CBMiRkFVX3lxTE1RTGJFMG05dS1HS3FudENNMFgtVjBhdUdXSkMzSnpuUmNZemxKMUdOSF8tUGtBUU8zajd6RE1yLWJ5aEo2QXc?oc=5,,,
2026-06-27,AI 関連 日本株,Yahoo!ニュース,ソニーは最高益でも株価低迷…AI相場に取り残された優等生が巻き返しを図る（ニューズウィーク日本版） - Yahoo!ニュース,https://news.google.com/rss/articles/CBMif0FVX3lxTE0xQWN0MzJ0TXV5QWVwV3htZGhmMlgtVmpieXJWUVR1bG5uX1puTE5PT0NpVVhQbmVoYk9fdm51MjJTVVNSVDJJUXZ5a25fY09SOVRQWFJZWWpyMHcySTVnVjJ6WHp2Z0hwQjhzOW1QWExDdEhZM1c1STB6em9GOHc?oc=5,,,
2026-06-27,AI 関連 日本株,ダイヤモンド・オンライン,【おすすめETF】AIや防衛など、いまが旬の｢テーマ型ETF｣に注目！ 投資信託より機動的に｢AI｣や｢防衛｣などのテーマ株に投資できる“おすすめETF”4本を紹介！ - ダイヤモンド・オンライン,https://news.google.com/rss/articles/CBMiU0FVX3lxTE9ncnlNbzA5M0pBMnBLd1l1RGdNYkVEdnhYWF9nWXN6QWY0NnhqcWJGOHZ6SWxBN25jS1BaVmh1azZfTklXZTEzSnQzM1Myb3dwZmpn?oc=5,,,
2026-06-27,新高値 銘柄,Moomoo,【AIメインテーマ追跡】相場は分裂、ストレージ機器が新高値更新、資金を投入する銘柄は継続的に失血 - Moomoo,https://news.google.com/rss/articles/CBMiyAFBVV95cUxPU0hqMWFoTUwxUE5FUllSU2RUdXhza1o1dy03SXJ1YWtPRFhma1U3THBudUZsZFdCSk92S21YcGxDQngxQXJyc21Lb05vWnhCSS1NU0tpWl8tYXgzLXd4VVEtdzIwVUNtRWdXbGNXNVlGenJnNTVjLVRPV1B1LUhETnJLRDJvUkhSdXVnZTZONERfVjJfYnhXMHdFOVNtR2RBSUU5czZyRS0zLVNzVTNtX2ZNMXRHUi1OalJoSW9ObVV3S3BndFZYeA?oc=5,,,
2026-06-27,増配 自社株買い,ログミーFinance,ヤマウラ（1780）、売上高・経常利益・当期純利益は過去最高を更新 2027年3月期は4年連続増配と上限16億円の自社株買いで還元強化 - ログミーFinance,https://news.google.com/rss/articles/CBMiUkFVX3lxTE5FSWFod0k2VmlPR1o1c3hZUkJwLUktbHZPQm91MzdMQlJiUWZvNnNjeGtEaFBNRlRPLWlUaHhseXl1cmFkUjN0WnBHSWdfYnphVFE?oc=5,,,
2026-06-27,増配 自社株買い,finance.biggo.jp,米FRBストレステスト：全32行が合格、ウォール街大手が500億ドルの自社株買いと増配を解禁 - finance.biggo.jp,https://news.google.com/rss/articles/CBMidEFVX3lxTE9PbTRKRkkybDREeTg2TEJkVnkwU0o3TzBzRmNQMGZ4bVd0b1YzUXQ5ZkpkTUZ2S0Y0cFJHbkx2aUcwV2NWNHpEUmhqM2NjTVdreXdOb2QxTUliUWlDNmV6cC0yb3lPcWFERVF5dXNraGtCUnVw?oc=5,,,
2026-06-27,好決算 株価,会社四季報オンライン,高値圏の乱高下相場でなお上値余地見込める好業績3銘柄 - 会社四季報オンライン,https://news.google.com/rss/articles/CBMiV0FVX3lxTE1SOHEzeVBRUFpibXhMYXFEY0FWdHNJVm8wbEhUN3NRb0k2QUZvR0lsVUpwWTU4Q2VVMG1OcW5qcDRGSDhsQ3BrTFdjcVFjZy1yTTRlQTVERQ?oc=5,,,
2026-06-28,日本株 注目 銘柄,ダイヤモンド・オンライン,【日本株】2026年・夏の「おすすめ新興株」2銘柄！格安スーパーを展開する｢トライアルHD｣、装着型ロボットスーツが海外でも伸びる｢CYBERDYNE｣に注目！ - ダイヤモンド・オンライン,https://news.google.com/rss/articles/CBMiU0FVX3lxTE9QU21ldmJmazhzRTdTZjVwek4tbGktY0lhbjhna3Y1S2lDMHZhR1BacElUS3pIY2xuUzJVOElBQmh5MllDN0xiSllXLWpQYUFTVzVF?oc=5,,,
2026-06-28,日本株 注目 銘柄,株探,本日注目の【株式分割】銘柄 (25日大引け後 発表分) - 株探,https://news.google.com/rss/articles/CBMiYEFVX3lxTE1sbUNUV2ZuV2xrWjFHVi1VMFMxX0ZrQllMUzIySFcyNDl3TVhZdTRxLVFYd2NhSm1HaTE1b0lzRll0amx1eEI2N0huV2xFT1RTamRYVE1FZjkwYXVaZ25mRA?oc=5,,,
2026-06-28,決算 上方修正,Yahoo!ファイナンス,今週の通期【業績上方修正】銘柄一覧 (6/22～6/26 発表分)(株探ニュース) - Yahoo!ファイナンス,https://news.google.com/rss/articles/CBMihwFBVV95cUxOM2g2THBrM2ZjTXducHhLVzJkWndFaklvVEtmU090WnlZZko3QkVCaVNDUXN5MG1fT3RNM0xzYXhuQmRhNEtUd2lVeVdGa0Q4VE8xa2Q2a0M1YkkxU1prUER2ZWJ6QnprV1R4ZWloMUZUREpFSnFEOWdVd0pGT1NKU2hxYXNoNHc?oc=5,,,
2026-06-28,半導体 関連株,会社四季報オンライン,26日の日経平均は3000円安､AI･半導体関連株に売り - 会社四季報オンライン,https://news.google.com/rss/articles/CBMiV0FVX3lxTE5kWngtaS1CT29xTDlDcnV0eUdmQkp0OHZESHhXMWI0QkVFVWwyLXBKclJJMmViYUJBd3k5WE5CWlVuM2JsVk1ianp2RUUyb2FrNXdmbWU1RQ?oc=5,,,
2026-06-28,半導体 関連株,株探,【今週読まれた記事】まだ五合目のAI半導体相場、“次のキオクシア”はどこに - 株探,https://news.google.com/rss/articles/CBMiYEFVX3lxTE40WkZ5bnNydHRSbldLRFJmcU15ZG0tWDZsaWUyZXMzdGI2MGU0Smt0cUFRY1pFX3dFZkZBNm5GMnpmcUhGcnBpbUk0WVVaUkRVRF90U0xyVHh2M1NhbzZfRw?oc=5,,,
2026-06-28,半導体 関連株,みんかぶ,東京株式（前引け）＝急反発、半導体関連など中心に一気に買い戻される展開 - みんかぶ,https://news.google.com/rss/articles/CBMiRkFVX3lxTFBVU1BUZ3h2Q0VKdzY1Ymw3aF9RQXZxdjFpT0k0ZXVYazZvZmxQWUVybm1TamRUdU1xRm1sX1FaZGRKcjZON2c?oc=5,,,
2026-06-28,AI 関連 日本株,ダイヤモンド・オンライン,来週（6/29～7/3）の日経平均株価の予想レンジは、6万4000～7万2000円！ キオクシアなどAI･半導体株が不安定な中、出遅れ銘柄への資金流入の有無に注目 - ダイヤモンド・オンライン,https://news.google.com/rss/articles/CBMiU0FVX3lxTE4xMDhwdm5qajFQaklxLXdNZUhZMzBLTHBxVzlnZkRTVFZscHQtLXQzckEyajVqb1NudzVIeTBZUm1POENfenh4U0h0MV91V3dzeTBN?oc=5,,,
2026-06-28,AI 関連 日本株,トウシル,高配当株5選：AI一極集中から出遅れ割安株に資金シフトか。王子HD、JFE、野村不動産など - トウシル,https://news.google.com/rss/articles/CBMiWkFVX3lxTE9SRTlFbkZwdHNfb3hNMnFCOTlSUkt2cUNiZnlrcWNUOGhSLXM2MGl0a0lwcHhESEVuaFRmbF9VQi1fUUtmZXFwM0F6ZVljd2Vxc3JnaUVod09DUQ?oc=5,,,
2026-06-28,新高値 銘柄,Moomoo,【AIメインテーマ追跡】相場は分裂、ストレージ機器が新高値更新、資金を投入する銘柄は継続的に失血 - Moomoo,https://news.google.com/rss/articles/CBMixwFBVV95cUxOQlE1dFNYTzlFeUVrVkg4ZGVKUFlBWERBY21kUjMzNnZrWGt0UVktWlk2bTZtNnVzTk44dTFCTVJNSnVFcW1ITXRXUUVNYV8yQnR6ajNrOEQ3aWZSVHU3bEdkUWI4aDY3UUd3QnhwUU5WLTNTaXVqcDRHbFpfWjFmd1pGdUdSSldpdUxaRlVpUGE3T2xwZXJ1VEtHeDNfWHhwWmZ2Q2JmcWptSFBRejB0MGdxNEhKYWs1ODJkT0RLZUM1OVRXRzlJ?oc=5,,,
2026-06-28,新高値 銘柄,株探,Ｆ＆ＬＣが新高値、１株から２株への株式分割と２６年９月期業績・配当予想の上方修正を好感 - 株探,https://news.google.com/rss/articles/CBMiYEFVX3lxTFBCa3RkcEI4NWpqc0VLai14Zkwya0hVUkhIbnhLVVpVYnF5Ynhhd2NWRkl5S2ItNWFrUkRmNTFsYU9xaTI0M3dsV3FXTmRFZEVGMVFXU3I1SXo3dW1NYnRWMQ?oc=5,,,
2026-06-28,新高値 銘柄,会社四季報オンライン,資産10億円超のDUKE。氏が語る､｢新高値ブレイク｣の極意 - 会社四季報オンライン,https://news.google.com/rss/articles/CBMiV0FVX3lxTFAyUzUycTNpMWxjR19oQWtOUW02bEtKOVh4QURMc3ZST3o5cGZiZlVkaFZzR0lncFRhUWV0VXRCOW9UZ1dNVkdiMzZLdTBfbEx2ZGdGbHduSQ?oc=5,,,
2026-06-28,新高値 銘柄,株探,キオクシアが続騰し国内時価総額で一時首位、米ＳＯＸ急伸とサンディスク新高値追い風に - 株探,https://news.google.com/rss/articles/CBMiYEFVX3lxTE9MaVlzNlFYTC1ObDR2UFNKRElZd09SNUUwUEZxVW9oNVJxMU9MTkRpSjF0X2lLM2F1QWhncjg0MG84S1hYUk1uWG1LS0FZU0MzVlE1VlN0UHRQUEV5OHA2aw?oc=5,,,
2026-06-28,好決算 株価,Yahoo!ファイナンス,明日注目すべき【好決算】銘柄 ＮａＩＴＯ、ＤＣＭ、エムアップ (26日引け後 発表分)(株探ニュース) - Yahoo!ファイナンス,https://news.google.com/rss/articles/CBMihwFBVV95cUxPQ1NmMjBSb1ZycWtMeEkwVGVqb1RCcDEwXzZGajRWek9hUVgwR0Z6WVg4eUJjeFl2dE1DYjZrWTBnWmdHLWg0NlRXZjl6d05OYnZfeEZELVI4UGxvRGFxYXpmZnJPTWl6N0FuLTFrTjdxNThUeVBNaUo5VVNMZzR4a1d5c2xBeWM?oc=5,,,
2026-06-29,日本株 注目 銘柄,Yahoo!ファイナンス,相次ぐ需給イベントで波乱含みか、米雇用統計に注目/日経平均反発【今日の注目株＆日本株市場見通し】「デイリーZAi」6月29日号(ダイヤモンド・ザイ) - Yahoo!ファイナンス,https://news.google.com/rss/articles/CBMihwFBVV95cUxNYmZCZTI4aXBZcDVSWnhTc3UyeUlxRUJqT2NmYXVYbUg5eGttTm5GVV9vWmJNVTVwaTF6c3Z6VGY4UVlDYUV1UW1wdXd1LTZkTkktWVZSbnVfSlluMF9odWJ4QU1uS0FFYVk5OWhJZUx4ak56UVBwdnRhQW1HeVBSRG9iWC1rUTA?oc=5,,,
2026-06-29,日本株 注目 銘柄,nomura.co.jp,野村證券で買われた高配当株人気ランキング（2026年3月〜5月） - nomura.co.jp,https://news.google.com/rss/articles/CBMiX0FVX3lxTFB6UWVjdC01bnkwTEUxX09zaW0zMUp4ZDBJWVBUZ3pOeGQ5Tm9fSVJZOTQ5bWlUTC1zYXBmSnV0YjFMbkxGRlZaSi1zYXpTWERHRWthWmlNSWVMazJtZHN3?oc=5,,,
2026-06-29,日本株 注目 銘柄,Yahoo!ファイナンス,テクニカルで選ぶ注目銘柄：日本ハム＝２５日線を突破、５日線と２５日線のミニＧＣが形成寸前(ウエルスアドバイザー) - Yahoo!ファイナンス,https://news.google.com/rss/articles/CBMihwFBVV95cUxPdHdnSm90S3JhMmR0NkhwTHFHd3luZjliNkZxVmpDaXRhakwzWUwwMGY1aUpIZGUzeGFTelFXV2lZYmZ5d3BleFpHM1UySHdwOHBBdmlrcDBJcGtzekV0ZDV6dmpUX2oyVGVPWW1NOVhNX1djd0JVZ2lmWXc0QTczWlhnQnFfLUk?oc=5,,,
2026-06-29,日本株 注目 銘柄,ダイヤモンド・オンライン,【おすすめETF】NISAで“じぶん年金”が作れる｢高配当株ETF｣3本を紹介！ 配当利回りが2～3％の高配当ETFをNISA口座保有して非課税で配当を受け取ろう！ - ダイヤモンド・オンライン,https://news.google.com/rss/articles/CBMiU0FVX3lxTE9rdUY4MnFvR0VxYWd2SEhJblBWRTMxdVFJdi04VzNuZXg2c296TDJJVG1DanpfRW1URWVxX2RWRmphQ3RyX2Vpb1dpQjA3Z2pCY1ZB?oc=5,,,
2026-06-29,日本株 注目 銘柄,マネクリ,日経平均株価7万円一時突破！要因と今後の注目銘柄は？ - マネクリ,https://news.google.com/rss/articles/CBMiVEFVX3lxTFBzRTZ5YjBHU180VzZtNEVOSk91S0VycURfeVphY3Y3UGhmSjNFVXdfcW5kV0x0WEpKQXg4N3luN2U2MXp3V1NrZk1xeFNQaUlpYVVzTtIBV0FVX3lxTFBLR3FLYmduRVhzc2Y4QUJQWXUtSzc2eEJpTGlJYWJ0MDhhQzF4V2FtemNtRy13WVJCWlNob1BuS0dwX2VkZGc1Y0daZlI1SjdTNnRtZ0MzYw?oc=5,,,
2026-06-29,決算 上方修正,Yahoo!ファイナンス,【決算速報】バイク王、上期経常を一転微増益に上方修正(株探ニュース) - Yahoo!ファイナンス,https://news.google.com/rss/articles/CBMihwFBVV95cUxORVJlelhhUHd1ZUI2clgyVm1yaGxBUE80X1kwX1JqcnhVUVYyR1RUQnRWLWxkYTZtbFZCWWU2Wl9ySW9uLWVaYm5DMHU1WDF5NnJLOGFOZ092WE1FMlpISS12aGIyNGdnSjczLWdDTnNBVDJWSUdZTm9DNzd6N202bUtnSEhjRTg?oc=5,,,
2026-06-29,決算 上方修正,かぶたん,★本日の【サプライズ決算】速報 (06月29日) - かぶたん,https://news.google.com/rss/articles/CBMiYEFVX3lxTE1SQVJ4eUhfYXhrQXFmZ1h4SHhlb2F5RWZrV2ZEYzdocnlqbVdWTzFxNGNKZ21IUy15Qlp4SXotQ0F1WDVqby1SQ2ZHZlRSaXlaMGN2TE1ibmsyTE5TenRxdg?oc=5,,,
2026-06-29,決算 上方修正,会社四季報オンライン,6月29日に業績・配当予想を修正した会社はこちら - 会社四季報オンライン,https://news.google.com/rss/articles/CBMiV0FVX3lxTE10cUh0ZGdEc1NzUlk5RnZEZXhzdHdIWU5Fa1VuVS1vengxOEYyMzRfQ0hoZXk3WkdFSkZlczQ2V283M3kxaFJfU3BZeW10TlBtaFVOblZ0Zw?oc=5,,,
2026-06-29,決算 上方修正,Yahoo!ファイナンス,【決算速報】ホリイフード、上期経常を40％上方修正・20期ぶり最高益更新へ(株探ニュース) - Yahoo!ファイナンス,https://news.google.com/rss/articles/CBMihwFBVV95cUxNam5nXy15NTNJeUZ6alBQUVlkaDBIeHg1NVNwckpjLWk5emdBVUNfWkVtSWZPdjQ4ellNRVhJbGVSSWVBMXZkQXVjNHU3LVBfTzZKczFxZW9BUzlmN3ZXdXlDREVaVnNFMlpQMWxCWm5rWkdPdjEtbm50X0VOenUtcXRRd1dZZEk?oc=5,,,
2026-06-29,決算 上方修正,simplywall.st,好調な第1四半期決算、業績予想の上方修正、そして新たなAI提携にもかかわらず、なぜMongoDB（MDB）の株価は5.6％下落したのか - simplywall.st,https://news.google.com/rss/articles/CBMijAFBVV95cUxOTXBINDc2b01IRXJFeEtFQWp6ZEhWa1VHM0VFWlRieDBGV2xoRVBWbndxMVdrWHJmb2w1eHpjZGtBN24wdUpqZU5sLWhZcHpOak5XRml2NFdDZlNZa1VYdzFHWm50OGRIV1RVSE1NRUh0VGFtRHM1VWxDU0tGdGs4ME1OdlpEV0xJQjZGNNIBkgFBVV95cUxQSEZWYW12OUNsXzVpSlFrdVY4MmZVeU0taGhLd3hsNER4ekVqaUYydG8wc0otMEFHXzRWRnpmc0cyOUxxbi00dXVXdUJGSTlEZmlESHN6THRJbFZ2bXczQ2ttR1dRMG5JMm53UV9oNlluUGY2Qm9wNDdaUmRjcUh5ZllIMmZVZWUxQ2YxaG9EX09FZw?oc=5,,,
2026-06-29,決算 上方修正,かぶたん,バイク王、上期経常を一転微増益に上方修正 - かぶたん,https://news.google.com/rss/articles/CBMiUkFVX3lxTE5uQTlwRjVYX2doRjZJLTVmZURQZWhaNnVybWctZVZoeEtPd0dreVRBOXJVcUNUVEJjbUp2LWFQUThpSl9uQk9rRWs0VWNsaXp3VEE?oc=5,,,
2026-06-29,決算 上方修正,会社四季報オンライン,亜鉛価格高騰追い風に業績上方修正の余地ある非鉄金属株 - 会社四季報オンライン,https://news.google.com/rss/articles/CBMiV0FVX3lxTE9FX29lVkdMeGhuUF85UlhBb3NGVnJpV2hRcFBQc1BxZDk4S2lXOU1BSHg5SHY4UTJkNVE1anZOa19QallGYWhzZm5GdVQtd3EyUUttekE2WQ?oc=5,,,
2026-06-29,半導体 関連株,トウシル,日経平均・半導体関連株が大荒れ、目先調整か？（窪田真之） - トウシル,https://news.google.com/rss/articles/CBMiWkFVX3lxTE9EN29Va3VoeGhzT0tXeTNBYkVtZC1UM3VIVDBvbkt6VHNYYTZnMzlGemlVV2VQOXMzVWFLcVYzN0RRcV96Q0htQlN2N1RvazJ1bmQ2TkJSLW5UZw?oc=5,,,
2026-06-29,半導体 関連株,かぶたん,明日の株式相場に向けて＝ＡＩ・半導体株波乱、逆転の投資術は - かぶたん,https://news.google.com/rss/articles/CBMiYEFVX3lxTE8zcG9TSGlFVExRODN4cGlNa1JzVlZ5Qjd1bm9PLURTRDZEb3FWNkd4TFpOaUZjNElNdmRoY1ZKbnVNZDZndHRUMk40bU81bGpDZlFRbThDSUxDZUNieUhjVQ?oc=5,,,
2026-06-29,半導体 関連株,マネックス証券,【今さら聞けない！半導体株入門】AIブームで上昇した銘柄と次の主役候補を探る - マネックス証券,https://news.google.com/rss/articles/CBMiYEFVX3lxTFB1N0MzVGpKT0JLeW1BYUlBY2M0Rk1fWFU5RHE0dkNjR0d0QnRqT2VOQ3hkc2RpUV9BRGRkYjhVVmdYWWpabUVQd3RPdV9ZSmFMTzFXMXUxM09OV3A1MkpKZg?oc=5,,,
2026-06-29,半導体 関連株,会社四季報オンライン,業績上ブレる｢隠れ半導体銘柄｣熱制御技術のあの会社 - 会社四季報オンライン,https://news.google.com/rss/articles/CBMiV0FVX3lxTE42MmRZMVRJQnVONnRaaUI5TEw2Y1FUbnlrRU9oalAtUndHbG9kT0t5QmZmY3duTEJZSm9DVVozMHJtaEZnNzRxRm0zMzBub0lJc2xKdjctaw?oc=5,,,
2026-06-29,半導体 関連株,トレーダーズ・ウェブ,〔Market Flash〕半導体関連株に買いの好機？～大和 | 個別記事 | ニュース - トレーダーズ・ウェブ,https://news.google.com/rss/articles/CBMiV0FVX3lxTE9MVmxnWUxCbm44eU11eUdwTHhnakNPR3ZwN2dXLS1FeDRob1VxbFZPSjZvNk80MnRlY1ZrR1gxcmp5dXNBenRVQzJ6dDQ4cGQwbUhvTm05dw?oc=5,,,
2026-06-29,半導体 関連株,ライブドアニュース,株価指数先物【引け後】 世界の半導体やAI関連株にらみでのスキャルピング - ライブドアニュース,https://news.google.com/rss/articles/CBMiX0FVX3lxTE9jOHl0MThOTTl4bkFUUXhIQ1M3STRaNlZ3NWczUThsaU1mbldKTXlFMWtPZ0RuY0FOT2VLNklGVkpfeDE1dmluMF9QTUkzMkhFWG9uTTRXQ3ZKRDJoemdF?oc=5,,,
2026-06-29,半導体 関連株,トウシル,日経平均・半導体関連株が大荒れ、目先調整か？（窪田真之） - トウシル,https://news.google.com/rss/articles/CBMiY0FVX3lxTE51anQ1WDY0OVpUbTBpX2RjM0FNbkpkWEh4U2p5T0hEUHZMeGZJNXpRX2hLQUg5QVRyQVBSOVB6aHRqWlpxRkRJYnlwVE9aQW9UOEl4bkdYYjAxV3ZLdGZZTHdRUQ?oc=5,,,
2026-06-29,AI 関連 日本株,Reuters,日経平均は小幅反発、内需株に買い ＡＩ関連が重し - Reuters,https://news.google.com/rss/articles/CBMigAFBVV95cUxPd0hMOWxwMkZQQTBjMXBVbDFlUVNaV3B3NDR5eUU4V3NFRXpHRnJ4Y0FlM0hlREV2cGV3UV95Z0dZeTYwWXpFcnQ4bm1CS1AwLWo5SHctOTVaZENEMXIwT3hsaHd2eHhkcDAtQVAyczFqXzZQNWRvRkNKYlVOUDE1ZA?oc=5,,,
2026-06-29,AI 関連 日本株,かぶたん,前場に注目すべき3つのポイント～半導体やAI関連株へは慎重姿勢～ - かぶたん,https://news.google.com/rss/articles/CBMiYEFVX3lxTE1fMzRUNlhtVWtHdGc4eFF2QzN4SEVNQ1lhcWxxbjU3ZjhTSWRNY1pkbzBwU2dKblFnZktScEJkTjZRN0pvREdUeTdXMDllS3FXV2VCWC1oUURSNjZTeVRnTA?oc=5,,,
2026-06-29,AI 関連 日本株,ニューズウィーク日本版,日経平均は小幅反発、内需株に買い ＡＩ関連が重し - ニューズウィーク日本版,https://news.google.com/rss/articles/CBMiWkFVX3lxTFBQRG1SanF2d0QzbE5KSzNvQXYtUHVQS0ZIU19pLXhzRnpNeE1GYjFiemt6RFRmNmJEa2JWa3NKWXRkYUZRVGpFaDl5eExPOVdxWVlmbjlyY0JrZw?oc=5,,,
2026-06-29,AI 関連 日本株,Yahoo!ファイナンス,RBCブルーベイ、AI銘柄は夏に調整も－リスク減らし来年の再上昇待ち(Bloomberg) - Yahoo!ファイナンス,https://news.google.com/rss/articles/CBMihwFBVV95cUxPeUZ1c3YtemhKdjM3cXNsMi0xR1FDX2ZjaFZMajd4VXZmdG5sUHlBOEVSUDk3M05ISkpub2wyMkNKMTFSTEpNLVUyVVBsc21tNkZsanN1ajdJclM3ZHZsU05wRlluOW9QZkx2QTFycklvWEtzU1JEaHJ4aFowVGhFa3dqX3BXWnM?oc=5,,,
2026-06-29,AI 関連 日本株,ｄメニューニュース,日経平均は小幅反発、内需株に買い　ＡＩ関連が重し - ｄメニューニュース,https://news.google.com/rss/articles/CBMiggFBVV95cUxQSFE1cF9DbU91MGs1cEY0Nkw4MVJTYk9RcEFTUUFvcTZyR0lNNE12YmNxaFFuNWMyTmRLYUg1OWtHRzZvWnl2QkQ2MkhNTjI0VE5ORFZlbVNNX2JnemYybjdOU3l2Y2tGNXRvcFZ0bmV0d2dQODVsTWplZ0hoc09wUTln0gGHAUFVX3lxTE5FQlp4cmNLc3BienZKT3FZMDBhWVItYWtJd0JONmFPMXI5blB0SmlnWjRBZlRqR0dkOTVKLXNrc3NOQmxzT0dOLS1SZjFpRVRMQVJ2WGd4ODdweUVOdk1FMmptajdtRkR2aGxHbHVrS0ZFQ21oT0pMcWQzcnVFRlJVM1ZmazBkbw?oc=5,,,
2026-06-29,新高値 銘柄,Yahoo!ファイナンス,ETF売買動向＝29日前引け、ｉＳ米高配当、ｉＳ米増配株が新高値(株探ニュース) - Yahoo!ファイナンス,https://news.google.com/rss/articles/CBMihwFBVV95cUxQV0xydGhYRnNNTXlOZ2tLVU5GWWo4WXdsQW5pM3FRTlBhQW15RWwxaGNOTkQ0ZUFZTFROdmVsNHR2ck1fclpzWFd0V2Qya2Vyc3JGMGpZWnowc09BdmpNZDg2WXh3Q0xWQ29GanB3YzZMZldCZ2plYnQ3RFloWjBZY2dua2MzUU0?oc=5,,,
2026-06-29,新高値 銘柄,かぶたん,カナモトが続伸し新高値、４月中間期経常益２６％増で配当予想増額修正を評価 - かぶたん,https://news.google.com/rss/articles/CBMiYEFVX3lxTE5jSzdtazd1SEZJejgxNFBZbGFoc2hEbmh0QUMxa0tyMC02NVBMQzcyWUxsdEhpSzR3WllJWU9zN1hKZnE4VTJxZTZVV2N2eWllWjhNbmZhTWUwdkpxQjBTSg?oc=5,,,
2026-06-29,新高値 銘柄,かぶたん,オリックスは大幅に４日続伸し新高値、上限９．１％の自社株買いを実施 - かぶたん,https://news.google.com/rss/articles/CBMiYEFVX3lxTE1KdzdWemtBVU9pOTBCX3RGMzR3TzJyc2RiaWxXQ0VWQmo4SW10YlZBSHBJLXNiel93aXZkWlpMdFhzbEd2MlRlWTBnbnRiYjQwVk5jTmVoaTR0Rk1VcGgyMg?oc=5,,,
2026-06-29,増配 自社株買い,simplywall.st,シティグループ（C）は増配と自社株買い発表を受けてなお割安なのか？ - simplywall.st,https://news.google.com/rss/articles/CBMiiwFBVV95cUxPVHBLU2U5VjdJZ3ZCOEhrZks4b1VEa1NYMXlweEJqb2M3VjRlUVhrSzFIeUlxUFNHd1BPRUo1eFdVaUFRdEJjc3JyZnZjS2MzWEU3bXAtYTRKTGtMLVljRmVPcW1QWjRNaF9Na01WRjFkMzI1eEx4M0NJQkk4eGFGY0xsYVpId1pKUGhB0gGLAUFVX3lxTE9UcEtTZTlWN0lndkI4SGtmSzhvVURrU1gxeXB4QmpvYzdWNGVRWGtLMUh5SXFQU0d3UE9FSjV4V1VpQVF0QmNzcnJmdmNLYzNYRTdtcC1hNEpMa0wtWWNGZU9xbVBaNE1oX01rTVZGMWQzMjV4THgzQ0lCSTh4YUZjTGxhWkh3WkpQaEE?oc=5,,,
2026-06-29,好決算 株価,Yahoo!ファイナンス,本日注目すべき【好決算】銘柄 ＮａＩＴＯ、ＤＣＭ、エムアップ (26日引け後 発表分)(株探ニュース) - Yahoo!ファイナンス,https://news.google.com/rss/articles/CBMihwFBVV95cUxQTWtVeW9mdzZiR2Fqd0dTZnUweENHbVRnN3dMR3FRMXc5SWxVZTFCcnlTMFY1OVY1dVlLWjItbHN0TW5vdXJyczZ5S0tId182aVhHUERIUDFfSEtTcTJkQXRTUTVDT1FMNHl2OVREZDZwVkxPalB1SGdGbElRQ3VuSURPMS0zSlE?oc=5,,,
2026-06-29,好決算 株価,Investing.com - FX | 株式市場 | ファイナンス | 金融ニュース,クイデルオルソ株が急騰、好決算と感染症拡大が追い風に 執筆 - Investing.com - FX | 株式市場 | ファイナンス | 金融ニュース,https://news.google.com/rss/articles/CBMid0FVX3lxTE1TWlNxYXhvaFk4LVNycHRCZDhjR2oxZEFXcnExLW9CS3owSGFzMHVFcU1PWDJwbDVpNktselNQTjlRcWpoWVJYNEUybDNJQUxmRGk2S29GQ1hXUHREbkFjSTc4MUxzOHM5dmZzRk9IZXJFQThQZlp3?oc=5,,,
2026-06-29,好決算 株価,SBI証券,日経平均が一時6万円！好業績・株価上昇期待の11銘柄 - SBI証券,https://news.google.com/rss/articles/CBMif0FVX3lxTE9WdkR6MWUtZldIUHF4VFdRdHB5NE5zT1l4Nk5uVFVpSk5keTFiVkNXN1NjVV96TmlBcF9BU0tmakk3YW9IcDk4SjZjaldXMWVxTGl1WUtKTkpzSTRpWU9CTnlUdFpLVzJ2eVlXSzRUZnNzd2VkNEktdVVtTENwTG8?oc=5,,,
2026-06-30,日本株 注目 銘柄,Yahoo!ファイナンス,テクニカルで選ぶ注目銘柄：イオン＝２５日線を突破、５日線と２５日線のミニＧＣ形成が射程圏内(ウエルスアドバイザー) - Yahoo!ファイナンス,https://news.google.com/rss/articles/CBMihwFBVV95cUxQY1YwZlBYc29pU3JtblN1RTM4YVUzUlZwX3FkbERuV0M4Z3ctM2RkQzZkVnJFeG1GajBUT1pQWVcwa0IyYjZhWnJ1bWJfY3pvdmRrTkpib0wzV3dzTk43dVVQLVA5YWN0a2pXMnhzWGtOSDZhS0JqbEc2VU9yR1JWdnVodGg4RzA?oc=5,,,
2026-06-30,日本株 注目 銘柄,マネクリ,【日本株】PBR1倍超でも割安株は見つかる、理論株価で探した注目銘柄15選 - マネクリ,https://news.google.com/rss/articles/CBMiVEFVX3lxTFB1NmtLb1ZrYlA5Vk9kWWNYbUxHckpWMk9tTWtIOW9nLW9rUURyMmMxMDRER1J4VUZoYkRyWS03TzFTdUJ4SzZDbEZwbEJrZERxYjQxZNIBV0FVX3lxTE5HUjU4QS1VamNSX2h2cmlQbmozSENqTVBtWVBYWGp5OXhoLVF4M0dSbHVfelJHX1ItN09VYTdCOWU0SkQ2XzlvVVUzSElybjBZMkgzX0FmSQ?oc=5,,,
2026-06-30,日本株 注目 銘柄,ダイヤモンド・オンライン,【米国株】GAFAM＋αの中で“AI普及で収益力を高めた”2銘柄を紹介！ AI相場の本命で85％増収の｢エヌビディア｣、AIでクラウド事業が好調の｢アマゾン｣に注目 - ダイヤモンド・オンライン,https://news.google.com/rss/articles/CBMiU0FVX3lxTFBkX3Q3ZXFfUTZZaHIyV29ydEtLS25YVENMdndUNTJkZy1HLUxKcVk1RDd5UHJIWFplU2ZxVmFJQTRNRTgxVkR2NTNXTDVJZThFLUY0?oc=5,,,
2026-06-30,日本株 注目 銘柄,Yahoo!ファイナンス,本日注目の【自社株買い】銘柄 (29日大引け後 発表分)(株探ニュース) - Yahoo!ファイナンス,https://news.google.com/rss/articles/CBMihwFBVV95cUxQRXdDZUtvSk5wWjlIRFVKaUpjZWM4RUlfZDU4emJtRVVPSnVvYVltQ0RLcXF1N1ZGT1FZbDJLb0Zwc3poS0ZUZFViTnBhOUtndng3N2ZtWE5hZk9WaVd6cER2TU5qRXlpelA2SHhzZzgtRHFwV1hHZkJPZUJ1Ulo0S0Uwc1lPY0E?oc=5,,,
2026-06-30,日本株 注目 銘柄,SBI証券,2026年の有望銘柄を探る（1）～来期大幅増益期待12選 - SBI証券,https://news.google.com/rss/articles/CBMif0FVX3lxTFAtemdobHpMVGFWelYzVHZhLWZ0TVk5T2dhMC05eHVBMWtsZXFzY2hqNHhhcFNXbWktWjN6Q1ZoTHpGUTU2eDcxZ25xVFNmYzl4Y3R2eFYtMTNkYW1HaEJaamYwY0VyNVpJZFZVQU9DRXdEaU5YdWNXekpRb0Z5YU0?oc=5,,,
2026-06-30,日本株 注目 銘柄,トウシル,日経平均：今こそ注目の「割安銘柄TOP5」（西 勇太郎） - トウシル,https://news.google.com/rss/articles/CBMiWkFVX3lxTE5KWE10ei1WemVVYmo1X3lUU3Q3enQwc2JwQVJwU0dtS1FQNVlVNmxCNVN6dzJjdjRBQ3JiSVpUTG5NS2pWRldoNkpTT1pNdjJJdmFuMnRFM0hUdw?oc=5,,,
2026-06-30,決算 上方修正,Yahoo!ファイナンス,【決算速報】ＴＯＮＥ、前期経常を25％上方修正・9期ぶり最高益、配当も4円増額(株探ニュース) - Yahoo!ファイナンス,https://news.google.com/rss/articles/CBMihwFBVV95cUxQOGM1aU5iVnVfU2R2X3pNWkpnazFLX3gxWEduZmlsN25tUlJVXzdFLXpTdUpRN1hPWGNvdVFUWndhUkVDeno4dmNNZFF4dW5JT1RWeTZucTQwLWR1REtJTmpmLVJLUloyUzNJM1lOX3RvTzQ1dXhsZHF0cEU1dzM5X0Q4cTRzbDg?oc=5,,,
2026-06-30,決算 上方修正,株探,小津産業、前期経常を21％上方修正 - 株探,https://news.google.com/rss/articles/CBMiUkFVX3lxTE9JT25FMmJJZDhEVUt3Wm5wOFBYMU1RRV9HWE4tV1c5enJWNHE1NGJGamtkM2ZkOW5rXzAzNUpydGNsN3pkamdHNVk1eVZIR1BmbHc?oc=5,,,
2026-06-30,決算 上方修正,四季報オンライン,MIRAINIがストップ高､27年3月期業績･配当を上方修正 - 四季報オンライン,https://news.google.com/rss/articles/CBMiV0FVX3lxTE8yc1QxaE1tLUFyb0t0MC1fQ2lxaERDVV9ZQ0RGZU12bjZhZTJmVWxtcndZVzZ6MkxhOWdCSzgtN1ZsTUF1Zk1zeUFiLXpiWFdIYzVKUDM2Yw?oc=5,,,
2026-06-30,決算 上方修正,Yahoo!ファイナンス,【決算速報】Ａｍａｚｉａ、今期最終を赤字縮小に上方修正(株探ニュース) - Yahoo!ファイナンス,https://news.google.com/rss/articles/CBMihwFBVV95cUxPemZaNS1PNXBvT1BHOWt5R0VyQ2tsSnduMGxybjhuYzRXX2NyUVh3WFJzUnB2YTQyOVEwYWNsdlBXTG5vZkpHWi1EZG1CU1FCRldWaGRJVXQ0Q2RHNzRyWXNhVXJKNnI2Yko1eXhEdG5rRkN5T3JiajI3NEtYMVZfSWMycEhaRDA?oc=5,,,
2026-06-30,決算 上方修正,株探,マリオン、今期経常を3％上方修正、配当も0.6円増額 - 株探,https://news.google.com/rss/articles/CBMiUkFVX3lxTFBTVmVYeVhXeEd4cm5uam9SejlPV1R5ZEhFUmwwV3gyTk9Tc0dEMU9PQzJHcExYdFJTRUFVR1I4VEhqWlR2NGdPLXhSc1RBQ2FjVWc?oc=5,,,
2026-06-30,決算 上方修正,Yahoo!ファイナンス,【決算速報】マリオン、今期経常を3％上方修正、配当も0.6円増額(株探ニュース) - Yahoo!ファイナンス,https://news.google.com/rss/articles/CBMihwFBVV95cUxPd3BpSE9jM1NvSGRENUJCNXpUenhLcjVRcnV3VEE3cjBmT2xyT2ZHeW1nVktuZ0hEeFBJaU1IQWRWOFJkN1k2Y0p6dkFZSEVKVW80V2s3Ul8yWVdDUDlFbFBfeDJ3a0dlSGRWd3dsVFJwOE4yYTlOdTVPaXJWMmE3R0VuR0NFRUE?oc=5,,,
2026-06-30,決算 上方修正,株探,ＴＯＮＥ、前期経常を25％上方修正・9期ぶり最高益、配当も4円増額 - 株探,https://news.google.com/rss/articles/CBMiUkFVX3lxTFAzeUpZcTY2LVJyM1dTU1l2QnJzTkpCWFdKX1VvaG5iZTl5T0Z4aUl1UmZQbkVyMjV5ZDRPMURvdHp2LTVTYWpVRTNKQTllYkM4V3c?oc=5,,,
2026-06-30,決算 上方修正,Yahoo!ファイナンス,【決算速報】小津産業、前期経常を21％上方修正(株探ニュース) - Yahoo!ファイナンス,https://news.google.com/rss/articles/CBMihwFBVV95cUxPT0ZqY25fdEpqZ0xDNTVudFJQMWFoLUVjdTNGa1RPZ3R1a1E4OERZMW1wMV9iMElRYm5BWWdWZHdPNjNmcmotVjNmUFhJSEJDYWU3YXY4UGJwNEpwUFc5UHY3UmI4MmZMdUlnSXRoY2ZwSHVMU1JSLVhkcVBWYjFCS0FZSDJlaVU?oc=5,,,
2026-06-30,半導体 関連株,四季報オンライン,30日寄り付き直後の日本株は上昇､AI･半導体関連に買い - 四季報オンライン,https://news.google.com/rss/articles/CBMiV0FVX3lxTE5uTklXa3NldVF6N1dkdGpCalJaZkEydjMzUFl1U3ByVlNyeWR2RmZWcEdmejY2d1F2WmV0ei1hdXFIMldIVGx1N1VLOXdUYlZoVkljaHhMQQ?oc=5,,,
2026-06-30,半導体 関連株,株探,前場に注目すべき3つのポイント～物色は半導体やAI関連株の一角に絞られる～ - 株探,https://news.google.com/rss/articles/CBMiYEFVX3lxTE9aUXkxRUZHZWZFakpWY2NyS3pZZnFyNjJvc2lRQ3VGQlBQdHJLTmkxNDdwSV9oWjVmY0MwTXl2S2lzSVc5Sk1MOVRxT2xDT3pOUEdrQl9tRVRIM29COWc4OQ?oc=5,,,
2026-06-30,半導体 関連株,Investing.com - FX | 株式市場 | ファイナンス | 金融ニュース,物色は半導体やAI関連株の一角に絞られる 執筆 - Investing.com - FX | 株式市場 | ファイナンス | 金融ニュース,https://news.google.com/rss/articles/CBMicEFVX3lxTE5DZUwxLUhmZkhIOVUwT2dTY2FVLUdiSTJFRFZiNVlfd0RGbWpmZVk3Smo5LVZFeG9jT3pWQUtzMnZjblYyUXhwMWFOR3JOYXEwOTF5Q2U4bnZweUFyLTJzbHUyM1pVWS1KcnZYVG9sUUE?oc=5,,,
2026-06-30,半導体 関連株,Yahoo!ファイナンス,AI半導体関連の派生テーマとして必見、「プリント基板」に活躍の舞台 ＜株探トップ特集＞(株探ニュース) - Yahoo!ファイナンス,https://news.google.com/rss/articles/CBMihwFBVV95cUxOWFRJWE1yblVsSVhzblZzSWxfU0R3c19yaVFlM2tRb1lxWG96YWJmUEl0bUVzbUJhLTBVQ0gtSkdhTF9vU2VDV2tZcnVNU19sQ2M3eGZ6c0JkbXZYVXZQRFBvdV9RMmZvcWg1WmdoQ1dycVMxbWZOMUdwajZkSHl0VU9ObFRhQjg?oc=5,,,
2026-06-30,半導体 関連株,ｄメニューニュース,中国・香港株式市場・大引け＝中国株続伸、ＰＭＩ上振れでＡＩ・半導体株に買い　香港反落 - ｄメニューニュース,https://news.google.com/rss/articles/CBMiggFBVV95cUxNWkVEY056bC1WTVVvbTlZTEF1cE15NlB3RHQwd3BFMVJGVEtBV1BLMElGMXN1U1duR0gtaHV5cTluUVgzU0RoTFVIWUg0NHM4aG1OeWdCTlNGUHdOUlVKTk1hcldNd1RxUXRFeVVOdzNDd1ZocURXTDFmRVFldm85Um5B0gGHAUFVX3lxTE03VWNrUFVGdnFLdVJDM1M3Y2tnd0dEVnJfcjdDd29pLUUxSEhFQ1J5ZThaeWhvSWlVcVZIWmtWcjNnMDhJSW1vci1VWjBCUTN0MHRhTHdjVHdUNzFySC1GOWRaOXVqRFlCc0ZjNW42YVZJLVZoRkVnOXU5UFItcUpkbUVkczhVVQ?oc=5,,,
2026-06-30,半導体 関連株,四季報オンライン,半導体株と併せて持つべき究極の｢セクターと厳選7銘柄｣ - 四季報オンライン,https://news.google.com/rss/articles/CBMiV0FVX3lxTE55N0RyUl9fWHZPekdzdjNhZmRNN0dlYS1KcFRyQlB2Z2E3MnhvanFIb0dUN3Y0ZWZldUhkZFcyNXl0TGNsdFVWa01aSXpqbUNSa3NrU3h6NA?oc=5,,,
2026-06-30,半導体 関連株,日本経済新聞,世界株高、韓台日がけん引 メモリー高騰でキオクシアは株価5倍 - 日本経済新聞,https://news.google.com/rss/articles/CBMibEFVX3lxTE0wNVhHbFJBYzFrcmk1Q1Y4NFhIeTNaX2tmMk5uTVV4VkdyT1dMcFZnZGlxeWFpYUtDRGNZTmtGTTUwOVFUZng3M1R6T2dITWQwM2VFSlpqSDJmTF9RSm9JaHpVVUN6WElJX2xrWg?oc=5,,,
2026-06-30,AI 関連 日本株,Yahoo!ニュース,日本市場、株価はAI関連中心に上昇へ－円は約40年ぶり安値圏で推移（Bloomberg） - Yahoo!ニュース,https://news.google.com/rss/articles/CBMif0FVX3lxTFA2Yi1CS283a2l6YU8yZWRGaVdvTXRGT1N0TmdCd1IwXzFXd2twT2l1WTgxNnhCLTN3U3gwcm9obnBHblRLdlVmM1JSQzYyTUw0Q1hFcjl6LXZzLU9PbmQ4T2lEM0F1b0xVaUVQUjJrMFhqdHppeWg1VDY0eGhXanc?oc=5,,,
2026-06-30,AI 関連 日本株,第一ライフ資産運用経済研究所,日経平均株価に働き始めた調整圧力 ～AIバブルに加わった試練～ | 熊野 英生 | 第一ライフ資産運用経済研究所 - 第一ライフ資産運用経済研究所,https://news.google.com/rss/articles/CBMiW0FVX3lxTFBlWmhzMDhueV85UWk3TXZjZEVlWG8wTVlWX0o5S3NnWEROc1lIYkx2M1pWc053NjV2M01BcEd4OGJMLTRMR2tHMHJ3Qmo5WDMzMzJjQkQ0R1hRckk?oc=5,,,
2026-06-30,新高値 銘柄,Yahoo!ファイナンス,ETF売買動向＝30日前引け、ニＳＰＥＷ無、野村外リートが新高値(株探ニュース) - Yahoo!ファイナンス,https://news.google.com/rss/articles/CBMihwFBVV95cUxNNDFZYWpsRFJPU2E0cW5NMFVNSGRmdlZQMktnY3V6Vms0bFhEYUlRNU9naUt5VGFhX050WUNZX2JMeDdCcUd2dG1nSU1TOXJzektBYmNQZTZreXJzWnRhNHNfbV9jVUpIWGNiN25DLWRDSXpqXzJCVURHUkpUbGxsX0xYc3Nsd2M?oc=5,,,
2026-06-30,新高値 銘柄,Moomoo,新高値目前の米国株と底入れ反発する香港株 - 6月26日及び29日の振り返り - Moomoo,https://news.google.com/rss/articles/CBMimgFBVV95cUxNWF9fUHRiR2lIWlpYV2RONXQwcFZCUXNQUUpCcXl3VW1iTFYzUThTNGpJWHAtWnFiaFQyMGxTUVB4ZXRKUjRLS3JiUEpLM0ZJUGhUaEFhQzVjc3liTTFYaEFNalp0X3I2YWFNSVlqTDh3cDhuWnJWa3J5NVZXVWZiQ09QcDVsWGNXS0RPc1BtOXRiM3lxOXZvR2h3?oc=5,,,
2026-06-30,新高値 銘柄,みんかぶ,Ｇセキュリがマド開け急騰で５カ月半ぶり新高値、米ソフトウェア関連株買い戻しに触発され好業績再評価の動き - みんかぶ,https://news.google.com/rss/articles/CBMiRkFVX3lxTFBreUtvbWQ1M0tOdGxFU3Rxazh1U29GaTRXQVpYeFpQYUxqRTZfLUg2OFp4UFZzWHlPdlNDNVh1bGc2UnR5ZkE?oc=5,,,
2026-06-30,増配 自社株買い,四季報オンライン,ナガイレーベンが大幅続伸､増配や自己株買いを好感 - 四季報オンライン,https://news.google.com/rss/articles/CBMiV0FVX3lxTE5WcE1QSF9ubFBMLVBYenNpaTA1bk8wR0RKVUx4ZDlRRDBGYTdYR3JyVWlWOFBqWjdfemxQM0ZoakE0VUtRNWw3aTc5VVVZS3hKdEQxdUZzUQ?oc=5,,,
2026-06-30,増配 自社株買い,Investing.com - FX | 株式市場 | ファイナンス | 金融ニュース,ナガイレーベン---大幅続伸、増配や自社株買いの発表を好感 執筆 - Investing.com - FX | 株式市場 | ファイナンス | 金融ニュース,https://news.google.com/rss/articles/CBMicEFVX3lxTE45QnZJT0pDQnBDQW1OZWpmZVVHS1NXbWxEMEdzR1dZNkNLQzhNak94MXpDY3dsRmh2dm1qaVVvV2wydWU5VkUwbmRlUDlvLW5GamthSnhOLW1XOWtKbXA3VlBXMk44WHQ2YV93QU5RWjA?oc=5,,,
2026-06-30,増配 自社株買い,ｄメニューニュース,ナガイレーベン---大幅続伸、増配や自社株買いの発表を好感 - ｄメニューニュース,https://news.google.com/rss/articles/CBMijAFBVV95cUxNaVEwZWs2QXdFM1diWk93NnBHdlhXNEdHTXV0OVI2NDQ1cGowY09iajRHdTJ3cmw1cUQtajVJVkdfaEtNc3VtbGFiRmpJNWNRT0RQdkVmRkpZMDN5c0FFU2x1ZnA5RGxZSFVPc1hVdW5ibXM4eHI4dG9kd2lqSDBQZko3alJXZ0ZDcXU1OdIBjAFBVV95cUxNaVEwZWs2QXdFM1diWk93NnBHdlhXNEdHTXV0OVI2NDQ1cGowY09iajRHdTJ3cmw1cUQtajVJVkdfaEtNc3VtbGFiRmpJNWNRT0RQdkVmRkpZMDN5c0FFU2x1ZnA5RGxZSFVPc1hVdW5ibXM4eHI4dG9kd2lqSDBQZko3alJXZ0ZDcXU1OQ?oc=5,,,
2026-06-30,増配 自社株買い,みんかぶ,ナガイレーベが続急伸、自社株買いと期末一括配当予想の増額修正を好感 - みんかぶ,https://news.google.com/rss/articles/CBMiRkFVX3lxTE4yckJUc0tBanVzWlZVb3NhSTdRaS1zeEtDSi16dzFWd2N2QXA0dEpJb21nOV9OQW9JUHBjTW1pUW4yeXFtdFE?oc=5,,,
2026-06-30,好決算 株価,Yahoo!ファイナンス,本日注目すべき【好決算】銘柄 ミライニＨＤ、しまむら、バイク王 (29日引け後 発表分)(株探ニュース) - Yahoo!ファイナンス,https://news.google.com/rss/articles/CBMihwFBVV95cUxNeXhTcnNpMWotcWNfbjVtb19zTWdWNWZsdlIzSy1QUXl4Z3ZLOUVwbG9hMVFPV0NLeWJ1eUlqc2dyMEF2bjY1cVBKWnY3ZzJIaDJKeTc4dl9XMVRld3FIb2liaDZCaTR0UjFqQmVYSVAtNGJhQ0tpQXlnMTFraUhDa1RKX1RHbHc?oc=5,,,
2026-07-01,日本株 注目 銘柄,ダイヤモンド・オンライン,【米国株】投資判断が“買い”の｢優良成長株｣の2銘柄！バフェット退任後も高収益の｢バークシャー･ハサウェイ｣、AIインフラで伸びる｢シスコ･システムズ｣に注目 - ダイヤモンド・オンライン,https://news.google.com/rss/articles/CBMiU0FVX3lxTFBpY1I4enRkTFl4aG9qS2Nya21SUE9DNlVIaVZOdVExeVFyUnpqR09SUDRTRjN2V05SOG5jUlhQUk40d0hMclpRSmZ5Ry1Fa2s4Q0I0?oc=5,,,
2026-07-01,日本株 注目 銘柄,四季報オンライン,『会社四季報プロ500』が注目した｢夏号｣有望8テーマ - 四季報オンライン,https://news.google.com/rss/articles/CBMiV0FVX3lxTE9WczExQlg0cWFjWlU5cERISWhuM2VkOXRJMWFqQ1g4LWs4VVczbmVTZzFCUW9XdkVRSHhhLWhzbUJGTkx6QXhrNEVDaW9mQmxPdGFCR3FrWQ?oc=5,,,
2026-07-01,日本株 注目 銘柄,マネックス証券,今から狙うならどの銘柄？半導体関連株の成長期待を探る - マネックス証券,https://news.google.com/rss/articles/CBMiYEFVX3lxTE4zcXdGZDU0VW9fa25nYXJJMHFzNVR4bXUyZS1PdEMzRnpzQmhwSFBKaW9Sa0FPd0VmR3R3NUVFd0FnUXBmdUx3T3ZySk1ULUJObzZDQ0RfSmdfN1ZSWldDbQ?oc=5,,,
2026-07-01,日本株 注目 銘柄,Yahoo!ファイナンス,本日注目の【自社株買い】銘柄 (30日大引け後 発表分)(株探ニュース) - Yahoo!ファイナンス,https://news.google.com/rss/articles/CBMihwFBVV95cUxOYzBCemN4MUR1cGtfd0traENLQ05jdFJMSmdVbUpyQ250dEZKQUtZTkt5OWhXS3FtbUItZU9LYTdtWTFGeF9MYkJ0am5LVzY4Rmo4dEFFRFNUbWgzTGVOS3BnOTNTdXEwLWJycFhZUllCdjhoSk5MMkRFdDBmRUJVQ2xhUmp2bmM?oc=5,,,
2026-07-01,決算 上方修正,マネクリ,【日本株】第1四半期決算で会社計画を上方修正した企業の実力、業績の着地と株価パフォーマンスの両面から検証 - マネクリ,https://news.google.com/rss/articles/CBMiVEFVX3lxTE5oSlJHc0hnVGV1RkRWam1UcVN2b3JqWGxfdmI0azVsSDFIVHp0RGxaM0NfdkIyY1B5QkRYd21LaFZ3dGR0QVdIeFN0XzNJcklmQ1lFS9IBV0FVX3lxTE9yeUh0bWJVZW1NZlJ2OFg1MkFQSHQxOUdlWFY0Y2N5UDRYd1ZkRVE2SXpHQk9hV21PdU5mSld0eGNzVGdiZzVGUGJoUEhONTk0UjRFNWIyVQ?oc=5,,,
2026-07-01,決算 上方修正,Yahoo!ファイナンス,【決算速報】アイビー、今期経常を65％上方修正(株探ニュース) - Yahoo!ファイナンス,https://news.google.com/rss/articles/CBMihwFBVV95cUxNMFEzZzlkWm1kU1ZWRktFcGJpZEthN1RPSEFpaHdGMnJZZ2lIa3ZmdzQ1Wk5sOV9wRDQ4WUZTVHlhSktOSDJkWm5ZZFluQlk5UHdxSjRjYzlVNEZKd2stQVRtSXhwUzdqNDhRcV85OW9fck1Xa1EtY0xoZkdPOFRvTjFNTEg4WDA?oc=5,,,
2026-07-01,決算 上方修正,株探,フイルコン、今期経常を45％上方修正 - 株探,https://news.google.com/rss/articles/CBMiUkFVX3lxTE50VExuQnlDUkhSald0eG55SjRNZXdFbDR2TUdHNUt4NG4xYjlBNm40YnNub1Jqc09Oa2NzaDNxd19TcWtOckN5a3lPNlVLeFdfbFE?oc=5,,,
2026-07-01,決算 上方修正,Yahoo!ファイナンス,【決算速報】平山、前期経常を32％上方修正・最高益予想を上乗せ(株探ニュース) - Yahoo!ファイナンス,https://news.google.com/rss/articles/CBMihwFBVV95cUxNRjk4a2M5RXBOcmFQcU51SVM5d3ZxM3pWQVpzVmVZMV8zUEVpUS1JOGhfOXlUUzdOQTh6OVhrbDF1eExLR2k4V09ZU1ZTM2ROd1dKeUg1QjRNeXhpY1M3bjVmODd6a0V4SnIxSVNYVGNTb2hZTERELTBxWDkyRHJHTFRRdkt5eU0?oc=5,,,
2026-07-01,決算 上方修正,みんかぶ,巴工業、業績好調につき通期利益予想を上方修正し最高益更新へ、期末増配も発表 AI関連事業を次なる柱に - みんかぶ,https://news.google.com/rss/articles/CBMiRkFVX3lxTE1yTXlZSEJCTDFfanpBS20xZGcxQmhpSlFwUE5tUVd3czI0MDk0ZnFpVkUxMnVDcnlQenBaR2RJUkZHdDdFd2c?oc=5,,,
2026-07-01,決算 上方修正,株探,アイビー、今期経常を65％上方修正 - 株探,https://news.google.com/rss/articles/CBMiUkFVX3lxTE5nMTJySWx3ZDZCc0U1NURfVUtpajczZm9ONXJVWGtWenZ5OVZwZFVYRmlhQlB4X2RuS01TSFRTT25VSlcwaHZ6NDBQRlgwUHk2WUE?oc=5,,,
2026-07-01,決算 上方修正,株探,酉島、今期最終を一転19％増益に上方修正・3期ぶり最高益、配当も4円増額 - 株探,https://news.google.com/rss/articles/CBMiUkFVX3lxTE1hQnAyZnVFcmd1dlhEUmoxMlBlNHd3NDRtSE1TR1J0Q3JBbDc4bURJY1BIYjNSSk5ibG5GT3lObVZhUTNibkhjOFZjODJGYXVvZmc?oc=5,,,
2026-07-01,決算 上方修正,Yahoo!ファイナンス,【決算速報】ＱＰＳＨＤ、前期経常を83％上方修正(株探ニュース) - Yahoo!ファイナンス,https://news.google.com/rss/articles/CBMihwFBVV95cUxNUUV6LW9mNUhJWEM5LWxNNzRIb0JXa2IxUVBfR2V4QVE0MGh0dFh6ZGdtT21JbG9Jd0gwNjYzT01QYURxanMwVE41RnZIMThlT05GVzVIWEozblVkZGV4YlJnSWx0ZWhDODA4eS1VTkJPSUtvSTIxVmlTeXFoWEprWW1BMmFzWDQ?oc=5,,,
2026-07-01,半導体 関連株,株探,AI半導体関連の派生テーマとして必見、「プリント基板」に活躍の舞台 ＜株探トップ特集＞ - 株探,https://news.google.com/rss/articles/CBMiYEFVX3lxTE5Dai05VHdlblhTTmx2V2JhaVZ2NXBYLTdSdjdHeGo2Mnk3amVrZ2dfT2V1OEg2OGJTNjZzSzNwaWFtYTVFUy05VEFhdW5KMGZCT1pNM2U5Q2ZQXy1ocDllUw?oc=5,,,
2026-07-01,半導体 関連株,トレーダーズ・ウェブ,〔Market Flash〕半導体関連株に買いの好機？～大和 | 個別記事 | ニュース - トレーダーズ・ウェブ,https://news.google.com/rss/articles/CBMiXEFVX3lxTE5ua0hvb2dabTZKVUs5cDVmZzJCR2djYmVYU0ozUUNvQ1B2OHR5SlFmS011dHZEUjI2SGo2VkN0bk9SUWlWQXVxUVZRYmtlN2R6M1ozb0dNMW80VXEz?oc=5,,,
2026-07-01,半導体 関連株,Yahoo!ニュース,日本株は続伸へ、米半導体株高やリバランス売り一巡－AI関連に買い（Bloomberg） - Yahoo!ニュース,https://news.google.com/rss/articles/CBMif0FVX3lxTE5xb295S0pnSmYxV0U3ZU9aTlRZeGpyakZfSkppdURqN2JzZ2hNUzlUTFhublNzY2JiSU1zN1VVZlpHOHZXemZDbEp4ejUxbzJVcmtJVWItRjRKeWNwZ1RCR01qSmhKeWhRRjRLZ0NSQmotUmR5Y0JRMjBBcXh2QkE?oc=5,,,
2026-07-01,半導体 関連株,四季報オンライン,KOKUSAIELEなど半導体関連が続伸､米国株高が波及 - 四季報オンライン,https://news.google.com/rss/articles/CBMiV0FVX3lxTFA0SmRJS016cXhVVEc1dnJYQzRPMjF3dGdmWlM3T3RPWnRmUzRHYmZDZmdSQlduWmlHczRBbmhUZVE1RjJCc09HVU5fcE1IaGFBYXRnaVozUQ?oc=5,,,
2026-07-01,半導体 関連株,Yahoo!ファイナンス,東京エレクトロン－新高値 米ハイテク株高を好感 半導体関連の買い続く(トレーダーズ・ウェブ) - Yahoo!ファイナンス,https://news.google.com/rss/articles/CBMihwFBVV95cUxNTHpXMThZOXNhTWg2dkhpS01jcERxYlM4Y09janhzelRmUEd3M3N6dzhkZTk4aVlYM3p6Z01wUUVtVUJVcUVfSlhrVUllS1pRTTFYNGcyWnhHWmtUc2g4eUt1UnZoaUN6c2lXeUt4anBpTk1jZnVkc3BaMzFrbkN6UHpLQkk2WE0?oc=5,,,
2026-07-01,半導体 関連株,日本経済新聞,上期の株価上昇率、AI半導体銘柄が席巻 シリコンサイクル見直しで評価一変 ヴェリタスEYE（6月30日） - 日本経済新聞,https://news.google.com/rss/articles/CBMifkFVX3lxTE1MVEN5RmMzOXE0T01xNlhWVlBQZi1XdGFmWlV2bEQ0M1lLOXQweExFbzhqZm5KQk5JYTlYUkdoVC1idFpaV2hZOVpQZGFtbkI0NS1oeXdpdDZLeXhJQ3RZM1ZjYmZKcVg1V0paUFJiclJ4TkRRQjRiYjU1enZfUQ?oc=5,,,
2026-07-01,AI 関連 日本株,株探,前場に注目すべき3つのポイント～フィジカルAI関連への物色に広がり～ - 株探,https://news.google.com/rss/articles/CBMiYEFVX3lxTE5GNHlCZDZLam1ncUs0eVMteWpSWlIyaWhoWjF0ODJsb3NaSlBfZDVxXzFJYUdXa0xhLWhybHloNDdYdi00ejBUaVQ4Tjljd2dNNEthSWNsYlBheExCdzF6WA?oc=5,,,
2026-07-01,AI 関連 日本株,arabnews.jp,日本株はAI関連銘柄の好調で上昇基調を続けているが、米イラン間の膠着状態が重しとなっている - arabnews.jp,https://news.google.com/rss/articles/CBMiZ0FVX3lxTE4zWml0S1p4RWI5bUc1MkIzaVE0NUk3Mk52eXZ2aGFpN2llNG1fSkkwdUdGeGlXTDRoUXlwMlNHcGdNbjhaMUh3cVdhd29VbXRNR0xkUmg5cG9BSmQzNExzdjBnR1FJWkU?oc=5,,,
2026-07-01,AI 関連 日本株,四季報オンライン,1日の日本株は3日続伸､AI関連や機械､銀行など高い - 四季報オンライン,https://news.google.com/rss/articles/CBMiV0FVX3lxTE4xYzcxS1YwNEVCRlZGWDg4Q0NHc1NpTW5ySXJMckwwVk5qTl9FdFpXaWdkSTZUZjNHSzBxLXpWRzZpcmxsSm9ZTnhDT3UyaTFwUlVEblM5VQ?oc=5,,,
2026-07-01,AI 関連 日本株,finance.biggo.jp,フィジカルAI関連に物色広がる、国産AI支援3873億円でファナックや安川電機に関心 - finance.biggo.jp,https://news.google.com/rss/articles/CBMidEFVX3lxTE1YMWdtNWNDRjQ1THZuRlotWEJSQ01JMS0wQ2gyYzdJN3ZET1BLRi1Mb3dGN0ZvY0o5MWRCbVdoVXJNMHMxdWRRR3ZZUkprTEFzVDdzSFl2cW1jZ1BlUFVxN3VfMzlpSmNHT3lVTXZsY2pIMk5K?oc=5,,,
2026-07-01,AI 関連 日本株,トウシル,AIで次に注目すべきはフィジカルAI！モノづくり大国・日本が再び主役になる日 - トウシル,https://news.google.com/rss/articles/CBMiWkFVX3lxTFA4SkRPTi0xRFd0TGFFQzFsYWhITEpwTUZWVnVRYjRZQmU2SGdGS28yRHNuekxMSktGYWdHUXdYNElXa0gtdlBHQUtScnQzeDlYSTk0c2NBWFV4dw?oc=5,,,
2026-07-01,新高値 銘柄,Yahoo!ファイナンス,ETF売買動向＝1日前引け、ＳＳ米高配、ｉＦＥ科創板が新高値(株探ニュース) - Yahoo!ファイナンス,https://news.google.com/rss/articles/CBMihwFBVV95cUxPelR0a2t4Y1lCd3JMaGdaeXRmY2xVZlowWU1IRUxQbk0yWW9PdkJ3T2YyRThIcUl6VkNPZUpvcmMyRDFlbVVLajB4NHBjeE9HNmJJa0x4Sk9fWlVqcW00VG5TQVA5UDBRWVpmdWR3cUhER09sOFdrTTRZd3NsNkpFSklzdi1yV1k?oc=5,,,
2026-07-01,新高値 銘柄,株探,京写は新高値更新、片面プリント基板で世界首位級の小型割安株 - 株探,https://news.google.com/rss/articles/CBMiYEFVX3lxTE01R29sTEI4eUxtX1VGVzBPOUhldnRodi1JSFZpc3N1SW5reFdEY0VQSjYtZkJlV0dteG93bC1Jdk5SUHBBTFBJZ2wwZndEbi15ZTJsZ2NFQmw0T0hIX2R5aw?oc=5,,,
2026-07-01,新高値 銘柄,Moomoo,東京エレクトロン－新高値 米ハイテク株高を好感 半導体関連の買い続く - Moomoo,https://news.google.com/rss/articles/CBMiV0FVX3lxTE5paXpyek92Sk5NZHVnODZubl9YN1ZkOV92OUUzazdxOUh3WTdvSEpJelFVNm11UFZMWUlmdl9Hd2VkSHJCUGxQMS1vQ3BXV01uRXc2SWN1QQ?oc=5,,,
2026-07-01,新高値 銘柄,トレーダーズ・ウェブ,東京エレクトロン－新高値 米ハイテク株高を好感 半導体関連の買い続く | 個別記事 | ニュース - トレーダーズ・ウェブ,https://news.google.com/rss/articles/CBMiV0FVX3lxTE5tYUpuOUVmeVhHUHVqLVpfWmJWWUhvblh3QU1qaWhORHFqZmpPMzFLRFJMSTlYUW9mWHZxcExtVEVwWl80dFBlTWN5a1VhVlZScmVMMEgzRQ?oc=5,,,
2026-07-01,好決算 株価,Yahoo!ファイナンス,本日注目すべき【好決算】銘柄 ＴＯＮＥ、アンドＳＴ、高島屋 (30日引け後 発表分)(株探ニュース) - Yahoo!ファイナンス,https://news.google.com/rss/articles/CBMihwFBVV95cUxNS2ExQ3F6Vnh2Y1hnTlJYX3hyRFBObmtmdUx5YWttVTYtRG1OVlBjMlZCckZLWk5fbTRPU1BSbTJqV2FaNFNVQXBuT1JvdTBUa195R25zUkRSbDdXX1U3bWVKblpTZFVRdXdUclBSRTNfQXRhWFBNVVhSZjFraFhKb3VFNEVZeDQ?oc=5,,,
2026-07-01,好決算 株価,株探,本日注目すべき【好決算】銘柄 タムロン、キャリアデザ (16日引け後 発表分) - 株探,https://news.google.com/rss/articles/CBMiYEFVX3lxTE8wa3V0TW9jR1A5QmZmMkpLdndFVDFKSEVzMzQ2VFVNMGVDcTM4R2xJVHM0MXk5UGVZVFFzQl9zdDRkV3FMOVVZV0MtMzZjV25mZ2FQdWVBYnR5bFd2ZUlRbA?oc=5,,,
2026-07-02,日本株 注目 銘柄,株探,【高配当利回り銘柄】ベスト30 ＜割安株特集＞ 7月1日版 - 株探,https://news.google.com/rss/articles/CBMiYEFVX3lxTE1Ndi00Sy1zc0M4VE5ZelJ5Mno1NWZrYk9aTXIzMFh6SGxKZTBaOFVXZFY5X0RzNUlSQVdIY0FYcmxNdS15NW9BS0hDbDBQMEczYWlFWEZPcnRPX19nVFRoLQ?oc=5,,,
2026-07-02,日本株 注目 銘柄,日本経済新聞,配電制御システムの寺崎電気産業、造船の更新需要が追い風 - 日本経済新聞,https://news.google.com/rss/articles/CBMifkFVX3lxTFBIVG1PNUJXWUQyYlY5MWxMQk56OVM2SDBuc0FuUFk4c3lQNkVNS1V4ZEEwTDVGUk5JSnJtYjVPLUg4VzhxS0lCVi14U0NCN3BUeno5bWJkRFVVWF9INWxKV0laSFRORFdCNUhwNVlsS1dvd3VCXzVJZTBPVkYwZw?oc=5,,,
2026-07-02,日本株 注目 銘柄,Yahoo!ファイナンス,テクニカルで選ぶ注目銘柄：信越化学＝日足一目均衡表の「雲」の上限を突破(ウエルスアドバイザー) - Yahoo!ファイナンス,https://news.google.com/rss/articles/CBMihwFBVV95cUxPczN5enBDSVBqdV9YRWE4a1BvZUoxWG1vRjR4ckpwVnZtVjlvSEY0Um55eDU2QUNQTFBxVDVuZDVnRE90UkNqVWdDdnZGdXlYNFJnOUFyYmE1SHZTUXp5Yks0cHZvT1RUMnh5WmJFaEhic3c5c2o2UUJNcVJtVmRKc29ORkFMa0E?oc=5,,,
2026-07-02,日本株 注目 銘柄,四季報オンライン,｢四季報｣発売！日経平均を牽引する｢外国人が買った銘柄｣50｜会社四季報オンライン - 四季報オンライン,https://news.google.com/rss/articles/CBMiV0FVX3lxTE5IN1lKazNHVF9TZDY2T3loeGNrRVB6clBNbllTMVZSeHQtWVRCZm14dlgxNHBYYUZwREtvRlRncG5kSUpPSUg3QmRVOFdzTGdaS290UVpkQQ?oc=5,,,
2026-07-02,決算 上方修正,株探,ＯＳＧ、上期経常を58％上方修正・7期ぶり最高益更新へ - 株探,https://news.google.com/rss/articles/CBMiUkFVX3lxTFBVVmhzR2VrdE90STlTbUJiVzQyTHlzLThvd2ZxOWxsa29BT0MzeEFNYUdrTkdIc05kYmlOVzNMeEFjNWxJMUh0Yl9BdkJqWi1FRVE?oc=5,,,
2026-07-02,決算 上方修正,Yahoo!ファイナンス,【決算速報】ＯＳＧ、上期経常を58％上方修正・7期ぶり最高益更新へ(株探ニュース) - Yahoo!ファイナンス,https://news.google.com/rss/articles/CBMihwFBVV95cUxQWHZxdzMtMlpycEZ2elBVbDlnMnkwRHZZQUFfM0NIZjRDVmJmY3VGeDB5RVFacldoNVJJSEJ0TGh2VWdXWkVWWTBZa2ZXQjFzQjYtODVMUHBXN21HZ1lxYmwwTFY1bW1TZU5vX3FmNVh1Y1NiejlWa1BXOVBaTHJBSDIzelB5aHc?oc=5,,,
2026-07-02,決算 上方修正,四季報オンライン,7月2日に業績・配当予想を修正した会社はこちら - 四季報オンライン,https://news.google.com/rss/articles/CBMiV0FVX3lxTE9mM2pISWRKT0w4TGVmbTNoV0FiRXhDSFE2aFBuY3JPc1RMYWoxYmp4UTZjS0xnaWtReHZsejZBSVdtM01NLUZfczNHeFhBcHpja3pGWkJqRQ?oc=5,,,
2026-07-02,決算 上方修正,マネクリ,【日本株】第1四半期決算で会社計画を上方修正した企業の実力、業績の着地と株価パフォーマンスの両面から検証 - マネクリ,https://news.google.com/rss/articles/CBMiV0FVX3lxTE9yeUh0bWJVZW1NZlJ2OFg1MkFQSHQxOUdlWFY0Y2N5UDRYd1ZkRVE2SXpHQk9hV21PdU5mSld0eGNzVGdiZzVGUGJoUEhONTk0UjRFNWIyVdIBV0FVX3lxTE9yeUh0bWJVZW1NZlJ2OFg1MkFQSHQxOUdlWFY0Y2N5UDRYd1ZkRVE2SXpHQk9hV21PdU5mSld0eGNzVGdiZzVGUGJoUEhONTk0UjRFNWIyVQ?oc=5,,,
2026-07-02,決算 上方修正,Yahoo!ファイナンス,【決算速報】大有機、上期経常を42％上方修正・4期ぶり最高益、通期も増額、配当も6円増額(株探ニュース) - Yahoo!ファイナンス,https://news.google.com/rss/articles/CBMihwFBVV95cUxNREYtQVFEZWlIME5INTVuYzlCb21SY1JMX3Vyb1I3M2Q5WGF4RHRYWTJybUF4TEk4c3FSVWIteUJNTWR2SFhUSTdhT1A3NFNWX3JEaVBaajV6QjFnX1V3NWVOQ3VqcXF6NnNNQnhQdEtwTlVsU09aZ1g4TXN4Zk1OVlNwUW1aRDg?oc=5,,,
2026-07-02,決算 上方修正,四季報オンライン,｢6月25日～7月1日に業績予想を更新した銘柄｣リスト - 四季報オンライン,https://news.google.com/rss/articles/CBMiV0FVX3lxTE82Y21DWEI4azhuWmJHNG9jTE5lR0xHMUloVFBJYzhTZ0tFc3RqR01HVU15WGFHUDBZNnMzY2JpWGFWa2hiX1ZoRU5hZTNpbXJNanRaOE5iNA?oc=5,,,
2026-07-02,決算 上方修正,株探,酉島、今期最終を一転19％増益に上方修正・3期ぶり最高益、配当も4円増額 - 株探,https://news.google.com/rss/articles/CBMiUkFVX3lxTE1YZEg4WDN1cm9PTF9IeG1uajRDVTh1TE5JYUFuZkhFYWstMEJZQ1RQdVlUa3Z1M3FPTmxQOG5DSDdZYlFJdUxTS0hhM1o1akI0RXc?oc=5,,,
2026-07-02,半導体 関連株,Yahoo!ニュース,キオクシアHDなどAI株急落、米株安やアップル中国製半導体検討（Bloomberg） - Yahoo!ニュース,https://news.google.com/rss/articles/CBMif0FVX3lxTE9ZQVZnMFNhNnc0TnlEWEdRNEFzSzg3VFNjYmJsV05DRnBjNXA5c09DUmxpaW9XZzMzWGdYRE9nUzZvMkJ6N0RhY0VnZTlVVGdWMTVoSURnd1k3T1pJak80eTA3aWdINURMNExlckNybnprOGNrUGNlaEY4X1lfUzg?oc=5,,,
2026-07-02,半導体 関連株,株探,前場に注目すべき3つのポイント～売り一巡後の半導体やAI関連株の底堅さを見極め～ - 株探,https://news.google.com/rss/articles/CBMiYEFVX3lxTFBncHUzajJpY2RLMzJnbzlweFZRcHJFMGg0RzNHQ29XM21NREk5LUZFUDA0Y3BJVklRY1A1T3NQbm9iMDlEakRBUW5CSXZjejgway02Z3NVT0pOSzVjOHhGaA?oc=5,,,
2026-07-02,半導体 関連株,Yahoo!ニュース,東京株、1741円安 6万9000円割れ、半導体関連に売り（時事通信） - Yahoo!ニュース,https://news.google.com/rss/articles/CBMif0FVX3lxTE8xT0NsTGlDXzVXODJ0M05UNmd3c3FrVW5CN05OYnNlOENHaVBnRTk4eUNXT0VyX0FSYllBUmZGMFBleXRkZnhBa2hNZGtfUS00MUp0NG9TT3EwR296SW5xMVpxOEJ1djVLYVh0NS1ZODZETHlCeVVCNXFteHA4bnc?oc=5,,,
2026-07-02,半導体 関連株,日本経済新聞,NYダウ小反落、13ドル安 AIや半導体関連株に売り - 日本経済新聞,https://news.google.com/rss/articles/CBMibEFVX3lxTE5iNXFXV09fX2JDTnNkb21kc1JkWlkwMXZsYTZDWHBteTVOSk81bHMwVzA1eS0wY21FSTVJZ0JOQ0FpU0x3THNrOFlFU3VmRlNxVDlSN3NGb0c0MTJVa2lDSTllaU9RSktTZlpENw?oc=5,,,
2026-07-02,半導体 関連株,SBI証券,AI・半導体で再注目？レアアース関連銘柄5選 - SBI証券,https://news.google.com/rss/articles/CBMiggFBVV95cUxPWmtGdlQ4ZmxIYmY2WndPdWtRS2JSSTdfYWNSXzYtOVJsMVBUWmdjT3R4TWNXekJDUzBsbGgtWW03TDJsQndGam9SZmduR3dJR3QxMlYwQzVEQVNyaThnZi1mT3dYbjlwN0FlaFhVekUydDQweW4zclR2SGh1VHhsQVJn?oc=5,,,
2026-07-02,半導体 関連株,四季報オンライン,これが日米の国策｢量子コンピューター｣関連21銘柄だ - 四季報オンライン,https://news.google.com/rss/articles/CBMiV0FVX3lxTFBxWkxBM1BPVk1abXFWQUg1WnFwOWQ5UndZcUN3U2RxbzdQS3lPejd2MnBpTE1taTdqeHlfZmd2NTRhdGNJQzZQMEs3YThLekdaVm91TDlPVQ?oc=5,,,
2026-07-02,半導体 関連株,Bloomberg.com,キオクシアHDなどAI株急落、米株安やアップル中国製半導体検討 - Bloomberg.com,https://news.google.com/rss/articles/CBMid0FVX3lxTFBIR2Z6THFHeWtUMEdVN194UUV2eUFRR1pGc3I3RFItaVp0aHR0bmNNQmJSekV4aEVzS0VGWU02QkZCUUpfaWZxbUZ1QWFHUXRPNGhMUS1lQ3lUNG1nalRHTFd2a2lNc2lsQ2VvaWlFcC1vMm5SSElR?oc=5,,,
2026-07-02,AI 関連 日本株,日本経済新聞,海外勢の日本株買い、1〜6月最大の9.7兆円 AI関連株に「宝の山」 - 日本経済新聞,https://news.google.com/rss/articles/CBMibEFVX3lxTE9uQ1lZT2xzUGhVWjRaZHZSLV85V19MV2U5dzFkcHZyaUMwckNsU2l1T0JZX2VKUzlwbDJ5cEFYbElkOHprcXRvdUYxRGc4cEtVc3NDOEM1aUV0SU12OW5LTVIzdkNQaUJkOEM4NA?oc=5,,,
2026-07-02,AI 関連 日本株,四季報オンライン,2日寄り付き直後の日経平均は反落､AI関連の一角安い - 四季報オンライン,https://news.google.com/rss/articles/CBMiV0FVX3lxTE5tXy0zMk0xSnJWZXhWaUtXX0w1bkxfczdmd1U3cUtjS3RqajluSFlIX09GUk13LWdnTnZIc2xmZUg3R0I2ajQ2ZUpkbTRlWVltT3VweHFvbw?oc=5,,,
2026-07-02,AI 関連 日本株,ニューズウィーク日本版,日経平均は4日ぶり反落、ＡＩ関連株安で 出遅れ銘柄には買いも - ニューズウィーク日本版,https://news.google.com/rss/articles/CBMiWkFVX3lxTE16VElNV0FNUXlheklkNC1TS3VGRGlSMzZHTkd0TjdpMENINHBnWGlrci0yemc1WWNjR0xIRXc3UW5FemNhV1V6WVI0ZXJ2STJEb2JfZmd0WlJCQQ?oc=5,,,
2026-07-02,AI 関連 日本株,Yahoo!ファイナンス,明日の戦略－AI関連が崩れて4桁下落、雇用統計を受けた米国株の反応に要注目(トレーダーズ・ウェブ) - Yahoo!ファイナンス,https://news.google.com/rss/articles/CBMihwFBVV95cUxPZzRHNzFzWU45dks2RmgwQlRTYmlOd2ZsVEJVTHBQZ0ljT281T1lqbXRoZkxMQ29IUXFYS0VoZkl6ODJRUTZQX2U4cWgybGNJR0NKZEpiRFNOLWFpTDdzRm5BZ1FHVTg4aURTcmdIZVp1VkpVaGl2b2taWGw4MGw1S1phWUFVVzg?oc=5,,,
2026-07-02,AI 関連 日本株,ｄメニューニュース,売り一巡後の半導体やAI関連株の底堅さを見極め - ｄメニューニュース,https://news.google.com/rss/articles/CBMijAFBVV95cUxQd0g1QTdaUHRjVWlxQV9vYkhHSDRqVzR1amdQeXI5LWlickM1cFY5cXVlSE9hZUwxbnJyMEcxQTJITDJfei1hQzVYbklTSWhhR1pQelpuSk00OTZZVzR2MUtBZHRhRktOWnotTTJQaHQ5OW8wMG1wd1JQaXBpRFdfSE1NUW43VXdPcFNsLdIBjAFBVV95cUxQd0g1QTdaUHRjVWlxQV9vYkhHSDRqVzR1amdQeXI5LWlickM1cFY5cXVlSE9hZUwxbnJyMEcxQTJITDJfei1hQzVYbklTSWhhR1pQelpuSk00OTZZVzR2MUtBZHRhRktOWnotTTJQaHQ5OW8wMG1wd1JQaXBpRFdfSE1NUW43VXdPcFNsLQ?oc=5,,,
2026-07-02,新高値 銘柄,Yahoo!ファイナンス,ETF売買動向＝2日前引け、地銀業界改革、ＳＰＤＲ５百が新高値(株探ニュース) - Yahoo!ファイナンス,https://news.google.com/rss/articles/CBMihwFBVV95cUxQUDhtS3VmNlBqdXVWc0RzaDkyeDFsem9qdk9OZzI3WWtxQmFXRk9kZG5VRjdYUm4ycEJoSkdPNkZibXIzdGxmRDNJQ3VQOU5rUUpxdHBPYjJ5RzBlQlF0bDZ2aFdIbm1WUnI1MXRoU0dUM245dk5mQ0sybk1FeUtzVndMWlc1dDQ?oc=5,,,
2026-07-02,新高値 銘柄,Moomoo,新高値目前の米国株と底入れ反発する香港株 - 6月26日及び29日の振り返り - Moomoo,https://news.google.com/rss/articles/CBMimAFBVV95cUxQU1Ixb1NjdU5XNEZpQUF3eHlkYU9wY1VZN3VjUF93UlhPMjNEbHhHWmtsSFFKSmlPaWtleUxfbTFrcnluN0g4RFVRT1dJTlp0ZTJLc0J3Z3BnckpKN1VMbVpORFh2QVdjbXJIcXpuLWota0huSWlEb3hScGcwbVM4N3ZQOHdvT3pFZ0pXNGFUblYyY2kxc0RFZw?oc=5,,,
2026-07-02,増配 自社株買い,日本経済新聞,富士通、営業益19%増 今期、11期連続増配 自社株買い1500億円 - 日本経済新聞,https://news.google.com/rss/articles/CBMiqAFBVV95cUxOa3pnMXI2b0hwU1V6Yk4zR3RBeFFQWnlNc3dGcW9kcVMyMmFoSVYzbkxQZFBzWVN1dXdZY2RVTnBMdjFIWTJnY0dMV2FVVFMta2xWYUpueF9FdU5SekJtSXBBSTBXNm5KU0dwU3FoMmxlU0d2a1hSRUZWQU52elNYa3V5VVFyc3NfazZoeUVMVjA4NlZlYjAxdXF1NFpITEdOQUt1SFRsOW8?oc=5,,,
2026-07-02,好決算 株価,四季報オンライン,"1Q""絶好調""も株価は低迷中､絶好の買い場迎える内需銘柄 - 四季報オンライン",https://news.google.com/rss/articles/CBMiV0FVX3lxTFBpQndzdldJckt3bjd2NEdJdkM0N3NrOHgtdmd1Y05IemJwSk1GeWw5aGNkQmo0VkxQZVkzSTM5U0tEbEZjR2dETU9JX1ByU3lBUXN0c1NTTQ?oc=5,,,
2026-07-02,好決算 株価,Yahoo!ファイナンス,本日注目すべき【好決算】銘柄 酉島、ＱＰＳＨＤ、平山 (1日引け後 発表分)(株探ニュース) - Yahoo!ファイナンス,https://news.google.com/rss/articles/CBMihwFBVV95cUxQMExnWWdsWGNkendSSzRsdTE4bllGSl8tXy01RzRSd2NBQ1Jja3NWbFREb25GNU1hYXM4X05mX05zSFdiTDdJTUt5S1NwU0E2Q2JKYWN5QWhuRVQ1R0M4QzBuNnhjTE5LM2YyWFlocTFMTWdUTU1CS2s2cnRyTGs5aTliYmlGeUk?oc=5,,,
2026-07-02,好決算 株価,Investing.com - FX | 株式市場 | ファイナンス | 金融ニュース,FBN証券、好決算を受けパロアルトネットワークスの目標株価を引き上げ 執筆 - Investing.com - FX | 株式市場 | ファイナンス | 金融ニュース,https://news.google.com/rss/articles/CBMidEFVX3lxTFA3bFpjLVJLQ29RWnBFWWFDcEdSUzZqLW9RekVQNXVQUzQ5b2tEeldBb25jM3Q2TVhXdjlEdHNiNUdjelRFVUlDZWxTeTNpT3U5NzE4azJWZGo2NFRtdVNiRm51amVjYS1jdnNYVnRsemtuaTZF?oc=5,,,
2026-07-03,日本株 注目 銘柄,ダイヤモンド・オンライン,【米国株】S&P500採用銘柄の中で投資判断が“買い”の「高配当株」4銘柄を紹介！ 利回り＝6.9％の｢ファイザー｣、利回り＝6.7％の｢アムコール｣などに注目！ - ダイヤモンド・オンライン,https://news.google.com/rss/articles/CBMiU0FVX3lxTFB1dWNMVmh3SnRuSDI0MDJnTldXRm44OEN2SHJPTDVIYW9MTWJKbFRDTnVHZnhYY00wV2ZfQVMwQUJJWUJJME5sankwQ2Q3dDRjak13?oc=5,,,
2026-07-03,日本株 注目 銘柄,四季報オンライン,編集長も注目！｢リユース銘柄｣連続2ケタ増益の好調7社 - 四季報オンライン,https://news.google.com/rss/articles/CBMiV0FVX3lxTE9YRVFqdkZzVEoyXzAxa0ZvcmRURUtGdlNhQjdVWGVNbTNRSXpVQ3M4TVc0MDZ2Z1AwSEgxUGhta01tYXVSQkQ3QUpxUFFBNGVkdHdKM19Saw?oc=5,,,
2026-07-03,日本株 注目 銘柄,Yahoo!ファイナンス,テクニカルで選ぶ注目銘柄：ＪＰＸ＝２５日線を突破、５日線と２５日線のミニＧＣ形成が射程圏内(ウエルスアドバイザー) - Yahoo!ファイナンス,https://news.google.com/rss/articles/CBMihwFBVV95cUxPQmRtXzktTmRKbTlzbE9MN09OaWRXdUxScTczUHRhTEpQNC04TG10VkJLMlJQdnJzM043UjBMUkdXWjFXbVFJb05TY0FxWTVTUURXTzE1c0Vndm5XU2d4akRnOW5tSzRHZUdYcEgteDFtZ3VjUF9VMXJkY1d1MC1EcVJiR0tNSDA?oc=5,,,
2026-07-03,決算 上方修正,kabushiki.jp,ＯＳＧが新高値、海外好調で業績予想を上方修正 速報 - kabushiki.jp,https://news.google.com/rss/articles/CBMiR0FVX3lxTE1YQ0ctOVVFMWI0c0hTbkVVenBuNUpVWXJuNV9OenpsMVRPanNhRGFNR01HREFSOFZ1MGVQWFBwY0RFWWQwcWhv?oc=5,,,
2026-07-03,決算 上方修正,四季報オンライン,OSGは2日ぶり上場来高値､2Q業績予想を上方修正 - 四季報オンライン,https://news.google.com/rss/articles/CBMiV0FVX3lxTFB2d19OaGVWX3FfbWdSaWpxYVJsUGYzNi05dmJGUUhQeF8wOFNfTWphY0l0TnJldVhGREY4czdXR2xHU05GYm9kQk9FbDhoamRTM1dRYjZwYw?oc=5,,,
2026-07-03,決算 上方修正,Yahoo!ファイナンス,ＯＳＧが新高値、海外好調で業績予想を上方修正(ウエルスアドバイザー) - Yahoo!ファイナンス,https://news.google.com/rss/articles/CBMihwFBVV95cUxOLXZ1SXJrMGZlaldzT0hXZjl4OTJxbTJiZjRDQmVQdW9zU09PNThuZWxTaXdvaTA0OExRU3dnY3hFaHQ3WEhGOThpTDcwSlJqSk9zcTdXU0ZsSnRQa0czbF92ZXN4T1FGd0V3T3o2R2R0OG9LeU1xc1R3YWd6VVJVcmJNRmZBRHM?oc=5,,,
2026-07-03,決算 上方修正,第一ライフ資産運用経済研究所,～目立つ生成AIブーム関連業種の収益計画上方修正～ - 第一ライフ資産運用経済研究所,https://news.google.com/rss/articles/CBMiW0FVX3lxTFB6MGJpc1FBT1Z0cFBFc3BHWjByeDJPbkktQmhJWHpPZ2VWVGI3ajBVWk9hTlNpNVFSQ0N1ak1Vd2xQaXY1SlJYeFJSWlE0dENHNGhyVzB6LUJTNW8?oc=5,,,
2026-07-03,決算 上方修正,Yahoo!ファイナンス,OSG、2Q上方修正 営業利益 156.0億円←103.5億円---決算チェック(フィスコ) - Yahoo!ファイナンス,https://news.google.com/rss/articles/CBMihwFBVV95cUxNNzJKamYyVnF5MmVNb2ZJaHNHLXIzM2NFcUl2Y3FrVzJpWEpCaE5IMTdvSXI1RzBxeWwtRE9WbEVxZFYzVHMzRXVRSUIxaU0tRURjSE9kMDR2N0pCbTMwY3BoWHoxcUM2ajZBbDhnZ3pLd1hFSGR3ZUMyWW1qZ0M3NXM3bUR3ZEU?oc=5,,,
2026-07-03,半導体 関連株,TBS NEWS DIG,日経平均株価 一時1100円下落 半導体関連銘柄が値下がり - TBS NEWS DIG,https://news.google.com/rss/articles/CBMiV0FVX3lxTE9qdzlfUkRoc2Nld2ozNUlfUHA2cEdyUjB0a2cwUXkxWXh1MjlRRTJkekU4YndZVkRtamVfcnhmRy1DdEZ6YjdGbmdQN29JQzE4Q0FueGxRbw?oc=5,,,
2026-07-03,半導体 関連株,日本経済新聞,Appleが中国からメモリー調達検討、半導体株下落 サンディスク14%安 - 日本経済新聞,https://news.google.com/rss/articles/CBMibEFVX3lxTFBxUHZvV0pSRHVaVkpOM1Q5SjZLaGhkWEdJMEZxb185WDJwbUtsS19CU20xWldzZnd2VC1UYi15M0NCZm1VbDRLMW9raUhTY2tvQWJZV1FjaTdJTGJBS1BnTGVVLUdpWFBMVVAydg?oc=5,,,
2026-07-03,半導体 関連株,四季報オンライン,3日の日本株は上昇､AI･半導体関連以外にも買い広がる - 四季報オンライン,https://news.google.com/rss/articles/CBMiV0FVX3lxTE1ITk1NLXpMd2JyOFRRRFpwRnZvX0NLVC1TRkpZcTRIMkVUcVpsMXJNajFwbFN5VWFvajZnS2hYQTRRUXdYeEZwWXB6YlA4aWhUQ0M1NUVmVQ?oc=5,,,
2026-07-03,半導体 関連株,ITmedia,Anthropic、Samsungと独自AIチップで協議か 報道受けNVIDIAなど半導体関連株が下落 - ITmedia,https://news.google.com/rss/articles/CBMibEFVX3lxTFBxNTZ2aWNEWV9RemRoZjYwc2RfSk80bm9aaktjSDFpa05ULUk4ZHo3VDlKVUZQcEVWX1FyZHNqdUNTbmVRMkVSdWl4RGpsQXpBNXpDcW5yTGo5aTNNVGRBMGlfa2d1M0FnSGpjOQ?oc=5,,,
2026-07-03,半導体 関連株,マネクリ,【米国株動向】エヌビディア［NVDA］、ブロードコム［AVGO］に続く「AI推論」関連株の有力候補：クアルコム［QCOM］ - マネクリ,https://news.google.com/rss/articles/CBMiVEFVX3lxTE82MGdQaXFTR19vdG43X0dEM2I1TjgwNzR5S2VjUi1ZTmJUX0tPN0J3RTVqNzFqSmtTVWVVbXZpUjNRb3hiV1ZwQ1kxVzR3STEyc2xJVdIBV0FVX3lxTE1kMWVMTkhlZkZqT2swQnpNazgyYlo3UjJIS2ZCT0JLam0yXzdDdGRGcEdYamNEMDJIdlRFX0hKZ3c4Q0ZUMzFCa1ZUOURJMndVM0RyYzFubw?oc=5,,,
2026-07-03,半導体 関連株,Yahoo!ニュース,日本株下落へ、米半導体株安でAI関連売り－米利上げ観測後退は支え（Bloomberg） - Yahoo!ニュース,https://news.google.com/rss/articles/CBMif0FVX3lxTE02SFJUenpKRHFnZ1hFbGdZNnhzMWFkV3JyRUpDV1FRZnhpVjl4Y09Fdk1DU3ByVGZTeVAzWGJpbTh1WHVQclVCbHl6cVJWa2NvVlBzN25HLS1HblJKR1hmak50RGlVbl9Ja2pQd3VqelVDQ0NpYS1ScnZSYkhwMW8?oc=5,,,
2026-07-03,半導体 関連株,トウシル,2026年後半の日本株戦略：AI半導体の押し目買いと割安株妙味。「循環物色」を考えよう（土信田雅之） - トウシル,https://news.google.com/rss/articles/CBMiWkFVX3lxTE1icWVNNEhJSm1HZHhTMkFLbzRVanFMeEIzNHlORks0T3RxWDZwNzl0bVBMdkZHaTNvZzJOR29BS0ZabE9Cemx2QU9Melo0eFY2X1hjVHd6MENWQQ?oc=5,,,
2026-07-03,AI 関連 日本株,トウシル,2026年後半の日本株戦略：AI半導体の押し目買いと割安株妙味。「循環物色」を考えよう（土信田雅之） - トウシル,https://news.google.com/rss/articles/CBMiY0FVX3lxTE9VeFpOeTR5YmJOLVFXb3l5cFhXS2szc3UxS1BNaDBwTmZoUlAxcUZvRGlhX0tyNzFwZmhCVXpicmRkZ0p4aC1qOFVxZm9uMm5ydWduNDAwRWNVXzlMSWxCWVAzQQ?oc=5,,,
2026-07-03,AI 関連 日本株,kabushiki.jp,日経平均は１０１０円高と大幅反発、ＡＩ関連持ち直しで高値圏推移＝３日後場 速報 - kabushiki.jp,https://news.google.com/rss/articles/CBMiR0FVX3lxTFByMExPWnBBaTc2dm1sWjY5NnlTbVkxSXNNUDA1c3JYeHAzNlZJdmRReGxRUUl1WHJOZnJrTWFNRFFRZEFqVTRZ?oc=5,,,
2026-07-03,新高値 銘柄,Moomoo,京写は新高値更新、片面プリント基板で世界首位級の小型割安株 - Moomoo,https://news.google.com/rss/articles/CBMihgFBVV95cUxQMnc0ZTM5YkRhR3JjT0V4Uk42RjhYa1lpRzYtaGQxaTRFeEp1c1otaVNyTDZsVnFsRC15NWpEVHdlVE5HWVpOYXgwRzlodUZlbUtkaFh2OWFnQnk1XzIzMzQ3MEFoMlhWbHdGOExzUFh4WWhwT3paWmVqWnd1NmJ5S04tal8ydw?oc=5,,,
2026-07-03,新高値 銘柄,みんかぶ,京写は新高値更新、片面プリント基板で世界首位級の小型割安株 - みんかぶ,https://news.google.com/rss/articles/CBMiSEFVX3lxTE4zMGQwMXdweDV0SXRsb3ZCdkM1ZGtVUWlaQUFNV3hseUpXVFFmOUZwZUpfdmxqRlpkYWlGOTFTRkgtcGsyNW9NQQ?oc=5,,,
2026-07-03,好決算 株価,Yahoo!ファイナンス,本日注目すべき【好決算】銘柄 大有機、クスリアオキ、ＯＳＧ (2日引け後 発表分)(株探ニュース) - Yahoo!ファイナンス,https://news.google.com/rss/articles/CBMihwFBVV95cUxNaUNUdlVlT1dVN3ctZFZ3R2dMbFRaTkRiWGgzZDg5czd2bjNYUmYxQlFzNkl6bGJ6WFp3TG8zZUI3QjhvSkFuckh5OUtONmNSUXJmU0FmeGdVNXRZQW1qeDNHOXJFLV85VWl6ZklOLXE3cGNxbTdnVEtiOG0wRkpQMjNEQnRlMXM?oc=5,,,
2026-07-03,好決算 株価,Investing.com - FX | 株式市場 | ファイナンス | 金融ニュース,ジェフリーズ、好決算受けファクトセットの目標株価を253ドルに引き上げ 執筆 - Investing.com - FX | 株式市場 | ファイナンス | 金融ニュース,https://news.google.com/rss/articles/CBMidEFVX3lxTE9Da2oyZGlva2x6VzM4RVJ4X0RMQWFtSjM4Q3AxR0RNUHV6akp2UjJaLXdCVXJxeF9BV1daNW15RTVRaDhCVExkTjIxb1pJbVNRT1FlX2pGMWhIZElaamJPQWJzZEtCbGpzZjN6XzRTOHlLaFcy?oc=5,,,
2026-07-04,日本株 注目 銘柄,マネクリ,【日本株】2026年上半期の株価上昇率トップ3を検証。日経平均大幅高の背景にある「業績の裏付け」と下半期の焦点 - マネクリ,https://news.google.com/rss/articles/CBMiVEFVX3lxTFBEV2J0Wm5XbXFyUDA0QXVkNzZ0ckw1Mjd0RWJ1dFh4WERtSzg3aEdoXzNQU3EzUGhCMnZoQXJEVGxTNHVpWFdaaHpiNF96Mk1SM2JacQ?oc=5,,,
2026-07-04,日本株 注目 銘柄,note,GPIFが“隠れ大株主”の厳選20銘柄——あなたのポートフォリオに国民年金は入っているか - note,https://news.google.com/rss/articles/CBMiW0FVX3lxTE1kU0RiUmR2dUJWUEg4bkkxUDVCV25uRHRHTVAzcElNbHNyMTVEcnQ1QVYtU1JCVngxYzJuMzc2ZmRPSU02Nl9hR09waF9fUm5SSHp5Y0dDaUVEclk?oc=5,,,
2026-07-04,決算 上方修正,株探,今週の【決算】見どころ 全チェック！ ＜決算特集＞ - 株探,https://news.google.com/rss/articles/CBMiUkFVX3lxTE9NQXFZc3hFYldRTm1URDBSYzZfZEpQV0pPaVh3S2xOS1VPRFhqVVpMLXFndnZCNHZtdUpIT3pubG14bzVsS05MNURJUU5CcVE1Qmc?oc=5,,,
2026-07-04,決算 上方修正,日本経済新聞,決算:OSGの12月〜5月期、純利益93%増に上方修正 原材料価格抑制 - 日本経済新聞,https://news.google.com/rss/articles/CBMibEFVX3lxTE8xRXBsVThlZmtyVTlJNVVMbkxkcE0yVy1CMTF6eXhWZU9HYkhwdjdGU05CcTE1S0p2cXY3aEVZcjZYejJJWGtVNnlGYUNoUjVwVEl0UnJmdW9VdXN2RDdHNHFYeEZ5LUdSR3lBcA?oc=5,,,
2026-07-04,半導体 関連株,トウシル,【米国株】7月半導体相場の勝ち筋、サマーラリーは来るか? - トウシル,https://news.google.com/rss/articles/CBMiWkFVX3lxTE9lbnlERmVraGRRNWxYdURaQTJWS1BFMlBvazhibFJPV0t6OFVDSWJPbW9EWVU1TUs0ZllERmRaaW5lN21qQXJPakxmU0VZYmJlMVkxQWM5TzJMUQ?oc=5,,,
2026-07-04,半導体 関連株,株探,キオクシア---大幅続落、AI・半導体からの資金流出など警戒も - 株探,https://news.google.com/rss/articles/CBMiYEFVX3lxTFBuS0tGWmVwdlAtVmJUanJVMDdJZTRGT3lVak5PODRJendxdVhMQ2VqS3N5eGVya0lMN3hETDJMZTFPeVd6U09iZ253NHoyakFXSElOVkdpUWNYY0lKM2dHNw?oc=5,,,
2026-07-04,半導体 関連株,会社四季報オンライン,キオクシアHDなど半導体関連が続落､一巡後は下げ渋る動きも - 会社四季報オンライン,https://news.google.com/rss/articles/CBMiV0FVX3lxTE9hMHRsaWFaWHFpYmRGcXVMd21MYU1GQXJKQTY0aVJVX3RUTkZIZmxES1BqVlFxcXpEZm5wdV9TZXRVWWFNbXJfMm1ta3BtYzU0S196Rk12TQ?oc=5,,,
2026-07-04,新高値 銘柄,Moomoo,【AIメインテーマ追跡】新高値更新ならず、相場は一夜で冬の様相？買うべきか否か？ - Moomoo,https://news.google.com/rss/articles/CBMirAFBVV95cUxPdk1Ia01pUXVyb056UUJQSVRqWXhCSm5xU21uemE1cVJ0Q3BPV0NJMW55TG1mVW9jT05FampqcVF0b3gtZ2dnY3RpN1QwOGROQWNuOUhmZUZDb0UtVkIwcmhDNWdRTjJJNkJzUUw4M0JSaUR4SFk1MFVxcUNsLVFVZnNjbmRCZHZnWUpRcWFwZXFLdG1nMmlncTBoc0c5X283RFItMXBrT01NTUZu?oc=5,,,
2026-07-04,好決算 株価,SBI証券,NISA向き？50万円未満で買える好業績・好配当期待11銘柄 - SBI証券,https://news.google.com/rss/articles/CBMif0FVX3lxTE1rQzQzSjFVUi05V05iRFZKRFJHandjMjhjdWJycmdsVEFhR1hEeGxYQmY5UW8wakxfMmdaclMxRUZPNG15SkZ2UWhtRDBCLWxQYmZKWFF3X0tkVW5hQjItVGJuWVpZLWY4WkxlSmQxM01RRjA4eUFraEFXSVFzblU?oc=5,,,
2026-07-04,好決算 株価,Yahoo!ファイナンス,旭化成－MSMUFGが目標株価引き上げ 好業績継続へ〔DZH 個別株情報〕(時事通信) - Yahoo!ファイナンス,https://news.google.com/rss/articles/CBMihwFBVV95cUxNZ1FUUjFlOEJWUTBpSUNnNG80bGp4aDhMeHVDdGxpQlIyVWtZc3BRWmtIRi1KdXc0N09XNVNxN2lJN09ZVm5mM1lSTUxCZmpCajJnYWJJbDRHSkZvbWFlU0ZIcDFJak5aODFhcTlGaHRmbUdNR2FqNFM0M2pHV1RjV1NyMWFpQkE?oc=5,,,
2026-07-05,日本株 注目 銘柄,ダイヤモンド・オンライン,NISAで人気の「日本株」ランキング【2026年7月】楽天証券の「NISA口座(成長投資枠)」で買われている「日本株」の買付金額＆保有残高ランキングを発表！ - ダイヤモンド・オンライン,https://news.google.com/rss/articles/CBMiU0FVX3lxTE9Sel9GTFZUT2ZmZmh5Z3JtZTRvSHBXSl9JaDhwckp1WHczc1dtSWZCbGloWTU5TlVXVHM4Rm9SRTAzOU1ObkEyTWVLYVVoS25ZLVI4?oc=5,,,
2026-07-05,日本株 注目 銘柄,ダイヤモンド・オンライン,【米国株】ナスダック上場で投資判断が“買い”の有望株2銘柄を紹介！ 半導体検査装置の｢テラダイン｣、AIによる効率化に期待のスーパー｢ウォルマート｣に注目 - ダイヤモンド・オンライン,https://news.google.com/rss/articles/CBMiU0FVX3lxTE9qSUttNlhsWmhuZk5XSld0bHJYSnhnQ0ZxQ2FfYnMydUQ1TzREMmxncTk3SkJPY2hLcFZ2NmNiNnlCclBvUFA2LXpmak1Jemp5VVJJ?oc=5,,,
2026-07-05,日本株 注目 銘柄,Yahoo!ニュース,【日本株】2026年・夏の「おすすめ高配当株」2銘柄！業績好調で営業益が過去最高の「Umios」、同業他社より高配当で割安な「長谷工コーポレーション」に注目！（ダイヤモンド・ザイ） - Yahoo!ニュース,https://news.google.com/rss/articles/CBMif0FVX3lxTE1aR0p1U0tWU0hsWjM5dFZRRElhVmdyRnlfMlRQTXE2V05fY1d4Y3lNbUUxYjBVZXNHZGxraXlicjFrYnZPenYzaHZncnZrR2JHblpyXzhlZHg0UU9vb0hJTDVua3hoY0UySmVoZTdOVHQxZDFzYmwwRkdlT3l3MUE?oc=5,,,
2026-07-05,日本株 注目 銘柄,Yahoo!ファイナンス,【日本株ランキング】今期に「売上が伸びる株＆業績の上ブレ期待株」ベスト5！ 成長率383％の「データセクション」、会社予想が慎重な「ネクセラファーマ」に注目(ダイヤモンド・ザイ) - Yahoo!ファイナンス,https://news.google.com/rss/articles/CBMihwFBVV95cUxNZHBpYzg5Y2xzc3BUd0JvbHdnbFlSem83TlBZQWkydmc2VmZ4TlNkZFZWUEE2NV9UYjI1eGNhUVVBMlc3VTE4OEtfMHNneWJJREZtcWE0UWlfOTc5RkpJQkgxMElaQVQ1R1hUT2l0Zl9FZ3V0U1NNMnAtc2pHRVp2LXFUYl9GZTA?oc=5,,,
2026-07-05,決算 上方修正,Yahoo!ファイナンス,今週の通期【業績上方修正】銘柄一覧 (6/29～7/3 発表分)(株探ニュース) - Yahoo!ファイナンス,https://news.google.com/rss/articles/CBMihwFBVV95cUxPeDc3cm5GejE3MDdETml0b3R0NG9jSGI5bGs1T1JCOEZhWFN3SEZtSU1wRG4wTnFDOWdKTWFMeWduMmZ0Y2UzZmZTSU9WdWtMRWZaSkE1Y3FTRVcwWEl0ODVZYThaVHpyWGVwQU9PcTIzR1RYYXpyUk5yaGU3b3pfNGdQMFpTTmc?oc=5,,,
2026-07-05,決算 上方修正,kabushiki.jp,ＯＳＧが新高値、海外好調で業績予想を上方修正 速報 - kabushiki.jp,https://news.google.com/rss/articles/CBMiR0FVX3lxTE1td09GaU14dk14RkltZW5PSWdGSlpLZHNFWE4wZFJIMHBxQzZJbkFMU2RjUTFoOHlMaFdwbF9DV252Y3JPQXRr?oc=5,,,
2026-07-05,半導体 関連株,株探,【今週読まれた記事】AI半導体相場は一服？ 内需に資金流入の気配 - 株探,https://news.google.com/rss/articles/CBMiYEFVX3lxTFB6Y01maHBLM0I5MXJXcTAybFo5WTgzbHBHUkFEZnVOLXdPenRTSkp2c29Wb0FSZFFSeGdTeU1nQmd2N2pUVG5iUWFVNVV0MFBSek9OSHR3QzNZLXFSSFRWTA?oc=5,,,
2026-07-05,半導体 関連株,Yahoo!ニュース,キオクシア株急騰のその先》2年弱で資産17.5倍の元証券マン・かぶカブキさんが「この先も半導体相場は続く」と見る根拠 最強AI企業・アンソロピックの上場に警戒すべき理由とは（マネーポストWEB - Yahoo!ニュース,https://news.google.com/rss/articles/CBMif0FVX3lxTFBzTmViQzkwYTdtRjVmMnVPd2hMRVk2WW00Ti1xdi1LdlJ4RmFwdEhxWlVpUDE4QUowVFI5TFB3ZDJ1VF9SVUtNcnFiY2d2NURZWDIwcmEwemJsbTgtRHdqWDIyZHVFU2lqZWdGbmpuZmhZV1lfb2hTbW5oQnBhSlU?oc=5,,,
2026-07-05,半導体 関連株,株探,キオクシアは一時６万円台まで調整、ＳＯＸ５％超安で半導体関連への売り圧力続く - 株探,https://news.google.com/rss/articles/CBMiYEFVX3lxTE5NV3Nwd080YkhRemZlNFRvRnNUekRoeG11eXlCZ0dWM0ZSMHluN1ctYThfeVZaczJkYjBRN1I1YmFMVzRMRkdZdERUTFNxU0dTX25nNDJUaGo2OXl0VUR2Mw?oc=5,,,
2026-07-05,半導体 関連株,Reuters,今日の株式見通し＝続落へ、半導体株安継続 循環物色でＴＯＰＩＸ優位 - Reuters,https://news.google.com/rss/articles/CBMigAFBVV95cUxOU1NxYklyS2F5S2FydGdVZHB6U0tuMzFIOWw5cWlnV3ZId1JzSWh5WDVZelV0Y2xqVUdFVGtuUmhSR0Vlb0tPcG56eWZNV2t4S0g3QU9Fa3Fwd0hLUXlCcXNBb0Q4dXZiWjcwQmtwZzdVTEN0aW5sUER2WG1veXd3aw?oc=5,,,
2026-07-05,新高値 銘柄,Yahoo!ファイナンス,ETF売買動向＝3日前引け、ｉＳ米増配株、ＧＸＵＳ配当が新高値(株探ニュース) - Yahoo!ファイナンス,https://news.google.com/rss/articles/CBMihwFBVV95cUxPTmk4QW5XZS1FejRiN242UldRWjZCbUpEd2R6ZDkxRXJEMngzNFhRRDhIUzNiajZPNVlmaU1uZjNKX2xkLVU5bURhYzRlS21qMVpyOEg4Y2VraC1NaFFaT3ZQX0tya2NQUEpGcFNzZm9GTHVTa25RblNtMmVjNEo4emFhcjVBYjA?oc=5,,,
2026-07-05,好決算 株価,Yahoo!ファイナンス,明日注目すべき【好決算】銘柄 エクスＭ、アスクル (3日引け後 発表分)(株探ニュース) - Yahoo!ファイナンス,https://news.google.com/rss/articles/CBMihwFBVV95cUxNTlNqTUhoeEx4VmVIajFvNVZxaHFRRzhuVzNEM2FKZnJ1VmRJR3plRTJhRkY0d3puS2txcjdTZXNRQUtsQTN2Qy15YkV5S1FvTTd1N09VdkFFanRSOG5xckhRLU1FTF9LY1d5U2hfbHZfVHNvdjFQT2Q1T2FaeVZtaExhUFRLNzQ?oc=5,,,
2026-07-06,日本株 注目 銘柄,Yahoo!ファイナンス,テクニカルで選ぶ注目銘柄：ＭＳ＆ＡＤ＝２５日線を突破、５日線と２５日線のミニＧＣ形成が視野に(ウエルスアドバイザー) - Yahoo!ファイナンス,https://news.google.com/rss/articles/CBMihwFBVV95cUxOTWN4Z2d4VHZHOVdEOUdjdlpYLTlRbE42cTFtNTVUNmNLSnl0VUNwUGFBOXR3LVZaVGlUVEU2Z3UtakRPTXZTR01nR0VKMHB6cHJScnRLakpVV29sMGt0MFduVXd5Z3pONW1PMHp0RjdKcFd1aDhleFJtVVNyZU82YmM5TGdieDg?oc=5,,,
2026-07-06,日本株 注目 銘柄,週刊エコノミスト Online,資源循環サバイバル：リサイクル・リユース関連日本株 注目22銘柄 和島英樹 - 週刊エコノミスト Online,https://news.google.com/rss/articles/CBMif0FVX3lxTE1wWUtRclFwWmhyQ2dwTEpIYVMyT25wWDZJdGZhXzJHSEpWSUY0VG1UZWRYcFF4cW90YjEzeEdDc2ZUUXVkR3VBc29kcW1kNGdPQ3oydzVDWUdTVUtVR1VvYlVBa2Q5amE5dk9XNklXeEhMeDJHd05vNEdHUEJWSWc?oc=5,,,
2026-07-06,日本株 注目 銘柄,ダイヤモンド・オンライン,【米国株】ニューヨーク証券取引所で株価上昇に期待の2銘柄！ 値上がり益＆高配当が狙える｢アッヴィ｣、AI向けの大型発電設備で伸びる｢キャタピラー｣に注目 - ダイヤモンド・オンライン,https://news.google.com/rss/articles/CBMiU0FVX3lxTE5oWlVKdlMxeU9aTG1feEIxZUFRSm54dHp5Qmh2bnhNaVhNUjB2N1hVNEJyUktlMm1xckRnNS1tQnV2MmZqckF0c0RfZkh5N0RISkIw?oc=5,,,
2026-07-06,日本株 注目 銘柄,現代ビジネス,【新NISA】7月配当取りを狙える、注目の日本株「増配株4選」を実名公開 - 現代ビジネス,https://news.google.com/rss/articles/CBMiWEFVX3lxTFBjWVpTTzZOMl9WTmlfd2dzRWw1QjNCWmh1SGhxaWFBMWJDZzdsQ3J2NF82ai1VbERzNVRZeG5rMlMwMFk5OVVCMnlwN2EyaXRERmxGMHNkQl8?oc=5,,,
2026-07-06,日本株 注目 銘柄,EBC Financial Group,不景気に強い株おすすめ10選【2026年最新】景気後退でも注目される日本株・米国株を解説 - EBC Financial Group,https://news.google.com/rss/articles/CBMiUkFVX3lxTE1wXzE5ZFVkYnRCZ3ZranRVVldEb01sazU4SnE0cGRlbXMyNThfcnltSXZCdWotcnRTVmZJcmgwQlQwenpDV081VkYwTi1uR3JCTnc?oc=5,,,
2026-07-06,決算 上方修正,株探,夏相場に先回り！ 26年12月期「上方修正」期待の有力6銘柄リスト ＜株探トップ特集＞ - 株探,https://news.google.com/rss/articles/CBMiYEFVX3lxTE4zVEJ6N0ppekZXT3NnZmdCRk5paE42b0lLaWRHX0ltcVhOdjQ1STJFWktJQm9GdlZWTFhpSW1NMW9RZC12a0VmaXJqX2tQYkxqaWRtQ0FWd1U0aXZrMjhpUQ?oc=5,,,
2026-07-06,決算 上方修正,日本経済新聞,決算:ネクステージの26年11月期、純利益34％増の171億円に上方修正 - 日本経済新聞,https://news.google.com/rss/articles/CBMibEFVX3lxTE5fV0NWRkROQkdFd2RnN1BtMFhsWmZlZU5DLTJTeEt6cHFwOWR5SDFTNGFHeVI1czBBWXQxR2FRYl9IN2xqbGk3UlUyR0U4WE1mM09WX3g2VW9INFp4SVp3dEVicVdQc0JSaFlZcQ?oc=5,,,
2026-07-06,決算 上方修正,Yahoo!ファイナンス,【決算速報】ネクステージ、今期経常を13％上方修正・最高益予想を上乗せ(株探ニュース) - Yahoo!ファイナンス,https://news.google.com/rss/articles/CBMihwFBVV95cUxNcWJQZmtNdHRCYnZNZnJMVzJkU2NRX3pDREZJRy1lbEtMa3FrZWJFNGcxekNxNkFZZjVoOVpZREQ4aE11YVRYd0djdV9qQnRRVWJBOV92YUcySExtallIamlOc1RhNzlMRndkNTNOekRzM2M0ZW9RT0FmN2h2QjV6V0tyM1ltZFU?oc=5,,,
2026-07-06,半導体 関連株,トウシル,AI・半導体株に「物色終了」のお知らせ？…株価の命運を握る「転換点」は今週金曜か - トウシル,https://news.google.com/rss/articles/CBMiWkFVX3lxTE5jSmxHdlBpc1NKazYxLU1kZnU5RVY3THUzc2lXWDRlQkxvek1BUG4wckRzREpjX3hXY1JndmNQV0dSSTF0U3lJUFF3M0oxTkhzRlIxeDBMaHZndw?oc=5,,,
2026-07-06,半導体 関連株,会社四季報オンライン,｢隠れ半導体関連｣としてどんどん存在感を増すあの銘柄 - 会社四季報オンライン,https://news.google.com/rss/articles/CBMiV0FVX3lxTFA4SnhwTk1JZjZUTEFvdHhFSFBFR25BWmVoRkVxX0VlM25pU2l1MmhtbkVqVlRfSmpLR1J1V3RaZ1NGdlF1ZGJEV0wyMk5TVlVDNVhSaXBwUQ?oc=5,,,
2026-07-06,半導体 関連株,TBS NEWS DIG,米国株は上値重い展開に、半導体以外への資金移動進む－モルガンＳ - TBS NEWS DIG,https://news.google.com/rss/articles/CBMidEFVX3lxTE5SVHpXU2tXS3ZpbXhTWXRsNTdsMlVVR3BoTmk4TWZreDlHc01IZTNCdU9rbjUzSEpEYjV1elkyWDl2Z0tnQm9hXzJaWE1NZnR6WGRQNF9JOUpiZWZiQnRBNFJvQlFsamdBczR0ZmVVaEJMT1NN?oc=5,,,
2026-07-06,半導体 関連株,株探,三菱重など防衛株が高い、ＡＩ半導体株高一服でリターンリバーサルの動き - 株探,https://news.google.com/rss/articles/CBMiYEFVX3lxTE5IdC1FN1pSY0YtYm1ORGlPRm45TXpYeFRYUFdub0lGT0M1LXprMW5hUGZoWTBQWi1hQTBmNDhXZV9zLTEzT0xiWGkzLWRKLVoteEpWT1ppbkN3LXpqLXNpaw?oc=5,,,
2026-07-06,半導体 関連株,Yahoo!ファイナンス,半導体関連が値下がり上位、利益確定売りが波及【今日の市場はどう動いた？】 - Yahoo!ファイナンス,https://news.google.com/rss/articles/CBMiZEFVX3lxTE5ERlB5bE9HQjJrczRDU1ZhV2k3MWJLVUVvNm91RXVfek9mRm1Wb2NOM0dNN0NuRGNVSGxYS3J1RFduWThxNXNkWFpoRVZkS2pHX2lqLWxaTy15RGN6OHg3NVplZkI?oc=5,,,
2026-07-06,半導体 関連株,トウシル,日経平均大荒れ。半導体・AI関連株は高値波乱、出遅れ小型株に注目（窪田真之） - トウシル,https://news.google.com/rss/articles/CBMiWkFVX3lxTE54R1Bkc25semloUGNOLXFtTVFsT2JqRU0tckpvNmEyZmZzY25MT3E5NE9Gd3Z1cTYyWjV5ek1nS0Q4Wk40R2R6endMdVlPV2tRc0hYakVfX2VEQQ?oc=5,,,
2026-07-06,半導体 関連株,財経新聞,相場展望　７月６日号　米国株：➀AI・半導体関連株の継続か②消費・景気敏感株に転換か、潮目の変化に注目／日本株：AI・半導体関連に売り、値動き激しく、騰落率レシオは更なる下落を示唆 - 財経新聞,https://news.google.com/rss/articles/CBMiY0FVX3lxTE1EWkphWjdRdzhvVGlqSWtVLVhRM3hzMTgxVjJfMGd4Z185MHdPZkJwSjBPZGRnRXJmX2xPYW51Zzk1UEItSENMd0VxOHBWd21aZkF3TGExbkVQb0hhdkc3OHgwWdIBaEFVX3lxTE8xdzhYNFRSSzNNUV9BenFZYkJwS1BabzllNlk0WXFGTnBfZzhrM0hZVjJDRnpiTTR0Mk13QzAxcFdRcGtwUjduUFZ2TzI3ejBlVWtfOHk0QVFqMVI1dkRnM3VuQWdvNUNT?oc=5,,,
2026-07-06,半導体 関連株,トウシル,【今週の日本株】AI・半導体に暗雲？…循環物色すすむ相場の「注目イベント」を整理 - トウシル,https://news.google.com/rss/articles/CBMiWkFVX3lxTE1xMVRFUnNVU0ZoNVB5bXg3Nk9XbVE3YzJwazhfODNpYVNJSjJMckJ0b3NsTFBaVFJ3cVNaUl85WkxXWjdQWWRldExEbDNEMnJWR0pCRklobm9ndw?oc=5,,,
2026-07-06,AI 関連 日本株,日本経済新聞,S&P500、年末にかけ下落へ AI関連株に調整圧力 - 日本経済新聞,https://news.google.com/rss/articles/CBMifkFVX3lxTE5nelVBeXJWUFBfYkxRcm9nV0NrZGRjeXpuWjlxOWR2NW41eVM1Q0taMlNxSFg5MjY1bXROQzRpeGFRenliZ0dra21pbHJ1Qzlsamw5NFdpbUhtX19KT3gxeDhlSzVDUkRYS1g5OU9CWEEyMl82Zk5hYUU3Rk1zZw?oc=5,,,
2026-07-06,AI 関連 日本株,会社四季報オンライン,6日の日本株はTOPIXが最高値を更新､AI以外に買い - 会社四季報オンライン,https://news.google.com/rss/articles/CBMiV0FVX3lxTFBfWDFOaWV0ZFZ3ZlQwWDMtTndwMWxUTWh4N0g3TU9SeDdZaE14OUVhZ214M3h1NS1uU040aDlnVTZhWTZZUXhrREJOTmpPYllYaHYzVmRjWQ?oc=5,,,
2026-07-06,AI 関連 日本株,Moomoo,株価指数先物【昼】 半導体やAI関連株にらみでのスキャルピング - Moomoo,https://news.google.com/rss/articles/CBMihgFBVV95cUxQay1FOXpCNUtzb0FsS1FhQ19iMlZ4TWtIMHEwU0ZNSTZVbzdwZ1dNMk11U0Roa2VSSmthczdCUExEdnVwNWhhMGFLUUFycmN0YmNtRjh1dUFLbHdNU1piZ29wd2l5enMycVRrVTJ5TXg3U2Y4bjQtcllQRld4WF9xa1Nod3BUdw?oc=5,,,
2026-07-06,AI 関連 日本株,Yahoo!ファイナンス,〔中国・香港株式〕上昇＝AI関連株以外に買いが広がる（6日前場）(時事通信) - Yahoo!ファイナンス,https://news.google.com/rss/articles/CBMifkFVX3lxTE1qQlBiaWc2QWZrZmJ1UjdwNzBQczdIWWdsTGZhbWJHTVJnTWNxM2dSY3ZQc2tSSkdiUFNNVk16LVNKcUZYM3ltTGpPNnl0ZTNrb0Ziem0xU0VKbnVHbTdIWjctcnV0bTFwbTdSeFVqamZla2ZDc1JqRE9WbUJoUQ?oc=5,,,
2026-07-06,AI 関連 日本株,日本経済新聞,AI以外に分散、当面続く 好業績期待や高市銘柄に注目 ヴェリタスEYE（7月6日） - 日本経済新聞,https://news.google.com/rss/articles/CBMifkFVX3lxTE9vVmYyalNfRmZjWElZYkdqbURNUlFscjNlSTlBQ2k3bkdYbG1VX3JSajRVTHRzeFpWY3NBazZRMUwxX0I4VjhpSEtkNjNTVzY5czZYeU5wa24tSFotLVRSamN5NEFXSzVIeVhQT3BvNWNWdVNPMS1WWndFYkZWdw?oc=5,,,
2026-07-06,新高値 銘柄,Yahoo!ファイナンス,ETF売買動向＝6日前引け、野村欧州株、ＧＸ超短円債が新高値(株探ニュース) - Yahoo!ファイナンス,https://news.google.com/rss/articles/CBMihwFBVV95cUxOdUZid01nUnlnZjJvMzhGZU1lTS1fMGtkQm5sOGN1NUhyQXI5MzJPZEp6cEdsb093a291VzRYSnJWT3FhOE85VEV3eWJJSUJ5SFpsNUZqMkgzZk5wQ0pPM3ppd3haTlBHdDdpQkJybjZPekNpMXZiZ1AwbC1ZN0VSS1BUUUJHOWs?oc=5,,,
2026-07-06,好決算 株価,Yahoo!ファイナンス,本日注目すべき【好決算】銘柄 エクスＭ、アスクル (3日引け後 発表分)(株探ニュース) - Yahoo!ファイナンス,https://news.google.com/rss/articles/CBMihwFBVV95cUxQTnlsSW43cVhVaGpGWFJETVVGYklkazlLNzVBdlFUU2dhYmNhMy1KVV9acUUySm9DemtNQm5obEU1bmJoaFdXUlVvc1BTTlg4Y1RMMmRvaF9VdEVyVnIyNkVsOUxoUkFaZ0VoSl9lS0NoTG5VeXhCYnR3SFJiR28zTHdxalc3Yzg?oc=5,,,
2026-07-07,日本株 注目 銘柄,Yahoo!ファイナンス,テクニカルで選ぶ注目銘柄：三菱重工＝５日線と２５日線のミニＧＣ形成、週足でも１３週線を上回る(ウエルスアドバイザー) - Yahoo!ファイナンス,https://news.google.com/rss/articles/CBMihwFBVV95cUxPT08wQjljQWhFalM3c29MLXNtVGxNY1c3VmR0YV8xQWlTRnc2bzhPNGZWbVZDS3c5LTZqamlHUW9aVGxLdXNlbG9pMm9zSUJWcUljT0VIYmFSVUdqVDByNmhmUHhlZ3JNeWN3Y3FNa2RuV0JRVDNFTkxDYWpXTUFJMDNjdm5vQXM?oc=5,,,
2026-07-07,日本株 注目 銘柄,SBI証券,2026年株価上昇基調！だけど割安感強い5銘柄 - SBI証券,https://news.google.com/rss/articles/CBMiggFBVV95cUxNc1F3YXhYWVZpYVJJWGNxNnNwT1NtYTFYQ2lQRUV0V3RtUlIwUmFIMlI2V2V1ZjRRS1RJaDlYbW1MZWRENUZGSTNCNG40TURDamtKa2psTHNCWHQ0SFIwZEl3NDdBWWNCT1hyc0xoTWM3cTA3U3gySWJJVDctOUlhOHVn?oc=5,,,
2026-07-07,日本株 注目 銘柄,Yahoo!ニュース,【日本株】2026年・夏の「おすすめ大型株」2銘柄！ がん治療薬の売上が大幅に伸びる「アステラス製薬」、業績好調で株主還元にも積極的な「伊藤忠商事」に注目（ダイヤモンド・ザイ） - Yahoo!ニュース,https://news.google.com/rss/articles/CBMif0FVX3lxTE0yNzkwanpQYVJFU0RmQ1Vlbm9XSm52d2piVjBNd1BKWkFmUG9TUDhmLW1nalZIaVcwT3ZLMENMckVyd2hfM1g5VDM1UEVmZ0Z4YUI1VkFNT1RXVHZla2VLbVpGTmRZQW9JNlBFQlNTTFBtVDY5MU5nMElINW00a28?oc=5,,,
2026-07-07,決算 上方修正,Yahoo!ファイナンス,【決算速報】ノート、今期経常を61％上方修正・最高益予想を上乗せ(株探ニュース) - Yahoo!ファイナンス,https://news.google.com/rss/articles/CBMihwFBVV95cUxPblc2WldvVzZsUnBkazlSQWw2SFE2S0pFdUNIai1tQjdwcWtnOG5WZzNsczgxMnBteE5DenNYVUtndUY1YUlEdFFveGpVdm9GVXYwSnRqRGtZZjVQaVNyMXZpX0JqNy0yTnBrUXpENG5UZThIS3dqRGFwUkNEQ0lGek5yT1BqQlk?oc=5,,,
2026-07-07,決算 上方修正,みんかぶ,ネクステージが急反落、２６年１１月期業績予想を上方修正も材料出尽くし感 - みんかぶ,https://news.google.com/rss/articles/CBMiRkFVX3lxTE1hVVhzaHdJekFDMG5JZmpPaERzWm41ZHlaaGc5YnBlcERRbklmeTZ1eXFHMDlwOUk1MDhXaVdBYWJqT0kwWXc?oc=5,,,
2026-07-07,決算 上方修正,Yahoo!ファイナンス,【決算速報】ＫＧ情報、今期経常を5％上方修正(株探ニュース) - Yahoo!ファイナンス,https://news.google.com/rss/articles/CBMihwFBVV95cUxOa25RXzBBNTZSczZXSEdCZ1ZBbXdKSEtqeE1BV2w5Zks5ZG1rd3JnUmJMYThJaW1RQktWaHR6SFd2VGpPak4xNkJqQjlZakZicFVjQ2NNY2ZOOEdpME9nV19kS2c3dkR3VVZhY1BPMXA0VWJuU2xwMVpOUzg1bVoyOXVJVXJ6X2s?oc=5,,,
2026-07-07,半導体 関連株,TBS NEWS DIG,韓国株急落、AI相場警戒で半導体株売り－KOSPI一時8%安で売買停止に - TBS NEWS DIG,https://news.google.com/rss/articles/CBMidEFVX3lxTE5VQjBZRHNZc25PUVZIRy0yXzd5NWc3NTdFMjdWa0xKSG5YQUl4TERSRnd0TUsxT3Uyanh4NE5GdWoxNnNSa1U4MDhncm9tcHNSczZ2OWw1d0tEUkJKRXkxM1VTNVZOc1BNa2hRZkJ1ME9pVGdI?oc=5,,,
2026-07-07,半導体 関連株,かぶたん,前場に注目すべき3つのポイント～半導体やAI関連株の底堅さを見極めながらの相場展開～ - かぶたん,https://news.google.com/rss/articles/CBMiYEFVX3lxTE1QSlhsclA1WHMxVHZiR3JKU1VuYWxCV082YlhjbG5jcDRva0VfMkkzNG5PRlFOWUtfNmVSOVcxb3BPNFFqQmZaWmZiTGJ1aHQ3SFZRN0s1dmFhV0phM2xNUw?oc=5,,,
2026-07-07,半導体 関連株,Yahoo!ファイナンス,【ゲームエンタメ株前場(7/7)】AI・半導体関連からの循環物色で買い優勢か 新作リリース控えるサイバー年初来高値 ブシロード、カバー続伸(gamebiz) - Yahoo!ファイナンス,https://news.google.com/rss/articles/CBMihwFBVV95cUxNWC0zSUl4SFo2dUMya3JFVlBwbzBpeXR3aXprRFVhbWstNHkxSDVNbXFLVEhVMXZJdWZ0THhveHJJY1ZGa2R6MlU5OGpBa3o1a3NBaW5KNndTV09IczlTU0x0OWVTNFlqS3E3ODI4MkJMQjZ3ejBZa09tMmlVX2hGYzBCMlB0Unc?oc=5,,,
2026-07-07,半導体 関連株,マネクリ,（朝）米国市場は3指数揃って上昇　半導体関連銘柄が上昇を牽引 - マネクリ,https://news.google.com/rss/articles/CBMiVEFVX3lxTE1hMHo5U1VqaWhnc2VQeE5KalQ2TC1fejBNbXBMTkl0QTlpeHBPUlVyYVFaNkw1MzFZcTdaLW5sLUs2RzNMa2dsMVZfVm5wWmdfZGNVONIBV0FVX3lxTE41LTY4NWI4bzBBb0tuQ1hpbWxfNzRjVFVjQ0JUUXY4TTB1QjNWNEFMSEZnY3JBb1h3V2MxUlphcnJvTGU4SjltcDROdWtCQjVLVXNBZEpSMA?oc=5,,,
2026-07-07,半導体 関連株,日本経済新聞,半導体ETFの口数急増 関連銘柄「全推し」でリスク分散 - 日本経済新聞,https://news.google.com/rss/articles/CBMibEFVX3lxTE5sVjlreUJKQ01hOGRqNFNyUkZFV0NSQUZaTEcxZXBMR0xRdXVrTFZVdFlzMHQ1dU5ob05BOEZOSVVrYmhlZGFNMGZNUEJ4LVJUbXF0T2FLQmxTZENhOWxOM2Voal9xUE1hZDF2Qw?oc=5,,,
2026-07-07,半導体 関連株,Business Insider Japan,S&P500・オルカン 最新情報。7日は堅調、半導体・AI関連株が再び主役に - Business Insider Japan,https://news.google.com/rss/articles/CBMif0FVX3lxTE1GUmZkZGhJUnZkeXBkaUw5ZkFBel9CLTVUdDkwaHhlTDNWdEktRUwxLUFoWHg5VnNSRUVXQzNxQUdOU0d2dENSUXdPVjRnQmZ5MkhVZUh3dXgyMUZwWUtfLXBiSWlCR1o5cm0yTTBFbi10aU0ybEtNTzRYbWFVUWM?oc=5,,,
2026-07-07,AI 関連 日本株,Yahoo!ファイナンス,日本株はAI関連売り継続でリスクオフ【今日の市場はどう動いた？】 - Yahoo!ファイナンス,https://news.google.com/rss/articles/CBMiZEFVX3lxTE1qcXFrdlFHblV5ZzNzQzVwY1lZOXA3dUFGRHhOX1FWYTlrRWJZUXJsN19DRC1ocnBrTlA1MXlaN09UcE4xOWc3SE5yeGgwMkZfOEQ3YlZjdzU0Y05WZ3l6eTA3NGE?oc=5,,,
2026-07-07,AI 関連 日本株,四季報オンライン,7日の日本株は下落､AI･半導体関連株の一角が急落 - 四季報オンライン,https://news.google.com/rss/articles/CBMiV0FVX3lxTFBvVlI1VXQ0Vk1IRzZ6ejRCNll1WkUwZ3hES2dvd3dlWF8yTkFIcW1WMEVjcGNiYXFjaDRtTlpURWhxdGFxSGZXNFp4enJ3RzM1MWMzbmdoUQ?oc=5,,,
2026-07-07,AI 関連 日本株,ｄメニューニュース,AI関連株安の流れが波及し大幅続落【クロージング】 - ｄメニューニュース,https://news.google.com/rss/articles/CBMimgFBVV95cUxNWEY5c1Z4VVVvWTVZZXh0Q2NuRUpjV29fbFNHTWZLN0VVMXhrQUxNTWs2TENLSjItZ05zVjd6dU16WEFFZkJDWGNoNGllOU5KVTVldkhKamlBSlVxaGZEQnZpV2l1NmlyMzFwQnZzQk9PZ1VpSG1GVmp5b3Mxal9WTXBUd0VsVDhzWFREX0txWS1uc2xXeEp6NktB0gGMAUFVX3lxTE1HODNzYzNkVDBsOWhFS3F1elhYMHlLcUhGZ3FQd29sSUZOeHAzc1pRTDctNmdPaFAzMHY5UUZSTkFDRWlZLWR1dTVsMzYzZmlieTFOeXcyNjdQTE96bm14T0ZHLTdxYndqai1IdXlfOUJwUlZLR3JacGl1OGRFNmRyQ1c5YVpHVmI3R2d2?oc=5,,,
2026-07-07,AI 関連 日本株,Yahoo!ファイナンス,株式新聞プレミアム＝ＭＳＣＩ指数、ＡＩ関連株の組み入れ加速へ―ＫＯＫＵＳＡ、ＮＧＫなど採用候補に(ウエルスアドバイザー) - Yahoo!ファイナンス,https://news.google.com/rss/articles/CBMihwFBVV95cUxQUUtUTHFxX0Zkenl3S0thYmtNcVRkci1MYW9FTjFEaElnTm1QajFqYUZMV0c1ZnRDS0VPN2lWQmZxa2lfbWgwU2lkRTBpYWhsRkFxMzRyMndheHBzYzRIMHFPdXh0U01vNkhfREtaTFNZQ2J6NXhTRDR5Z0t2YXE4cndtOXllX0k?oc=5,,,
2026-07-07,新高値 銘柄,Yahoo!ファイナンス,ETF売買動向＝7日前引け、ｉＳ設備人材、ＳＰＤＲ５百が新高値(株探ニュース) - Yahoo!ファイナンス,https://news.google.com/rss/articles/CBMihwFBVV95cUxPdHBpT2kxUkt0U2J6X3d0N3ViMGdwRmVoZzZwd3pwaXZHM3lQLXVvM1Roc002V01iSnRUa1BqbENULTYyRnhRbTk2QlFQY1N0OWZna0NKTkM0TjVEU2lLYk5KanNfN0xFejZzNVltVEtIUmx0ZWFWQ0dJazRWSFZLRTNDSmhrR0E?oc=5,,,
2026-07-07,増配 自社株買い,Yahoo!ファイナンス,ナガイレーベン---大幅続伸、増配や自社株買いの発表を好感(フィスコ) - Yahoo!ファイナンス,https://news.google.com/rss/articles/CBMihwFBVV95cUxORHFpUGlPcmt1QzhUWVpNTmJQaDZUQ0N5SnFHaEZMZ2hhSUZOc096VmhnbkRjMmtnRWxpcXJkOVNtMlZqZzR1b2dmb3g1VmFlczNlRndYNzA0eXJmUWF3eExvdnVyaWJ1cmFyWUR4YUhFWDFkbF96d1RNVS1tWUxYdDFtQUllWVE?oc=5,,,
2026-07-07,増配 自社株買い,CAPCOM,株主還元（配当・自己株式） | 株式・債券情報 | 株式会社カプコン - CAPCOM,https://news.google.com/rss/articles/CBMiXkFVX3lxTFBRTUZPSFJyZ1Bha0xJM21OQnI3emVlRzBaelQ3bkI2MFJFTlBJalFnY2gzc0FEdUNGejlZM2hXMjZXUGJBdFoyX1lzSVZWLTZ6aGxDZ3pxNTd0dlRmTUE?oc=5,,,
2026-07-07,好決算 株価,日本経済新聞,日経平均、終値1480円安 サムスン好決算でもAIラリー復活ならず - 日本経済新聞,https://news.google.com/rss/articles/CBMibEFVX3lxTE1ZRHFNb2wzWmhmemJMbnBRcUU5ZDdnWHZMRHdJZmZ0QjdGeFdWYWtadm1xbUxFaGNMNGlGZFRPNW5oUDVKYzd6RU5jempMa1p0aVRtRmx6d1daZUc5dmljQXJnV0xUVGFPQzZUOQ?oc=5,,,
2026-07-07,好決算 株価,Investing.com - FX | 株式市場 | ファイナンス | 金融ニュース,アジアの半導体株が下落、サムスンの好決算もAIバリュエーション懸念を払拭できず 執筆 - Investing.com - FX | 株式市場 | ファイナンス | 金融ニュース,https://news.google.com/rss/articles/CBMicEFVX3lxTE5jVnFUaVRkaFQyUTBoWTUzWjB0eGNfMmVhMUQtdWxCVXN5OGxpN0VPTTlJQnhfcWxaSlJOU3BPZUplalNhdUhRY2EwX3lHYUx0djhNQm41WU84OUh3T0o0bi1jWGhUbk92SXZ3ZlhDRXE?oc=5,,,
2026-07-07,好決算 株価,みんかぶ FX/為替,アジア株 韓国株急落 好決算サムスン電子10%安、投資家の「高すぎる期待値」 - みんかぶ FX/為替,https://news.google.com/rss/articles/CBMiSEFVX3lxTE1zakFBekR4LXp4UURzdHZqNWdsbG5UUHdReE5NQmRFR0N4V0lxYzRPNElmYXoydFhFNUN2TFRQOTEtTjNUa0lDaw?oc=5,,,
2026-07-07,好決算 株価,ig.com,米国株、AIブームの行方に暗雲？ S&P500上昇 サムスンの株価は急落 - ig.com,https://news.google.com/rss/articles/CBMitwFBVV95cUxOMnp4bU13MGp3ZU9SS3JOc25EbzVOVF9na1NCd3gwUXJoeWhKZFVsQ0VibGozS3RwUE0yM3ptaHhaNkVOd1lteUtwdTM0aUtMZGdJSG1MMENsT3Y4N2tNSDF2TkdQYlc1SVdIa2FIYzNRZHVyU3R6b0U5dTNBRG1adkEwb0ZCV0Z2MG5LVGRnNEh5OUZHeVVObmNSOHYwTHloZkhoVmFHVm1aRXFCbHJvOUcxbUJSc0U?oc=5,,,
2026-07-07,好決算 株価,Yahoo!ニュース,好決算なのになぜサンリオ株は乱高下する？プロが読み解く「個人vs空売り機関」の需給戦（LIMO） - Yahoo!ニュース,https://news.google.com/rss/articles/CBMiiAFBVV95cUxQR1JOTzlMalVidDlhdGtoR3ltdHl0NG5DVkpCODJGOEpqZzFPOGx1THpHUlJTQkM3VjhVd0FxY3ZXNDZJU2R5SnlqN05ySElzMUFYOXpWRVZ6dHA4eFYydmVZVjVSS3pVR0lxdVdaZUk5UU1pRDhjZDVyYUVuNlJQRzY2NU44SkRa?oc=5,,,
2026-07-07,好決算 株価,Chosunbiz,サムスン電子好決算でも株安 利確優勢 - CHOSUNBIZ - Chosunbiz,https://news.google.com/rss/articles/CBMiiAFBVV95cUxPN01RVkF4aWg4Y0ZjVnNUYVRGaFMxcGwtaGFNeDdGWnhtNlFTbm9ldjR0MGRTZ3ZNYXRLNzZjdWdXOWE1LTVRZWYtajdrTmFKclhrUzBxSjZZaDhObG12U2VUT2hDcmZUWURQVElfdG1zVmxzbkw4OW5JQTc1ekxPOS1ac2k1bmdJ0gGcAUFVX3lxTE1mQVBNaXZqUUlQWVluQWxqVXJ2czhPZHl5el9weWpQdG4wSHdWczJUVkxNaERoQkdzbzQ4R1Q0eUhyNzFyRUIyQ1BzQXNlcFFHLXg0U3d1ZDF5cVRiTDdGVGhkbG9mZHJQaG5YTGxBclp4U0hCSzhwLXJ4NURfYzVQVTVGUkZweGUweHRQZkVDTzN0T0I1em40NFd5cA?oc=5,,,
2026-07-08,日本株 注目 銘柄,Yahoo!ファイナンス,テクニカルで選ぶ注目銘柄：三菱地所＝日足一目均衡表の「雲」の上限を突破(ウエルスアドバイザー) - Yahoo!ファイナンス,https://news.google.com/rss/articles/CBMihwFBVV95cUxQMmhOd0NpVFhlT2d6UXNFYmRsZi1mcTVKOXVscmxwTEVZQmoxbDc2bDVZV3I1Wk9PZXlKX3FLR1BQTUpSUnZBdl92ZFJmc2pCN2h2WUxQVFZoaXdHQWJtTlpCek9rTTZ0c1RRS2l0TFdidkZMSHlfZy01MjJhemliSXBnbVRnb1k?oc=5,,,
2026-07-08,決算 上方修正,株探,放電精密---ストップ高、第1四半期好決算で業績上方修正 - 株探,https://news.google.com/rss/articles/CBMiYEFVX3lxTE5jakdDMzQ3VWZLTVhOZ3FydHowOEJ2SEt0ZktweWFYQ3JXeExBVWlsVWQxOWVRSUoxdW5pTzJUWExMMkZVM3FNN0VvQnNLQUs1R2FhRWJwQWJwUk8tTjQwMA?oc=5,,,
2026-07-08,決算 上方修正,Yahoo!ファイナンス,【決算速報】グランド、今期経常を一転19％増益に上方修正(株探ニュース) - Yahoo!ファイナンス,https://news.google.com/rss/articles/CBMihwFBVV95cUxPcE5jZVlUVVZ3eThaREEzMlRVcEZnNUZnSVIzQzZ1MENvRlZpVE4zSnlxQTFyeXFOaHJTX29rbUJBZVlKU3p1SHdyeTQzSkwxYWVDbEpBVnhnMC1yWk5rQUxCR1RFQlluM3ZtQ3pJeU55YnRtbFl3SVRhb3NmcUkxbExlMGZVN3M?oc=5,,,
2026-07-08,決算 上方修正,ダイヤモンド・オンライン,放電精密---ストップ高、第1四半期好決算で業績上方修正 - ダイヤモンド・オンライン,https://news.google.com/rss/articles/CBMiU0FVX3lxTFBrUDdHUkFCZnhwYWVlSDVFY1VSakREQy1wTGFRSXBDYlRQN3FNS0VFajB6SUxzUXM3d2ZqRmQ0T1FqMHY0THpsMW9ybWcza0FMaUt3?oc=5,,,
2026-07-08,決算 上方修正,BigGo ファイナンス,ノートが経常益61％上方修正、放電精密も最高益上乗せ 7日引け後決算サプライズ - BigGo ファイナンス,https://news.google.com/rss/articles/CBMidEFVX3lxTE9lVHVMT21IYVh6bTB2Sk5aNTEzOUU5UUhsekRKdVVFbzRtT2pnaGxqaDFET2p5d0RNUDFFVEQwYUVUNlpKTmJfZTFFVE9iN2VsSVU1ZlBWaWlJLVlQNi02UFBueDhtckg5eUJIQ3UtR2o0U18t?oc=5,,,
2026-07-08,決算 上方修正,Moomoo,ノートが２６年１１月期業績予想を上方修正 - Moomoo,https://news.google.com/rss/articles/CBMiV0FVX3lxTE9VZ1VkaTN2aXFrY1cwMUtiZ29IdWVmUXpsWFh2NXZaampSLWxDbjdLN3pVYkt2Q0Yyd0ktNXpKbUx3SGJRWkJMNzQ0ZFJ2OVVVXzI3WGRCdw?oc=5,,,
2026-07-08,半導体 関連株,ロイター,米国株式市場＝反落、半導体株に売り ＡＩ相場の持続性に疑念 - ロイター,https://news.google.com/rss/articles/CBMigAFBVV95cUxPV1ZWV1dTQklSLVEzazVqVlU2QU94WlJIVVBkVWxRZzBiQkh0cGh4MUZCUUdpTmpDWGFWU09HQkw4MlVOUFZuRXF4NnJJVVdHUHlUcEl6N0lvVV9WbnR1VFE5U3VzTjc1UG94MUVLMm9DSWgyd1JXLXZqNEhGT2VLRQ?oc=5,,,
2026-07-08,半導体 関連株,マネクリ,（朝）米国市場は3指数揃って下落　半導体関連銘柄の下落が相場全体に波及し売り優勢の展開 - マネクリ,https://news.google.com/rss/articles/CBMiVEFVX3lxTE1COTV4b3BjZ3ZmZWtMUzlvQUdkYmQ5TFRRYnlzaVdxSnhvSklFREUxdHlCVXJrMjBVNlN1SUlrN3lEZ0Zib0pXajQwSzJXVTg0aG9McNIBV0FVX3lxTFBSRlRURF9JcllwWTZaWng4VGlZVFVLdkhPY0dfRU03WnVXY000QUlyd2xpWmlsQjI5MmJmOTFNYjVEeDh4UkdxZzIxdnBHSWZSSl9URkxkRQ?oc=5,,,
2026-07-08,半導体 関連株,ダイヤモンド・オンライン,日経平均株価は25日移動平均線を下回り、調整が長期化する可能性も！ ただし、長期の上昇トレンドは継続中なので、AI･半導関連株の押し目待ちのスタンスで！ - ダイヤモンド・オンライン,https://news.google.com/rss/articles/CBMiU0FVX3lxTE1HNXYxcnBPRnpyZTFPd1RpOVoyQUdKMWQydDhGMkxyWTBONnRkd25iVWZIbGMzNFRIM2tOMWNXVXFSX2UyMEEzeXJNNlR6cTFZTlJB?oc=5,,,
2026-07-08,半導体 関連株,株探,半導体やAI関連株の底堅さを見極めながらの相場展開／オープニングコメント - 株探,https://news.google.com/rss/articles/CBMiYEFVX3lxTE96YWdiQjFrLU1WYllKRWZhTFBZdFM5UTdPdkNkZTJ4cF96Uk1KYVJDQmJHZ3Byelk4OVprLXBEOHVwNkprMUpZd2YtVjV3aTNRdFlLWEoxYWl3V3BnNHZ5Sw?oc=5,,,
2026-07-08,AI 関連 日本株,株探,前場に注目すべき3つのポイント～半導体やAI関連株の押し目を探る相場展開～ - 株探,https://news.google.com/rss/articles/CBMiYEFVX3lxTE1IcHFBZ2ZBaUpabE5oeVZ0TWhfTGxsQ2pQOEYzeG5RRWFucjcwT0xObkZVZHlPS3d5T0dBRzZMbVkyRS1JNWxHYXJDeW1RN3p4LUZzOWZaSjFGUnpSamh2Tg?oc=5,,,
2026-07-08,AI 関連 日本株,Yahoo!ファイナンス,AI関連に利益確定売り、グロースの値動き荒く【今日の市場はどう動いた？】 - Yahoo!ファイナンス,https://news.google.com/rss/articles/CBMiZEFVX3lxTE5PXzhNUnlmM2E4TmM1UnJhWFdMVmtLNE5KUWFVMldWWG5xZFNHdWE3ZUMtU2RVSGx0WXRqOVNsZDdMbGlLTFZTYTBJM3BpVHUwWHlxMnBuUnhKWW5WU281SVNCekY?oc=5,,,
2026-07-08,AI 関連 日本株,Moomoo,AI関連銘柄が苦戦する中、がん研究関連は上昇 — moomooの投資テーマ - Moomoo,https://news.google.com/rss/articles/CBMiswFBVV95cUxQYUt6MUxkNWN4RXVsRk95dXdpMzhINjdtMFJqQXN6eXhBUlhFaUZRMkZIYm5ZRjFEc1NhTGpxWWs1Z2ZrMFBBTDZzZDJZT0NFVktQbmpKdVAzY0pISXF6SXJUQmtCbVJYb0ZDcVNMaWlQSDF1bzIyUzdHY1pZX00zV0Z5MDFHT3MxdlhhaHdLMEcwSlZZZnFDX1ZfOTQ1N29obWt2Z251VThVX1ZTd2U1cUhlVQ?oc=5,,,
2026-07-08,AI 関連 日本株,nomura.co.jp,日本株で進む「一極集中」 ローテーション後もAI相場は終わらない 野村證券ストラテジストが解説 - nomura.co.jp,https://news.google.com/rss/articles/CBMiX0FVX3lxTE55cjdmaEdReWhpLTdVTEhKV1VtMjhTN3BWSU1qbzJQQWtSbm9BRXhRTVcxUXZiY3ZTVWppZ2pFV0l5d09BTUdVTS1RQXFHX1ZLZ2FzVHNjXzdnQi1ibkhn?oc=5,,,
2026-07-08,AI 関連 日本株,ｄメニューニュース,半導体やAI関連株の押し目を探る相場展開 - ｄメニューニュース,https://news.google.com/rss/articles/CBMihwFBVV95cUxOVjE1cWJlNzBRTGh1U3BOaDgxbkE4VDBLd0w4RC1qTjJfN29FSnFjRjdxNGl3MnpfX1ZwU0RoakM3dFdfY1FGelVjT0ltRFl4TVYwMWhlNGVPeU0zYWw3UWJkMlEwTFNoVTRoejZpU0JvQ2tYRUNrWHBSa3VzS0xfdWZWOHFETEHSAYwBQVVfeXFMTURwOFREUnJXeG9maGRwUFBPVzI4bTA1NUZELTRDMnd5bTJYUG50M1U5SDlXT3pUWU41X0VKRzFYaVlSUWdRSHVHYVhDZTZrdHByUXExNTFrSllENTlNel84VUhMZjgyRUtqQU02aTd3MlZMcnNJZTUyVXlkUHQtR09FQ2ZmbmFTa2tUeDU?oc=5,,,
2026-07-08,新高値 銘柄,Yahoo!ファイナンス,ETF売買動向＝8日前引け、ＧＸＳカバコ、野村ＳＰ配貴が新高値(株探ニュース) - Yahoo!ファイナンス,https://news.google.com/rss/articles/CBMihwFBVV95cUxNNHZKNEx0LW80bVVvRmd5RVdacGcyRFlVQThsNTQ3UlBTcnV4VnhSTmZqaW9hNlNpdndIbG9OOFpZWDlrRzVUTGdJbE9mUzJudzlRZk5lSmphaFNjcG1PT1BkNFNZYnJ0VDBmM0RDZkl6cE8xT1BiaHR4NWFrcGNfSzFUS2RGcFk?oc=5,,,
2026-07-08,新高値 銘柄,Moomoo,サンディスク、新高値更新：メモリ株で投資家が次に注視すべきポイントは？ - Moomoo,https://news.google.com/rss/articles/CBMisgFBVV95cUxNSWU5NnpPeFNTN09LRk15a2xyMEM4ZGtnamNhQnJBSW9FQnRjY21ZYVBHLUNTOTZzN2ZMcXYzRGVIcFhCMkZGR1RSZGtMM2JJajM4YmVaNmpYZktEbnBBM1JpUGdyNk9EWDgxYzJjNXRZdkhGTmNiLWVtMEZiUmdKdTFWbEVvZkFfQm1VMzRBYTd1aGRVb0NSbGxxMy10am1WZHhvTXprcFRJU3N5eENxWmlR?oc=5,,,
2026-07-08,好決算 株価,四季報オンライン,岩井コスモHDは20年ぶり最高値更新､好決算見越した資金流入 - 四季報オンライン,https://news.google.com/rss/articles/CBMiV0FVX3lxTE8tcXZiTE5ISE55QWdpTmpBMTdWZy1UQXl3STVzY3kyd3drdWJLdWhqMEtTTFJHZ25ELWZabFpFU0JJVkNQelRoNFBPeUZrd0g0WjFJaUVRSQ?oc=5,,,
2026-07-08,好決算 株価,日経CNBC online,キオクシア決算に一抹の不安 サムスン電子の好決算でも株価は大幅安 - 日経CNBC online,https://news.google.com/rss/articles/CBMiVEFVX3lxTE9RLXZTTG9fYy1ldVVwdldFODFXS2psTThQOHdVLXRnbWRyaDRLVklrQk1LMlRfb0EtWEdMZ0kwRGZpUlZYLTVUUDl1eEN5U2E0VVozRQ?oc=5,,,
2026-07-08,好決算 株価,Yahoo!ファイナンス,本日注目すべき【好決算】銘柄 ノート、放電精密、日本プロセス (7日引け後 発表分)(株探ニュース) - Yahoo!ファイナンス,https://news.google.com/rss/articles/CBMihwFBVV95cUxNbC1RNDVQNkhLakxGUUJQdGdrWUpLY3JxdzRGaGlHbzd0dDl1ZDhEWkkxdnp2U0UxZVFNNXhmNy0tMWtlUFpNZl9KQnVHMWg3dGMwb1owXzNIb1Naa3FkZzFqWW85NE5DNW5VeVhWZ2JzVExlZlZjZTdEcG5uZkFwT2Y0SGhrSU0?oc=5,,,
2026-07-08,好決算 株価,テレ東BIZ,韓国サムスン好決算も株価↓ 「スーパーサイクル」突入で右肩上がりは継続か - テレ東BIZ,https://news.google.com/rss/articles/CBMiakFVX3lxTFBpeXdGdnhMZXlncTBFWDlVLThhNEt1c0QxVHVUY2RBRnFmOGppU091UHJSc1Q3STRoaDd0dmlOVWlDMWFvLVhOcE43enZ2ZlhEdnJCVEtvVUs3bUMwOVA0bVdPNjZMd3Zyb2c?oc=5,,,
2026-07-09,日本株 注目 銘柄,Yahoo!ファイナンス,テクニカルで選ぶ注目銘柄：高島屋＝ストキャスティクスが好転する中、５日線を上回る(ウエルスアドバイザー) - Yahoo!ファイナンス,https://news.google.com/rss/articles/CBMihwFBVV95cUxNOGhSOHg0NVJ6aWlWQzFjRUxfQ293a2VNa1lMenBCSW5UYm96ZHgwOHZ1dmRnRTBocERSdWVVTUtuN1pDNE1IdzJXLVBDdW0zMHRQU2xjN0ZmOHdvU0VXV29kOE5CZmxQc0RlZjhBSjRvTmV0T05HcU1Lb1lqNzRxX1VnNlB1dlE?oc=5,,,
2026-07-09,日本株 注目 銘柄,日本経済新聞,島津製作所、M&Aで欧米へ攻勢 半導体も注目 - 日本経済新聞,https://news.google.com/rss/articles/CBMifkFVX3lxTE5qSjIwdW5PNHNpX1kwbVp1YkhNNEJoaDREOHVNbU93NWIyZS0zS2djekVkcUREb0VEeUpiYWpCSF9UM0hTTGoxTGFwRllyZFU3SmNsYTZ3MGhSSlVZOUY2Y3BFVkJ0aFNUMlBUcnZXSHBCR0RLeXJYdktvamprUQ?oc=5,,,
2026-07-09,日本株 注目 銘柄,トウシル,"「配当利回り4%超」かつ「高ROE」注目の""出遅れ株""5選 - トウシル",https://news.google.com/rss/articles/CBMiWkFVX3lxTE01d1FCNXEwd3BkRmZrR3dMRFUwblZ2RURqSUdYUE4wSGw1V0JzQjdHZG5hT1NpR0lDTzRITkwxUjhlOXRUR2JSYmRLYjhyUWNmWjRUajB6RjgyZw?oc=5,,,
2026-07-09,日本株 注目 銘柄,日本投資機構株式会社,2026年の注目投資テーマまとめ｜AI・防衛・再エネなど有望テーマをプロが解説 - 日本投資機構株式会社,https://news.google.com/rss/articles/CBMiXkFVX3lxTE9ra2w0VExORTRiOVFaQV93b0RDVTRwNlVmalJWVmQ0SWZNcGx0ZVZ3R1F4RkpQUG9mZVpSTEI4LWx5S3lxZWFNWUZHd0dndmNDOURWYm4ya01QMVd6dHc?oc=5,,,
2026-07-09,決算 上方修正,日本経済新聞,決算:セブン＆アイが業績上方修正 27年2月期5％減益、ガソリン収益増 - 日本経済新聞,https://news.google.com/rss/articles/CBMibEFVX3lxTE5jWEpLd0hFS3ZRVDRxMTZPUXpUUjVrc2VpMC1HVWliVUJDdVcxanR0ZTZGbFU2WEpPQ1NxY2ZwTk14S0RtUm9Qb2pSS2dBZFZBYV9KcFpUaW9YM3R2dlFEeUdNRmVjYkJSUlZPOA?oc=5,,,
2026-07-09,決算 上方修正,株探,光ビジネス、今期経常を67％上方修正 - 株探,https://news.google.com/rss/articles/CBMiUkFVX3lxTE1xTi1mNXZUV05RUHNZd0NSVTFCVVhOZ0FUYURnd2JheWhxWVlFQVh3UXRKYWJwWEY4ay1wQlowWXM3dGdKODFOVWxoVFhZNFdEc3c?oc=5,,,
2026-07-09,決算 上方修正,Yahoo!ファイナンス,【決算速報】プログリット、今期経常を1％上方修正(株探ニュース) - Yahoo!ファイナンス,https://news.google.com/rss/articles/CBMihwFBVV95cUxOMUF4ZGg1YjEtUEVfcTJtT0NfUWc5eGxFR0pGNnVqMUpLMVprc0JLajJuRFNZaThJOFU2ZDdzTk1uTGhQcjNtd2xMRTU0VUhDZnFvckVqLUhhU0JYbmV5d2pDQkhNWUljQ0w2cUpfUDIwVVJ0NjFxdlE1allJODZkRUtWVGZVbWs?oc=5,,,
2026-07-09,決算 上方修正,流通ニュース,セブン＆アイ 決算／2～5月営業利益61.4％増、海外コンビニのガソリン収益増で通期上方修正 - 流通ニュース,https://news.google.com/rss/articles/CBMiWEFVX3lxTFBVX1RkVmNrbDFJdUNOZjFWLUwtR3pOekd6a0diMkk2bUcwTEs4WkxHMW1hSG5XTkxPRTlOQU9ReUpiaUJpSUtMR3Z4NENMSFcwMjFRbDRQX18?oc=5,,,
2026-07-09,決算 上方修正,日本経済新聞,決算:ファストリが業績予想を上方修正 26年８月期の純利益5000億円 - 日本経済新聞,https://news.google.com/rss/articles/CBMibEFVX3lxTE1hNEhfQlRHaFhyMHhrWjJoRENVMzJBOUFwSkZEUnc5Mll2NFlLTGQ2dW9NRzh2SkptUUZVQ3VXTHVkWGRVak03cXkwc1hBWlFTdzJnSDROTHJCcGhjOE83aWV2a2xpVVVHZi14Yg?oc=5,,,
2026-07-09,決算 上方修正,ロイター,リーバイス、3ー5月期業績が予想超え 通期売上高見通し上方修正 - ロイター,https://news.google.com/rss/articles/CBMiiwFBVV95cUxORmx2cnRtLWZqcnJzTE9RcG53VmR4bFJtYXFkQzQycnZ6aGhtMzNJbFhsZllqSUNwOUxjNjBNanJYemNodk10VWdQa1lxSm9oQmhhbi1iVTUxTTJ3aVRZSnVaQkJ4d3cwNF9JYkpfY2EwejNDUU4ya1FUTmFhQzlJYXR2UFBETmp6bzc4?oc=5,,,
2026-07-09,決算 上方修正,京都新聞デジタル,ファストリ利益５千億円へ - 京都新聞デジタル,https://news.google.com/rss/articles/CBMiW0FVX3lxTFBBZDIzU2ZiY01RVDJadVl1OHVxZlU3bThGNFB1Q2ZJWE41UFNnaXJPZDBhaUNYRzFWQ1Z3d0RVSXJSU3dGTGc5RUd1LUJyb1c2d3ZkZVlWallYN2c?oc=5,,,
2026-07-09,半導体 関連株,株探,キオクシア---大幅反発、米半導体株上昇で国内関連株も反発強める - 株探,https://news.google.com/rss/articles/CBMiYEFVX3lxTFBlc0pCT05wOEc3SmFzSjJfdVVqTWgzTG1vZUo1NVcwWUJxVDZub0N1eWJETjVVQTFmYVhOZ0ZnalVsSG9DUWFDeDZPTS1VUktDVVBSNzBmTlBIaTY4MmJJOQ?oc=5,,,
2026-07-09,半導体 関連株,Yahoo!ニュース,AI・半導体株が下落、AI相場の持続性に再び懸念－米関連株安引き継ぐ（Bloomberg） - Yahoo!ニュース,https://news.google.com/rss/articles/CBMif0FVX3lxTE85cjRfLTF4ZmxQdzgxb0NHN2FPcjk5ZERSSnNzNDduY291X3M2T3BFNUFKOW1pZUN0em0zcVQ0a0htc1l1ZW1SbmpUUXlnNmxuX19ORUNUblZ3WUl3REctbTRmSjFldW8zYmtPTndlUi0zaG5mdll2MWc2RW5TN0E?oc=5,,,
2026-07-09,半導体 関連株,Yahoo!ニュース,日経平均、一時上げ幅1600円超 半導体、米国の流れ引き継ぐ（毎日新聞） - Yahoo!ニュース,https://news.google.com/rss/articles/CBMif0FVX3lxTFBYendWeGFSOXE2c0lzWkFIeVdXcG43TmxZQWt1UHJnTFZ3U3hNTE9tVElTUmdtaDVQckpBREl6VklROS01YzRlaG9NZ1Ryc2d0a3Q0RU5fdHRya1hlUjJrM1ctdDlGT25oTGx6aWR4Um0zenVlUEhNb1ZrcVM3Vkk?oc=5,,,
2026-07-09,半導体 関連株,ロイター,午前の日経平均は反発、半導体株が軒並み大幅高 韓国株高も支援 - ロイター,https://news.google.com/rss/articles/CBMigAFBVV95cUxQSjN6YklEOHNob3UzYVVybEtwVHNhTUJUbEI5QlFHVHZIc2VkeVo3MlA0bVBqRnJKc1JRcWtibjJPdGFmTVR2bmxrWG1COUhkMWR6V21naHByaFJVNUNhTVF1STJYVVRkTDlvUzZyZzBuRm1LNFh3c0ROQ2Q4RDRreA?oc=5,,,
2026-07-09,半導体 関連株,四季報オンライン,9日の日本株は反発､米半導体株高を受けて関連株に買い - 四季報オンライン,https://news.google.com/rss/articles/CBMiV0FVX3lxTE5pNXRickVsckRaWHBhRmtMQV9jMHY3WGNWM1pvWmZoQmtrYzZTNDhmdUQ3MEhZQnphNWJhU1VtUFBfVk5CSTdFekJVem9ROEhnWkN6V0hlWQ?oc=5,,,
2026-07-09,半導体 関連株,日本経済新聞,キオクシアが大幅続伸 米半導体株高が追い風（9日の株式市場） - 日本経済新聞,https://news.google.com/rss/articles/CBMibEFVX3lxTFBneWlLdTROckFFZUZJQ3dvWFI2Q2NSZjBHTFBVX0FONnExTjJ1TUpLNWEtT2lLNE1QSFVMblpfTG04WmZ5ZmtJLVgzLU4xZ09xLUZGWHR4RGRweEJDeWJxamkxVFgxU1E2dVZqTw?oc=5,,,
2026-07-09,半導体 関連株,Bloomberg.com,日本市場、株は半導体中心に反発へ－骨太の方針不安で債券・円売り - Bloomberg.com,https://news.google.com/rss/articles/CBMid0FVX3lxTFBXTVo1NGdLRXRGb2hHNDNBOUJaRWdkTWlFWGdhN2lIX3JITVVHN19ZVzhKNWZpMjIwdjliS1JIUmpoQzJDZ2Jlb0xQREpSeDVSNUd3NHlFUmhfSHpCWFNXMl8zMVpORXVZbmhMTVVkUzFxWHhBX3Ew?oc=5,,,
2026-07-09,AI 関連 日本株,株探,前場に注目すべき3つのポイント～半導体やAI関連株の押し目狙いのスタンス～ - 株探,https://news.google.com/rss/articles/CBMiYEFVX3lxTE1NcHJ6OXZFczJsdmdoZC1kelFIcTZnbHlZakdBMHhPZkxDSnp5eno3OTVjMk5UWXBMT0xSTU9zVnkxTW16WnpoWDlfbFQ4SVd2OVdVQng2SDk3bmh1TmhXYQ?oc=5,,,
2026-07-09,AI 関連 日本株,nomura.co.jp,野村證券で買われた高配当株人気ランキング（2026年4月〜6月） - nomura.co.jp,https://news.google.com/rss/articles/CBMiX0FVX3lxTE5JRUhneGNjY3JtanN4V0RpY0Z1UGk2VU9jUnUwemNsUjNxUmROT2FsNW5zQnl1bHBpV1gxVWhXRFFMODdPZUEwU3VIRXNMNjdacFQ4NWpiMjUwcE04amhR?oc=5,,,
2026-07-09,AI 関連 日本株,TBS NEWS DIG,26年後半の日本株はAI頼み卒業へ、「骨太の方針」で防衛など再評価 - TBS NEWS DIG,https://news.google.com/rss/articles/CBMidEFVX3lxTE5fUWxaZkJYR0ZsWVctbTA3SVJPWEJ5aWJGN3VpNjd2cjkzeVNIazRqbU5wVXg3c1Qxd1F5LXdYd3JsQTBKOEtXaDRLaG5JeE0zUkVZME1HREtmbl8ycGVsUzFTZ0ZBcGhqeE5aT19OTWdDaFlw?oc=5,,,
2026-07-09,AI 関連 日本株,ｄメニューニュース,半導体やAI関連株の押し目狙いのスタンス - ｄメニューニュース,https://news.google.com/rss/articles/CBMi3AFBVV95cUxNdVBtSTRxMThyMHZZLWtJZWIyQU41UWl3MEtWdHR1c1MtTWphWkJESmY5T3Vmamg4bDlKeF9HSVJhNldkU1E5QmlodzZRYmNrdUQ3cVl3OVBsXzdWM21uRFZGRXhFcXNBcl95ci1YQVRhcDd3a3VtYVpFRlFoVUhuR0pBdGk4QkFGeXBLWXZQZGI5WXNGYm5sUmlTLTlQaTExcERMbXBQS1k3ei11ZnlyT01DR1NJNlR6OGxPYXllVTF1WHpjSG9XaVNVazhNdUd2LURRQTVHMFZOekdi0gGMAUFVX3lxTE05Ykl5TXd3UU1aSFpCYmNsVVVwUDR5aTU3NzlSN3dtUjJjUGR1enYxZDFndkJ4VXhiQ3A0Qkk0eTY5eHpsSWR4eGVQVGR1X3FUMGtjbnlTSFRVQmJhemJPWEE4aWY2MDl3cG9kQVExQm42SUZkOGNjQWJDV3hSc2JCQVZqZ2RwVkZjYzNL?oc=5,,,
2026-07-09,AI 関連 日本株,Moomoo,バンク・オブ・アメリカ、AI関連設備投資の拡大を予測：半導体株の今後の見通しは？ - Moomoo,https://news.google.com/rss/articles/CBMiqAFBVV95cUxNSnlPenYwVkFYQktYdlM0SGFVaTMwdm03SGxSalJ3Z0stdl9TSzhFZDh5Qk53V3hyal8zdmI3aTN0empoYTZCU0xaSDFzMXVJdGhWa3BEdHpVYUg4b0ZkX0x1Vk9leGJBUGdPRm1EMjV0SHZGaWhiejgwd1l5ZDBCSkxsNDBKTzQ4aE83RXZyNkFLdndFMGxWZHhnZ1VxdVFFLUs3b1NBUzg?oc=5,,,
2026-07-09,新高値 銘柄,Yahoo!ファイナンス,ETF売買動向＝9日前引け、野村タイ５０、農中カーボンが新高値(株探ニュース) - Yahoo!ファイナンス,https://news.google.com/rss/articles/CBMihwFBVV95cUxPc2NYaUU4YkVKd3BTcllJS2poamJFTGU4dTlOZl9QdG14akl2a1lMcnpMeENLb3dsaXV6QjJZdHk0TnlVbHlHVVdiYzk3NFlHYzVNMU9FN09LQ0o4ZjdiYmRWU2w0UjhqcGJ1Zm0tZTBDczVhZGNtMmxjREZOUHhrekEtRVI0MXM?oc=5,,,
2026-07-09,新高値 銘柄,odaily.news,Gate 機関週報： BTC 価格が低位で回復、 Gate 米国株取引量が再び期間新高値に - odaily.news,https://news.google.com/rss/articles/CBMiT0FVX3lxTE1tNzJvdUFRZXdNOXpLTUtLRXhteXl6dlJWdmtBSVlOWXFfbHBiSWIzNUxlZ2dKY0lLOVdzcXdPZjBnemhfVFVNaUd5bjhvQzA?oc=5,,,
2026-07-09,増配 自社株買い,Bloomo,【Morgan Stanley決算（2026年度第2四半期）】史上最高値圏からの反落、増配と大型自社株買いの陰で問われるIB部門の底力（Morgan Stanley） - Bloomo,https://news.google.com/rss/articles/CBMiYEFVX3lxTE12ekhlaTY4eThSRGN2RU1zdi0wcmYtVEptLXVWZjhuaE5CLTBkdDdCMlNLNl9BYWEzZmdCbVVFWkNia3ZzWkhpOXIycDROeFQtT2paSnVrZGxFeTRSUlNXVQ?oc=5,,,
2026-07-09,増配 自社株買い,EBC Financial Group,NTT株価の予想【2026年最新】AI・IOWN成長と高配当、自社株買いで今後の株価はどうなる? - EBC Financial Group,https://news.google.com/rss/articles/CBMiUkFVX3lxTFA0aGxlQnRrNU8wTlRCYkYzMHZZR0xxTTdqYWJXOGQwNFpNMWY3ZGhfOUlVTGZZOThKTU5TT3NzMWo2bkx5ZHF5Z1locTdtZGRkWGc?oc=5,,,
2026-07-09,増配 自社株買い,Yahoo!ファイナンス,増配・上方修正が下支え、還元強化が選別軸に【今日の市場はどう動いた？】 - Yahoo!ファイナンス,https://news.google.com/rss/articles/CBMiZEFVX3lxTE1DRXFKY0VYVWVKN01jT2hoWGhYMEV6cDlqVjR6V3BhcDZfNlRmUWdzcmFCSmF6SFhZem5PLXR4Qi12dmZhOU1nS3cybHJ0aTRIQlNIVFp0LTRwWmlLRU9mT2pFU0I?oc=5,,,
2026-07-09,好決算 株価,Yahoo!ファイナンス,本日注目すべき【好決算】銘柄 吉野家ＨＤ、ツルハＨＤ、アズ企画設計 (8日引け後 発表分)(株探ニュース) - Yahoo!ファイナンス,https://news.google.com/rss/articles/CBMihwFBVV95cUxNYXl0WW1aTGtnamVta2t6alRxWVFDa1RZLTJCNWdsVF9vR3VhYXVQNWxOc0FhREI1cFVTSGtTSWxLVVcyYzNmZ3lWV3luTEF6QTNxZEMwQWkxV2tvTmZZdTZuNU03TVh6TUtSSzE1TVo2aEZfUHZNZUU3U2FyRVQtVUIzSTNwd1E?oc=5,,,
2026-07-09,好決算 株価,四季報オンライン,夏場に株価上昇傾向？業績相場入りで注目の富士通系銘柄 - 四季報オンライン,https://news.google.com/rss/articles/CBMiV0FVX3lxTFBJYTZQZG5vS1JzQk80QnJwRzJDSDlULVNpYXdLSjF5TEtTVGxpZ094SHYwTUR5WVRkeFNkYTVzaVNQcGRrczMxN0Fqek9DWHJyTVBIQVBhOA?oc=5,,,
2026-07-09,好決算 株価,Investing.com - FX | 株式市場 | ファイナンス | 金融ニュース,リーバイスの株価、第2四半期好決算も通期EPS見通しが失望感を誘い5%下落 執筆 - Investing.com - FX | 株式市場 | ファイナンス | 金融ニュース,https://news.google.com/rss/articles/CBMiZEFVX3lxTE45SnB0cktKY1Q3dmtJcGMwTHBsNzg3N2xiR01mLXRCUkFEdEFKTGcwMmZEZFR1cHl6T29ZeGRzd3dvYmNaazNXRXJOUHRUN2JrSEhhWGtlVUZoQUkzRXRMNWtvZWg?oc=5,,,
2026-07-09,好決算 株価,BigGo ファイナンス,Samsung Electronicsの目標株価、39万ウォン～60万ウォンと「両極端」に…好決算でも証券会社の見方は二分 - BigGo ファイナンス,https://news.google.com/rss/articles/CBMidEFVX3lxTE1uYU9tcXlkQU0tOUR2WlBCVy1EaTREdGRKSFdSampWckJucWtWdjRMMUUzd09jTjRaMWtoODJVel9QWWdLbXpmcDlJZGFseUdRbmdqQ05mQzUtVEhkaDIyZU8tT3NjaWR5VVIza1dVSTJYbTdB?oc=5,,,
2026-07-09,好決算 株価,Moomoo,〔注目株〕吉野家ＨＤが年初来高値＝好決算を材料視 - Moomoo,https://news.google.com/rss/articles/CBMiowFBVV95cUxNM1NSc2RPelY4Y2pCd3VzV2xhNlQ0ZkdKQTNhZmo0dTEySUVzeF91b2ZDWkpValM4a21fTXdqOUp3Zi1qbGtkVDVFd054RXRXdDRuU2pHdlY3bDkyQjg4TEJnWDFaMHRaSGh6bkhfaWliaTRvdjZZcEsyRjc3bnRNOFhEV0FwUWNRVndzaE5mNTQ4MnBOeUdmYnFCQndvRDRqTjU0?oc=5,,,
2026-07-09,好決算 株価,Bloomberg.com,半導体株が背負う16兆ドルの重圧、サムスン好業績でも止まぬ疑心暗鬼 - Bloomberg.com,https://news.google.com/rss/articles/CBMid0FVX3lxTE1VNHBQQmdEZmw0NFhRZVM4OGF1ajdtRXdadkU0RlJ4SXJDZFlianpHS2lpYXRseS1mdFRLdkdBYXJZa29zczg1bnJ4OFA3UGVFdVQ1NktYdVJGSmdJSTVkRFZnSTZydHZtTy1aMkV5U2h5WWFXcEZF?oc=5,,,
2026-07-10,日本株 注目 銘柄,Yahoo!ファイナンス,テクニカルで選ぶ注目銘柄：川崎汽船、５日線と２５日線のミニＧＣを形成、週足でも１３週線を上回る(ウエルスアドバイザー) - Yahoo!ファイナンス,https://news.google.com/rss/articles/CBMihwFBVV95cUxNRl9GSmRqckNhQ2JUamlONDJPT0JNLWI0Qi1yWFh1dV8wQzNGNmxFTUFMWEJ4Y3JMNUxGOHFESndHSU9LT2hrdThfUXR6T25Jb0FjZVNHQmZWOTVCS3g1dHU0b19Jb0NaaTE5THpDeDEtTFVOM3lZWWd4cnhmSkxlUnRJbWptZ00?oc=5,,,
2026-07-10,日本株 注目 銘柄,四季報オンライン,｢会社四季報プロ500･夏号｣が選んだ高配当利回りトップ50 - 四季報オンライン,https://news.google.com/rss/articles/CBMiV0FVX3lxTE9oQldTU3Raak5ZaGpEZDN3cXQwZXp5dGxaNGJJWGwzU2pOanBZY0FrUUgteE9UYTF4NXI0NURJUl93UklKWTlpd2lPMWZxWFFFSTZwUHhUTQ?oc=5,,,
2026-07-10,決算 上方修正,Yahoo!ファイナンス,【決算速報】ＲｅＹｕｕ、今期経常を赤字縮小に上方修正(株探ニュース) - Yahoo!ファイナンス,https://news.google.com/rss/articles/CBMihwFBVV95cUxPeXA4eUNtdXJKWnd3QXRDUTdUZ1VLVVcxelV1WnRGM0QwQlRSZG1VVWNEZC1hNndMVVdqVmNNRF8wWTh0Y0l6M3lxeE5LWHJTMEtWY2FnaEQ0RHRhMFh0WS01azdXV0lXVFFDdzUwSmFUQl9PVE9KNHV6eUdHem1SbEhkZjFrZ00?oc=5,,,
2026-07-10,決算 上方修正,株探,良品計画、今期経常を13％上方修正・最高益予想を上乗せ - 株探,https://news.google.com/rss/articles/CBMiUkFVX3lxTE9xRkFIVVhsLTQtOXJocGkwVHhydjdOUFJuaTItcGthTTZuVVhqZTJSNXBwSzlGRlZ0NFZGelBFQVFBUGdoR25STnlYNVk2WnpWSXc?oc=5,,,
2026-07-10,決算 上方修正,日本経済新聞,ファストリ、業績予想上方修正も株価続落 「営業益1兆円」道筋は順調 - 日本経済新聞,https://news.google.com/rss/articles/CBMibEFVX3lxTE0zdUNwVlB1RHFJSGgwS3NZY2pmaU1OdnhrYVg1akc1M05iUWt1RkY4QnNIclNkUjUyZmVtbGFuNEY4VVZyZkxCWlJ5dklwTUw4NHdyWWhGZERlYWtGWWQ1Rm83YzU0R05ndGZoSA?oc=5,,,
2026-07-10,決算 上方修正,四季報オンライン,セブン＆アイHDが軟調､27年2月期業績予想を上方修正 - 四季報オンライン,https://news.google.com/rss/articles/CBMiV0FVX3lxTE95RXk3QUFuakg5MEI1eDJpZWpJaWY3U1FFTWY1VWpWM2d3VjJudFotd1lnMko5a1JyU2w3VWtITE1oUUx2Z2Q0bGJYTHc4VlNNU1N4MkJwTQ?oc=5,,,
2026-07-10,決算 上方修正,株探,明豊エンタ、今期経常を30％上方修正・19期ぶり最高益、配当も2円増額 - 株探,https://news.google.com/rss/articles/CBMiUkFVX3lxTE9Hdl9ucVRMX0xhc19LX3BqY3hWYTU0S1BpQ2JsaF9jeWJFLTlyWlVKd1JkV3ZubXhLekFPWUpSWlpWMVFuUFJqMmNoSGdKdFJRSXc?oc=5,,,
2026-07-10,決算 上方修正,Yahoo!ファイナンス,【決算速報】川崎地質、上期経常を38％上方修正(株探ニュース) - Yahoo!ファイナンス,https://news.google.com/rss/articles/CBMihwFBVV95cUxOcjNDWVY1TUpuTDNodDB0OUVUalV0dlhKbmpzTHdUUWxVOEFBTjZRekhkcGNDZWUySzhBQjhkWl9MWnY0cnNFVVZZRVFtMm9jbnpYaHlPUXlwTkFicGRSUDlaVjlyVkVjdXNNS2tqWGtmRHY1VWlHTVhzYy00dGhOXzNRSHc0NDA?oc=5,,,
2026-07-10,決算 上方修正,株探,サインポスト、今期経常を41％上方修正、配当も5円で7期ぶり復配へ - 株探,https://news.google.com/rss/articles/CBMiUkFVX3lxTE5lWUpoN1RYVWhBdXZUUjFhcXo2NGRfZVF5bVNCQXkxRmVJbFpkN014UTlWMkh1akFfSDhmak9UOUNVRXN2VFJqcmlLMTRiZ1V1Z3c?oc=5,,,
2026-07-10,半導体 関連株,第一ライフ資産運用経済研究所,半導体株は何をみられているのか？ | 藤代 宏一 | 第一ライフ資産運用経済研究所 - 第一ライフ資産運用経済研究所,https://news.google.com/rss/articles/CBMiW0FVX3lxTE9wWGg3NHhaa1FDSkVxTDc2VTNnX2VhWk9FVnBWbnJ6WXZZNFpoYVBtekxYVmVLeWYxY3dSZVBDWU5kLWx5cFk0emZ2dmIwTnhKRHkwZFVzVHphLVE?oc=5,,,
2026-07-10,半導体 関連株,マネクリ,（朝）米国市場は3指数揃って上昇　半導体関連銘柄が上昇を牽引し買い優勢の展開 - マネクリ,https://news.google.com/rss/articles/CBMiVEFVX3lxTFB6QzN5SG43Rm9KY1hta0R1ajNxLWw4dzVlbjR6ZzFBQXhrLXRIYWcyOUVjc3RwVllnZmFHWG5tX2x6QUwycFVMem5vYzAwVDZoWW1aadIBV0FVX3lxTE1LeUVkR1lmX1Y4Vk80cmE0MmJkcEluWHltSklkS1BLaW5FaFh0Q0Q1VXJRcEw4R3pBV3hwdzRubXZIdDU5MG44cVJ2T0Y1R3lmN0lGbTVwaw?oc=5,,,
2026-07-10,半導体 関連株,日本経済新聞,日経平均株価813円高 SKハイニックス人気で半導体株に買い安心 - 日本経済新聞,https://news.google.com/rss/articles/CBMibEFVX3lxTE1kNzU2RnhjaDlkNV9tYTNyS0txWlBtV2Y1M0J0SGFJOGU4X0xWVzZlRm1mRmNTMk9LTS1fVnlIWEdHcW9KQ0JtME5CbTAwT1ItT1ZIbmJpTVpZMVNvMXpNdXdUWndWTkpURDdReg?oc=5,,,
2026-07-10,半導体 関連株,四季報オンライン,10日の日本株は続伸､AI･半導体関連銘柄を中心に買い - 四季報オンライン,https://news.google.com/rss/articles/CBMiV0FVX3lxTFBQY1ZXbW0zM0NNYlhzWUM5ck1qa0o2QU9lN1pSLWZUYWppbk5tdk5STkppSXhqZ284am9GRDBoR0VxTGpTVUtVZGNEbmtrYWdXSktiRC11dw?oc=5,,,
2026-07-10,半導体 関連株,Yahoo!ファイナンス,米半導体株高がアジア株に波及、関連セクター追い風【今日の市場はどう動いた？】 - Yahoo!ファイナンス,https://news.google.com/rss/articles/CBMiZEFVX3lxTFBTUU9wNnJNVm02bm5wb2tzd2tHc2hLbExYS2JjdXlicXVfcVkzUjhicnJXd1N1c3pNVmdQdEZxOXY0RmRDZ1NuZXY5emtiUVl2Z3NhQXMtM0ctekVOTDRoYVNMakQ?oc=5,,,
2026-07-10,半導体 関連株,Business Insider Japan,半導体関連株の「上昇神話」は崩壊したのか。業績も財務も「鉄壁」に見えるが…… - Business Insider Japan,https://news.google.com/rss/articles/CBMisAFBVV95cUxOaDduWDdpU0pkeEdrY2tYQkJhdHVUYi1ET01KNXBDTmtsQkx5aE1MeURYVmRWWVJURG1mOFZJZnU3NHU0WEVnMTFMQ2RULWdIVjJmRzMzQ3hqdUNOMUQ4N2xBYk1QclVWZ1R1Vi1qY0N3VTlXangxcHpvdWNMakdaOUl5ZkFUSjRFS2NsUGZLM0lPb3BHLVg3c2hDR3hWQ2JYVk1UcnByNWVxNmRfcVJRVQ?oc=5,,,
2026-07-10,半導体 関連株,ｄメニューニュース,東証続伸、終値6万8557円　半導体関連銘柄中心に買い - ｄメニューニュース,https://news.google.com/rss/articles/CBMioAFBVV95cUxQV0xKTy1WWHJiam9qejJCbE1Nd1dqWE9jTnhWNzlETWNmTHVYMUNBeEJwX3FEYWR5X0FaVWRSc2pLcURsSHpSaWhOMU9RaE9hQUdMUkE3cTNzYkNmeW8wUUF4VDUwbWNKNnJibTk0dmxVM24wQlhZX2hab1UxVDljTllDQlk2WE5xZkpxNlo3dUxDcm9iOEtlX3FxMldfMEdf0gGTAUFVX3lxTE0zY2l5SFhIdTBnMzNGWlRmOVZISlFnNTRQN3VhZmNoSVpOajlRV3E0RFd1U1ZEMkVGMDY4M2MzUUJnem04U2JZNHRlRUhxUnR0NzFsMnNNTUdGU0pGbHl4ZTlFcGhRWkxYSF95N3FKa3lteUZOaUZDTmE1cWZ4ZWFKR1pvQkptWVh1cExWa2l5TWwyWQ?oc=5,,,
2026-07-10,AI 関連 日本株,Bloomberg.com,AI関連銘柄への資金集中、危険水域に－日本株の先行きに不透明感 - Bloomberg.com,https://news.google.com/rss/articles/CBMid0FVX3lxTE1mdzBNcEZ5dExnNUFPOVVXc3YxaEQ5SGdzSWZ6QkNIREtZNzB1VGhVWEJiTVRjam4zRHpXV1JmZVNsQWpQeEJZeTFTQ0tOeDd2cmxhYXVuTWRib1BoZVZKd25iLVlPWUZxRDVsZXVhaGE3NU95YU9n?oc=5,,,
2026-07-10,AI 関連 日本株,Yahoo!ニュース,AI関連銘柄への資金集中、危険水域に－日本株の先行きに不透明感（Bloomberg） - Yahoo!ニュース,https://news.google.com/rss/articles/CBMif0FVX3lxTFBxTDN3YXlodFM4OHRzYjAzY1VzVnpSV0R6VjkwenN2MC1Xbnc1VVZsM1JmbUM3M3FsQ2EyQXFWZy1qaVJHUEN5MWlrYTNySXVJNUhMSXFiVFBVTXZaTTVTNVV4N25qOGtXZWZ1Y2tnQTloU1JTRXZmYkxZaEJCMmc?oc=5,,,
2026-07-10,AI 関連 日本株,株探,モノづくり国家日本の生命線、「フィジカルAI」関連株が再評価へ ＜株探トップ特集＞ - 株探,https://news.google.com/rss/articles/CBMiYEFVX3lxTE5PdDZqdmIwWHd1Z2VoZGJPSUVnMU00cG5uZnF5QkxiajB2SGxlQ1o3QmFSMkZPYzZ5TFlscnp3MXJQSGkyeEtCT2Z2ZThiMmNRa3A1eGU4WFdmTEpUcHpsOQ?oc=5,,,
2026-07-10,AI 関連 日本株,ｄメニューニュース,半導体やAI関連株、ファーストリテイリングが指数を押し上げ - ｄメニューニュース,https://news.google.com/rss/articles/CBMimgFBVV95cUxNVUtZZkN5MkJBdFpFX1JhaUdrTlo3enZlWnJzaTB1N1YzTjRGdEVpaUVsMzFlOTJlYU1YUDNWeGJLakxPZlVWbUFfS3Exd1otc1AzeUR0MUVfOUpWZDl1MElVNnVwYWJwQm9DU3NuYWFtYjBIeFhpZXduR1pZMTJpemJUaHFObUlTcm5YcTlXdXdLMjc2R2xVb0x30gGMAUFVX3lxTE9STFBUd2VrY2Z5WDdVNWpiYld1ZFB2a3UtVGFWWjlDRUs2Tkc1VzBYSktvcXBUMWg3WjhmS2RJeklKbldhdU4yeE5qQjRFcURTUmNKUzRsYVhVazdGR2JsaS1tUENMdDhxaWlhdG1uS2RXTGlubGowQnRxRWs0RnpvWHByRkpVUHk1aVRP?oc=5,,,
2026-07-10,新高値 銘柄,Yahoo!ファイナンス,ETF売買動向＝10日前引け、上場ＳＰ５百、ＧＸＳカバコが新高値(株探ニュース) - Yahoo!ファイナンス,https://news.google.com/rss/articles/CBMihwFBVV95cUxPb0MwcnpLSmNlOGFTcVNKQWRWb2I0MFRZSTU4d2Q2X2RNeEp5TzlvTUtleUtQcGZvZk5HS2trcm1ueHVFX2FicEtLZlg5TWNIdUFzdkZiWmVIWmoyWW9PcWEyVTl4MUt0cDZCTllSQWtScFBQTV9QWXBxWTFXV2NucDVuMGc2cVk?oc=5,,,
2026-07-10,新高値 銘柄,みんかぶ,ETF売買動向＝9日前引け、野村タイ５０、農中カーボンが新高値 投稿日時： 2026/07/09 11:32[株探] - みんかぶ,https://news.google.com/rss/articles/CBMiSEFVX3lxTE5VNUo4dm4xMjZUYlNoRlBUdDFVamdjWHRjZWt6RndTbThoc1RZWVdGNGZsQlUxaWRja0FkWjRnUEhFNEZZQnVzYQ?oc=5,,,
2026-07-10,増配 自社株買い,Note.com,アトラエ（6194）「減益ショック」の裏で進む増配と6.3億円の自社株買い。配当利回り4.6%は仕込み場のサインなのか - Note.com,https://news.google.com/rss/articles/CBMiW0FVX3lxTE1LQkw5OUZFMHA3VkhHQ25SbkhxOEpzNEMtaXFJNTJ6YWhrYXVURGlybGpzTWlrZ0VnYlBSdjBiR3RJeUFaOTRSVXhLOWlKdVQtb1pmRDZwd2JSTjg?oc=5,,,
2026-07-10,好決算 株価,Yahoo!ファイナンス,本日注目すべき【好決算】銘柄 ローツェ、セブン＆アイ、ファストリ (9日引け後 発表分)(株探ニュース) - Yahoo!ファイナンス,https://news.google.com/rss/articles/CBMihwFBVV95cUxNQTBRTzNVNFFRQWJwdmdlVnpyaDdTRUV3cEM1eEU0VmtubmlRVEpzb21OOHNhY0lodi1mRTUyQkNKSklpM2xRUnpxeVptdmdoY1lYNHpLVlJVSDZXUzlicUJiZmJXX29HbEl1LUcxcUkxbExpd2k3bEhGb0ZyNEpxV056ODVXeTA?oc=5,,,
2026-07-10,好決算 株価,Investing.com - FX | 株式市場 | ファイナンス | 金融ニュース,TCS好決算がインドIT株を押し上げ、セクター全体に買い 執筆 - Investing.com - FX | 株式市場 | ファイナンス | 金融ニュース,https://news.google.com/rss/articles/CBMicEFVX3lxTE44M2d0SHBZd0c3TWhsVEQ5Y3VEY045cE4wZV9hVi05c2sybUh3ZzZGSjdzSGs4VkQwd2R0WnFTbnM4anVaYTRILUxwdDdjRmNXUVNwWE9Ld0JpVlJQTzVyYmZOT19DTldXeDl5cjR6dFI?oc=5,,,
2026-07-10,好決算 株価,tv-tokyo.co.jp,サムスン好決算も株安なぜ？▼EV時代ついに到来か！日本勢どうなる？ - tv-tokyo.co.jp,https://news.google.com/rss/articles/CBMikgFBVV95cUxNWHVSMldldmRlbndlekg1dDlHaWY2WWNUSjJYQzBmNjJpcHdyT1JobHNMeF9xTUlLc3AzMUQ0S0RydkhadG1DbzFKZ3NQdjQyTEx0M2kycmxTb3pySWd3RGlIQXdVSUJVZTBfUnZ5bS1nejlzMlo3clRPZTNaMWh2eUhRT3l0R2pnQ3dkSlU5UkFYZw?oc=5,,,
2026-07-10,好決算 株価,Yahoo!ファイナンス,リーバイスが下落 好決算も通期見通しの引き上げ幅が期待に届かず＝米国株個別(株探ニュース) - Yahoo!ファイナンス,https://news.google.com/rss/articles/CBMihwFBVV95cUxONmJJeGhRdGR6MVFWS2M5ZUs2NG0weldkRnJiMnkxOHBiN21FLThKTjBkODZHMGN4Yjk3d2ctUzF0QjNYWTR1Y2U1bHlwTXV2RHR3M3g5eVEtREl2b21qWEpWZ1ZHTlNXSUUtVzNWYm00OGVfZXB6SnU3aFR4VFpZczJ4bU9XLUU?oc=5,,,
2026-07-11,日本株 注目 銘柄,ダイヤモンド・オンライン,来週（7/13～7/17）の日経平均株価の予想レンジは､6万5000～7万2000円！ ゴールドマン・サックスなど米国金融大手の決算、半導体関連株の動向に注目！ - ダイヤモンド・オンライン,https://news.google.com/rss/articles/CBMiU0FVX3lxTE1CUkxHd3JmbFdRa0xqaHhjRVlJMTltOElRM2lwSEpqaWE1SjB2d1ZsOU9hTUlPQW5kTWxTT0RRMnhjUHE5azRLd3VaZUwwOXRMbkhB?oc=5,,,
2026-07-11,日本株 注目 銘柄,Yahoo!ニュース,【2026年7月】注目の株主優待7選 - 3万円台から買える商品券・食品・コスメ優待も - Yahoo!ニュース,https://news.google.com/rss/articles/CBMiiAFBVV95cUxPZDhYNy00eUEyTW5Jc1V5RjExZ3dWWjI0TDFlNnMxcmhtUXN1NHprV3pvNXlEalZPZkxrekZueVgtdHV4RmN1TWpudzFxMkJ2TE9zeEhKaVNpVzhITEQyVDROeGlGOWNyejlDY1NTUEtYV0w4WkYxcW96R05mbU5BSlVfdDBNaDVa?oc=5,,,
2026-07-11,日本株 注目 銘柄,マネクリ,【日本株】AI時代の企業価値を左右する「研究開発投資」：次世代の成長銘柄を見極める投資戦略 - マネクリ,https://news.google.com/rss/articles/CBMiVEFVX3lxTE1MbmtzYWN6RzlRMDdHbWdCN1hQMFM4bG5VZFdqUmY4Nm9sVWhYWTgxSnU1bU0yVlRFS3VQOG9KTzRqU0VhNVBTaWVsUkxiZ2p0V244aNIBV0FVX3lxTE9aWFVSb2lwb1E0Q1pScXZwUVhjdmFBWFZKdGFFYk9zdU5rLVVWOXpDZnlSVjFrdkRybEZDbG9NcG1VYXEzekQ1UGFMLUJfM2F1dUR2NVlJZw?oc=5,,,
2026-07-11,日本株 注目 銘柄,マネーポストWEB,【注目トピックス 日本株】前日に動いた銘柄 part2 MORESCO、AIメカテック、北川精機など - マネーポストWEB,https://news.google.com/rss/articles/CBMiR0FVX3lxTE56WWVmTk95LWY4NGNoNW5rUDBkSjBHdXl3QXl2cWVRQ2gycUFEZExZYWNXb0t4YzJpUG92WmRJTmdjNjM5LTA0?oc=5,,,
2026-07-11,決算 上方修正,Yahoo!ファイナンス,今週の【決算】見どころ 全チェック！ ＜決算特集＞(株探ニュース) - Yahoo!ファイナンス,https://news.google.com/rss/articles/CBMihwFBVV95cUxPOVJ6N3d1b0FiUW1xbFBGN3Y0UGVjMkFQb1IzSlRwdVZTWWIxT3pwc21rY2R3dVF4Y0lubGRNTlJvUkV6T0RkRVlXM2ZSMmxMbkZaSlRtUElKNGtYYngwc005VnJ1MXE2emhPOVVPLXp1ZFV2dThUOU1qQ0g5bHhnOWxKYm8zZ1E?oc=5,,,
2026-07-11,決算 上方修正,株探,上方修正“先回り”、26年6月上期【業績上振れ】候補 35社選出 ＜成長株特集＞ - 株探,https://news.google.com/rss/articles/CBMiYEFVX3lxTE41NjVMV1hwNDRmVjFHR1RTNEVkSzhCaUU1UHhUdEwySmZjLXQwOGtESWJkTWdFUG14SXEwckVqYk1xVmFBLVJGWDNRdm5TTVdta3o2Wmg0LUU4MXBuRUtmUw?oc=5,,,
2026-07-11,決算 上方修正,BigGo ファイナンス,OSGが今期経常39%上方修正で4期ぶり最高益、古野電は1Q65%増益、良品計画も最高益を再上乗せ - BigGo ファイナンス,https://news.google.com/rss/articles/CBMidEFVX3lxTE1rRHZwa3pPLUQyM00tYVF4Y1F6Nk5kWjF1eTBkNkF0ZnVnLV9EV0VUZ2lnNGxWS2pvR0RLdng2YmszNkkyZkI2bmJvd2JkenU1NndFaFJFb0dZTGU0ZXhDM19SN2NnSHh6TGxGM1A3dmc4SEZT?oc=5,,,
2026-07-11,決算 上方修正,静岡新聞DIGITAL,通期予想を上方修正 エッチ・ケー・エス - 静岡新聞DIGITAL,https://news.google.com/rss/articles/CBMiTkFVX3lxTFBaaWJKTnRudHJLWWt5REhvbVF5S2U2Q2c3dDc1MWZLN05aU2FzQTU2aEFzaUVBUkZPbEpUMEhCNVZ5b01HN2JESTVMckVCdw?oc=5,,,
2026-07-11,決算 上方修正,株探,★本日の【サプライズ決算】速報 (07月08日) - 株探,https://news.google.com/rss/articles/CBMiYEFVX3lxTFBnMThkX2VnNnRzSk90S3pYZ1hiQ0ozQURvT2E5YThjSXptcVNZUEdnZHZQVTlqSUtLREltd1ZvV3QzMlVfTmJkYlRKdWFFMW1DR2pSd29HdmxybDFfUUdnNA?oc=5,,,
2026-07-11,決算 上方修正,Yahoo!ファイナンス,ＷＤ－４０、決算受け大幅高 通期売上高見通しを上方修正＝米国株個別(株探ニュース) - Yahoo!ファイナンス,https://news.google.com/rss/articles/CBMihwFBVV95cUxPRVMya0t5SDFHVEFwX1I0MFRJZUFrNUJFNC1ESkFkMnFXS3dXSFRheHI3Y0lhdnAzNng1VEJaMVZ5OWliTjQtQjVWbHNEdEhMaFpieHBPX2pOZ2o5ekZJX1k0cUNjTmpuNjNheGIyelVJVFpOT1phZTJsbjZlQTJTQm9Nb1FCMXc?oc=5,,,
2026-07-11,半導体 関連株,Yahoo!ニュース,〔東京株式〕高値もみ合い＝半導体関連が値上がり（10日後場寄り付き）（時事通信） - Yahoo!ニュース,https://news.google.com/rss/articles/CBMif0FVX3lxTFBHMmNBb2N0SXlzd3VWdm9rbnZYMWJDd1JtaGFDM056R2s4WU5NYmxIMFJ4VF9SRURXOU1Kc2R1Vzl5bmtXc1V1VU8tQjh0VVBpN3hEY2ZBZUdXMHhmekM1ZzNCWVdWQVIydzlKYUN1WnBOR25icE10RHdYT05VeHc?oc=5,,,
2026-07-11,半導体 関連株,QUICK Money World,米国株は反発、AI・半導体関連が上昇 (朝の材料チェック) - QUICK Money World,https://news.google.com/rss/articles/CBMiVkFVX3lxTFBpS3JXS2lSeGw0Nk5ROUpJOUNkZS1kZlZfOXljaHZqbl9iRUtoM1J1UUJzaUFuaVpTREVwTno5LXJwMWRaalczeTRmcTBMOHNIWU9DZG5n?oc=5,,,
2026-07-11,AI 関連 日本株,BigGo ファイナンス,日経平均813円高も伸び悩み、AI関連に一服感 来週は底堅く推移か - BigGo ファイナンス,https://news.google.com/rss/articles/CBMidEFVX3lxTE1hRFN1U0Itd1lweUNoU3E5NE4wOWlwZlVRRWc1dTJSTVZway0tN3RORDM3RG5lckFmeUhxc1VPYVpFeS0tVlV1MlU1Tks0eTR6ZW1oNUJraEh2Y3k4RldIOGVsUnZpTnZBODV3NE1TTXhUQml6?oc=5,,,
2026-07-11,AI 関連 日本株,am-one.co.jp,【AI・半導体関連株に一服感？】What’s UP日本株 #3（2026年7月号） - am-one.co.jp,https://news.google.com/rss/articles/CBMiUEFVX3lxTE42Mmx5T0RzVnJRN1pxNDRxVENOdWxsQjdVVFp0VXRXTDJmckRFaFNMY25yMC1yc1JTMDBBVW5aa0lFenZkM0lGVEtoYmRPRG5q?oc=5,,,
2026-07-11,新高値 銘柄,Investing.com - FX | 株式市場 | ファイナンス | 金融ニュース,選定以来50%超の上昇、このEコマース銘柄が新高値を更新し続ける 執筆 - Investing.com - FX | 株式市場 | ファイナンス | 金融ニュース,https://news.google.com/rss/articles/CBMicEFVX3lxTE9laUV5YXh2eWsyTkV6bTZCV0FWaWxKNWZmNlR5SHkybTI0cklsLTh6Mk1KLVB5eEozSjBUVzR4X1FZcnhjcFVyR2R5Rkd3enRZZmd0Z1JDVDlmN2JrZ0dWU3NnZTdsU244MTREamgyUEk?oc=5,,,
2026-07-11,新高値 銘柄,Moomoo,NYダウ新高値の裏で激変するAI投資ロジック！AI支出、初の米国防費超えへ！下半期の投資戦略は？ - Moomoo,https://news.google.com/rss/articles/CBMiZ0FVX3lxTE5GeEFENkRkTHNJcGVKV25tREZXcm50cUV4Y3BINkFSMlRQcU16TV9Kakk4NDdfX1REb1dUTFNidUctcUo4RVQ0QXNCeFlNQmpJT2RLaWNraGp6X2Jtbm5FR0VpWTZXWE0?oc=5,,,
2026-07-11,好決算 株価,BigGo ファイナンス,米国株決算シーズンが「双方向の大虐殺」に突入 シティ：1日で10％超変動する銘柄数が3倍に急増 - BigGo ファイナンス,https://news.google.com/rss/articles/CBMidEFVX3lxTE9FTEpYZlVVVHBaNGc1aFRJY3d4VzRpVV9VdW9ZWHAwV3FJNUFvT3BBT2F2b2ZIVHExYWM2UzM1MDY1R2pwQTU0T3pYVmJlMXIyT19nUnRJUlZ6TWNDTDA1dUxsTHJPaUxKRmhCbW11MjIwSlhv?oc=5,,,
2026-07-11,好決算 株価,Yahoo!ニュース,好決算なのになぜサンリオ株は乱高下する？プロが読み解く「個人vs空売り機関」の需給戦（LIMO） - Yahoo!ニュース,https://news.google.com/rss/articles/CBMif0FVX3lxTE1oV1FMSllFRl9HZ0dsY3ZaT0o3M2gtaTJ0d0JBNzVCbGdxOTI4ZGYxc1lNclp6endUN05UbEhBbm9zc0JhM3AyWlpfTWNQOEd1RFRqN3RfOC1aU1dURDFIbGJZcXctSU92MzF2MDBuR2JhaWVlTDUtWEVtcl9YZjQ?oc=5,,,
2026-07-11,好決算 株価,Investing.com - FX | 株式市場 | ファイナンス | 金融ニュース,デルタ航空、好決算と強気見通しで株価上昇 執筆 - Investing.com - FX | 株式市場 | ファイナンス | 金融ニュース,https://news.google.com/rss/articles/CBMicEFVX3lxTE9CNDc1WXJTRjltaTZqd0VlQ3ppdDJEMTFsb00zTTB3bmhiTU5aRzBDS0plOUUwV0dLYkowSVRlN1Vwcm1xVjdUVHItdTFKMEFtcDZRSjFBZGNfWjlVMHB1WTFvT1liUVdIOFQyMS1rT2w?oc=5,,,
2026-07-11,好決算 株価,디지털투데이,好決算でも売られるメモリ株、AI相場は半導体サイクルを変えるか - 디지털투데이,https://news.google.com/rss/articles/CBMisgFBVV95cUxNVVpSLVhab1dfWUtzeUV4a3g1QXlMX0dGT2J6VzJLVTEtcTY2aW1wSDJmWVo1WHNNcXl2TUhHa3Y0VWdaMUY5TkozT2ZhcFZmNkFhRFJSSllYeXNTcTE4bk80cDJIM3hTQUpmenlodVdVa3dfckQwVEN2c0lORjl1TmNKMzBlajJhYkJfekk4VFF3LVUwOGl3TnZGLW5ocm05NUczRjBSdTdJQmhjam91TFdR?oc=5,,,
2026-07-12,日本株 注目 銘柄,日本経済新聞,100万円でも買えない株、6割増の49銘柄 個人は1株取引に注目 - 日本経済新聞,https://news.google.com/rss/articles/CBMibEFVX3lxTE9ROGtqVThjdlRxcnpucmpmVHZqRDNKNGYyaExEdzhSSjFrbldmczlEbjM4VjhwYmZkRGdkRnVBZ0JVZUxMWVhPTmdFcUJpaWp6MHh1SnpNNEcyTlFDcV94TE5rWWpNWG5PTlBoUw?oc=5,,,
2026-07-12,決算 上方修正,Yahoo!ファイナンス,今週の上期【業績上方修正】銘柄一覧 (7/6～7/10 発表分)(株探ニュース) - Yahoo!ファイナンス,https://news.google.com/rss/articles/CBMihwFBVV95cUxPYy1CZlp0UV9nTHdoNlZ5a0lnUjNJWXJaLTZ1S2lTRUpRcG5GYUpUdkJvRzFranJmSkFiXzYtWmJsbVQtMENRc2NhZDdZaVROMkJFNXRIOHppdHQ2Q18zcnR3blYzajc3a0cycDN4Tkw0dlplam5pT3dsV2J5MHBHNUt6R1oxVUU?oc=5,,,
2026-07-12,決算 上方修正,株探,川崎地質、上期経常を38％上方修正 - 株探,https://news.google.com/rss/articles/CBMiUkFVX3lxTE44TXdUTEE4dVZNdE9lNlM2RGtiTDE5b0JsREpjTnZ3LXBPUk5taVJQbld4TEdpWUtBYnA5cEtCQ05lZ1JJdHd6UTZDaW9raHpZZWc?oc=5,,,
2026-07-12,決算 上方修正,株探,ＯＳＧ、今期経常を39％上方修正・4期ぶり最高益、配当も31円増額 - 株探,https://news.google.com/rss/articles/CBMiUkFVX3lxTFBSODF4ZW5ZdEhaVDVhNEt0RFZTVmNfc2drbmQxY0VkMG85TUMxMzltQTA5X2F2b1lzMnk3d20wdnBBQVp3dWt3Y1FuM05wdzM0Nmc?oc=5,,,
2026-07-12,決算 上方修正,株探,プログリット、今期経常を1％上方修正 - 株探,https://news.google.com/rss/articles/CBMiUkFVX3lxTE5oaXdRSHRXMHlmUHIzTnpvalQ2S2NyVjFxVmRtRVJONTNscVBReV9hTVlYOTJNZkFMc0JRUUZ3M2puNEZlal9TX2l3UEt1bVR4M2c?oc=5,,,
2026-07-12,半導体 関連株,Reuters,午前の日経平均は続伸、半導体株がけん引 一時6万9000円 - Reuters,https://news.google.com/rss/articles/CBMigAFBVV95cUxNQTVpNEJ6M21saTFRNjh2d2N1dVFBeDhSSjdPb1JxUXlmbHB2M25xM1J0NWhvdVJVdlVYNVRjNklnSFZGblpQN29kN21LVmRZSm1zTTFtSE00a3JMdk1BbWVvX2htbERDUl9wenlKOTVScUJST29oYVVfSTBiM2NZeg?oc=5,,,
2026-07-12,AI 関連 日本株,マネーポストWEB,【日本株週間見通し】AI関連株の過熱感拭えない中でASMLやTSMCの決算などが続く - マネーポストWEB,https://news.google.com/rss/articles/CBMiR0FVX3lxTE1RRHA1OU1OWnFIQk0zMUxHS21QS3VMYnJZOVVsOUIybWhTMFZxWHFPLXhmUDJUQU1LTWJTQ1NPb05xWkZSOWRZ?oc=5,,,
2026-07-12,AI 関連 日本株,SBI証券,梅雨明け、そして”熱戦”──「猛暑」、「AI」、「防災・減災」で活躍期待の12銘柄 - SBI証券,https://news.google.com/rss/articles/CBMif0FVX3lxTE5BQVBwWV9JUjVKUEo5TUJsMGZGaWpJcGZRa1cxVUVtSThXMUg4dTNaVl9fNVc5dEIyWTItd2tVcXNsYUx6MXdPYUVoeEtERW9ZS19qLW1NTzJPUWt1OTVXbWk4eWpVSFJpZm4zdFF0dHo2Sk11N2pSbXZvZ1JfZEk?oc=5,,,
2026-07-12,増配 自社株買い,株探,ＮＧＫは４日続伸、２７年３月期最高益・増配予想で自社株買いも - 株探,https://news.google.com/rss/articles/CBMiYEFVX3lxTE5LZGlxaVRNQzhrSnZsY2FDdHNCUjg0LWgtMlg1Mkd1eFVPUUt5SzF2eU1YdmowaFZBUkVuSWFXcjNoN19ieXFVZWdzbF9ESmoxSDFIWWV0anpjUUE4OHR5dQ?oc=5,,,
2026-07-12,好決算 株価,Yahoo!ファイナンス,明日注目すべき【好決算】銘柄 ＯＳＧ、古野電、良品計画 (10日引け後 発表分)(株探ニュース) - Yahoo!ファイナンス,https://news.google.com/rss/articles/CBMihwFBVV95cUxNbklqZTkzOXdxOHVHRmdEazBTSkNUVWZSd0lZREZTZERlMWlqRlc3bWF1S0Y1NU1RbmJnZ1lRYTU5LXZYU09sOTVTdmdVazJPaE5EdGdId3dDbTdHYnEybDFYVXNxdE1RNDktY3lGdkwxQTlsQ3U3Tzh4dnU5bWF5QzdiS0ZfWWM?oc=5,,,
2026-07-12,好決算 株価,BigGo ファイナンス,【三星ショック】好決算も株価急落、TSMC決算説明会を前にAI特需が半導体の価格決定権を塗り替える - BigGo ファイナンス,https://news.google.com/rss/articles/CBMidEFVX3lxTFBMZ2ZzaFNpTXJiQXpRbGN0YmFwTi1iX2dGVzlhQW4zRlk1SDY2aE5hNFQ0Zko4S2dpUVN4THFCVi14bV92bEg2SVhLM2otQmU2SVlUQmxobmVGTXZ3VkN3OE1rNVRjU2VQaThoVmExcFhVbXg1?oc=5,,,
2026-07-13,日本株 注目 銘柄,Yahoo!ファイナンス,テクニカルで選ぶ注目銘柄：日東電工＝５日線を上回り、日足一目均衡表の「雲」の上限を突破(ウエルスアドバイザー) - Yahoo!ファイナンス,https://news.google.com/rss/articles/CBMihwFBVV95cUxNNnZXclBXbTFyV2lPbWQ4ZkxpYTM5ZjA3anJTSnh6WTBseGFfWFNiVUs1QzNsMlpMV0ktRjlWd0FPQ1F4WkxBOGY1bFh6cUNIX2NqMndFNVJYLUloLWkxbkFhcEZ0WWZncEE0S2FFbnZQN3dOTjNjeG1LWEJuWkxoWG00NFN3cGM?oc=5,,,
2026-07-13,決算 上方修正,株探,クラウドＷ、今期営業をトントン～3億円に上方修正 - 株探,https://news.google.com/rss/articles/CBMiUkFVX3lxTFBOby1UUkVPRVp5NzRkNWh0eC1LMGd1QlhhVkFsVHRVTGFSTG0zY3BpTWRZdzFEZ21BOW1zSUpCX3B6MGlSeks2cl9QaTNxYzltUmc?oc=5,,,
2026-07-13,決算 上方修正,Yahoo!ファイナンス,【決算速報】クラウドＷ、今期営業をトントン～3億円に上方修正(株探ニュース) - Yahoo!ファイナンス,https://news.google.com/rss/articles/CBMihwFBVV95cUxOTHUxQVV6QmE3VUF3VE1ZWWFFdUxjOHpPcVY4eG1qTmpwdHY5V1B3S1A5Tk9SS0VWZ2xaSmhJalVuM3RwVUw2WURuUF9IU0ZZQUZ0T3N0LVF1M25fV1NYdXl5VGhFZzlrWS1uMDlrZFZqT3FyT0p3LXRZTlpaeEhaNlZXN09aZGc?oc=5,,,
2026-07-13,決算 上方修正,kabushiki.jp,４ＣＨＤが反発し年初来高値、２７年２月期第２四半期と通期の業績予想を上方修正 速報 - kabushiki.jp,https://news.google.com/rss/articles/CBMiR0FVX3lxTE1zTXlRN29qNnlBa25kUTZuOGFqeEpkYXVMU1VubHZmOHRRa21rUmdXSTktLUdXS2tuS053bk5kbVRQY0dUZmpr?oc=5,,,
2026-07-13,決算 上方修正,日本経済新聞,近鉄百貨店の株価年初来高値 27年2月期業績上方修正、一転増益に - 日本経済新聞,https://news.google.com/rss/articles/CBMibEFVX3lxTE5GS3pTY3ZBaXpnbVBMNXQyNllWUWRNU05KSGkzVjctQzY5VHV1X0pPQ0RSTFpHa05UdmJMZzlSZmNCQ1QycUMyZ3VMRVAweWhwcnJIT010VDNZTGYtaVVsMGZlRlRGWHdzbnlYWA?oc=5,,,
2026-07-13,決算 上方修正,みんかぶ,ＯＳＧが大幅反発、２６年１１月期業績予想及び配当予想を上方修正 - みんかぶ,https://news.google.com/rss/articles/CBMiRkFVX3lxTFBfYW1GN09qT2hXRzdrM01ERDF5WDgzQVV0MDhkMVJLbHNYbGs4YndqSjZTRnFoMTgxZ1ZwUzl2MjFuUEkzVGc?oc=5,,,
2026-07-13,決算 上方修正,株探,ＭＥＲＦ、今期経常を75％上方修正・最高益予想を上乗せ - 株探,https://news.google.com/rss/articles/CBMiUkFVX3lxTE45eVRldVVveFRtYmMxV3lreThiX2JCRXlGUWVTaTJMVjh3MW50U2tZbkpyVHVib21RQ1d0c2RFRWxwcDlrUldLOW02ZkxJS3hUZVE?oc=5,,,
2026-07-13,決算 上方修正,Yahoo!ファイナンス,【決算速報】ＳＭＩＮＯＥ、前期最終を一転赤字に下方修正(株探ニュース) - Yahoo!ファイナンス,https://news.google.com/rss/articles/CBMihwFBVV95cUxOd1M0UVhpbmxmS2gwVnlpSU9uWlRXOUxBRE5YZEp0ZTlqSzJYWnBONEJkWlVjTVVGT2drVEgzNVRnOXhNUGQ2eVpaY1luRHJaZjBqYjBMdkRzbWpub20wakRsdDNRUnpDc1BOcll4UEt5WjZyS2VJLXNqbkhmUjVnWlFpbHBiSUk?oc=5,,,
2026-07-13,半導体 関連株,ロイター,日経平均は3日ぶり反落、半導体株に利益確定売り ポジション調整も - ロイター,https://news.google.com/rss/articles/CBMigAFBVV95cUxNZnJPYXpPcTZ1czI3aDg2R0Fob2VIcTlDOGIwV0s2ZGdFcW9KdXhaYkVWWXRoX1NDcE1NZG1rakpZN0F6TDA0alpBb2I5Tm42LVJKNDBVcTF5RzJ5YXE5cl95dDFnZ0l3OGExbXBkUTVkUmo3N09fLWhVcGhWb1VMOQ?oc=5,,,
2026-07-13,半導体 関連株,四季報オンライン,｢隠れ半導体関連株｣､放熱材関連商材を拡大するあの会社 - 四季報オンライン,https://news.google.com/rss/articles/CBMiV0FVX3lxTE04TGpoWlBXNUJLSldYRURlOXVjMHpTd1lOaUxkbHFIS0dWbUVHaTZkdjF6Z0pjcGt3cXNmLTcxekNDeUF3NTF6ZHFDcHZNbU43OVBtYzA0cw?oc=5,,,
2026-07-13,半導体 関連株,マネクリ,（朝）米国市場は3指数揃って上昇　半導体関連銘柄が上昇を牽引し買い優勢の展開 - マネクリ,https://news.google.com/rss/articles/CBMiVEFVX3lxTE42R0VGVGprRUNoM1RvRExnYzdpdXFQUS1OMHBSTmxtVFNldm9DMW51d0ZDYWZPdHZzdHlaUF9PMy1MbGJSbC1FUVN0cHZpeTRnNEhRcdIBV0FVX3lxTE1ncThKUEJCMDh1SXp4X0NpTWpUNExSbzlfclV0Qk5RUklaUWE5UE9NUFYxWXJoalVlLURuQ2pQTzVxRHlvZ0RyTllGNFBjalo5b1lMOEdRZw?oc=5,,,
2026-07-13,半導体 関連株,日本経済新聞,世界株高占うTSMC・ASML決算 半導体需要旺盛ならAIラリー再開も - 日本経済新聞,https://news.google.com/rss/articles/CBMibEFVX3lxTE9Ed041UWgxbFpBZ1dXR0ZNZHlJRlJTWWRQLUFpV0ROMmE0R3REa19Md2dzYmdSb0tGZ0YzNUdVaEs1QVNMTzJ6eGRYZkd1Q3I2ekNPemMyUTJNWm9xM3NxRnRnVjdWUDNCUC1KMw?oc=5,,,
2026-07-13,半導体 関連株,トウシル,［動画］AIデータセンター関連の中小型株～巨額投資の中で成長が始まった半導体関連の中小型株に注目 - トウシル,https://news.google.com/rss/articles/CBMiWkFVX3lxTE1EQndrQ1hkU0VjX0hNQ0xLdFZIMTdhc3BuOFIwUlpGVkZFUU5lWUxhU1NZMS13aGYzcGNsYjlMLXhTM3I0V1l2Yk50OTA4bm1YazFGdjA4cTQyUQ?oc=5,,,
2026-07-13,半導体 関連株,ｄメニューニュース,半導体やAI関連株物色継続も原油相場にらみの相場展開に - ｄメニューニュース,https://news.google.com/rss/articles/CBMihwFBVV95cUxPX09VUkVtbWFReFpQaVBvZFdsRzQwdkhueHI0S0ROT2FQZUVtb0JUZ0I2WVNMU05kRWN3VFJCSVMxcmRuNzhMWUpXUC0zUlZQMnl3dEk2dHlScFFnb2g2aVY5STNfR2FNMVpGSUNPejg4TTk5OWx5MWpMbDNzZFB6VjZDdUlPRm_SAYwBQVVfeXFMTmxjUWJBZERyN29EdU0wcTY4ZTR6NHp3MHBxZUp6RVJjNWRyNTZyTHIySlVIZDl6aVJvOU1iRUVEa1pSd043ME1ILXRxVjdVcS1XY0l6dzR1YmU3RHpZZHNQaTlIR0xxcXBYSVhGLU9Ray1VZGt4Z0NQdlAzQkV1T2dmNzhyS0VUTGZFY0g?oc=5,,,
2026-07-13,半導体 関連株,Yahoo!ニュース,【ヤフコメで話題】「キオクシア株の乱高下と投資家心理」「安定志向と投機的銘柄の選択」 - 半導体関連株の値動きに注目集まる - Yahoo!ニュース,https://news.google.com/rss/articles/CBMif0FVX3lxTFAtdUtUWDdRcTkydzBta1pwc29YZWJlVExMZlhUVXlpNUpvbHY1amtSTW1lOGdjQkZ1S1d0d2dEejFKYUlUejBSMzBQM2Z6bmVrRjlBRGQ2SWNRcXF3b1hXc3BvUUZYd19ralI3a3gwclZ1TkJMMXQ3azdQcVp6R1k?oc=5,,,
2026-07-13,AI 関連 日本株,Yahoo!ファイナンス,〔ブル＆ベア〕大幅反落＝AI関連中心に売り(時事通信) - Yahoo!ファイナンス,https://news.google.com/rss/articles/CBMihwFBVV95cUxQeXljdld3NEd4NTBrUWg2NEIybjZOY2dGeVNPNnVEdEdkQ2Z4Y1JxM0kxZFlMV1ZNUFF4U1V4WWJtZlB6a2JzbWZ1WGJpUVp0Ym5BVl9oMkMtdVJxU1BjTEs1eVJlbm9IS2lfSW5CeUdMYjBhNzBlSy1TTzBGZUxmSkhSa0FHVHM?oc=5,,,
2026-07-13,AI 関連 日本株,日経CNBC online,日本株は引き続き荒い動き想定（7/13週） 全体地合いは弱くない、決算後のAI関連見直し買い期待 - 日経CNBC online,https://news.google.com/rss/articles/CBMiVEFVX3lxTE1WMnZuOVFiX2p3WVozMnJTMmZFbVJUcDhsbzVJeFlqMGxFU0U0YVUzMzE5Vkt1RHl5NkhrWlNWclpiSTl2VW1iZGlpeFhFdW4yNUZ4bw?oc=5,,,
2026-07-13,AI 関連 日本株,Investing.com - FX | 株式市場 | ファイナンス | 金融ニュース,AI関連株の売りを引き起こしている要因とは 執筆 - Investing.com - FX | 株式市場 | ファイナンス | 金融ニュース,https://news.google.com/rss/articles/CBMicEFVX3lxTE0teFNrY2wzZndFMTFMV3E4NFZGa1FXSmRMUVNmZm5Kd3dGWEtFTUt0YnhSQjVQR09meFZZXzAzRm5qUHo5dkxFM0FwSTJNVkIyYXpwNHJMd05sMk9jRzBhYzl2VkpNakNKYnNjZ2JiTWI?oc=5,,,
2026-07-13,AI 関連 日本株,nomura.co.jp,AIブームが日本の景気に与えるインパクトは？ 半導体輸出・設備投資、資産効果の観点から分析 野村證券・伊藤勇輝 - nomura.co.jp,https://news.google.com/rss/articles/CBMiX0FVX3lxTE4tUEs5eGZVdHhrRkdkb3loY0lKdU10NTBueXhDLUFDLVBQbVFBT0JvMU4tSE1hUDNHWkJwUmxUam93eUp2VHFmeGJoc1l3MEQ2QURJZVk2NzFzUUlmYjY4?oc=5,,,
2026-07-13,新高値 銘柄,Yahoo!ファイナンス,ETF売買動向＝13日前引け、ｉＳ米国株、ＳＰＤＲ５百が新高値(株探ニュース) - Yahoo!ファイナンス,https://news.google.com/rss/articles/CBMihwFBVV95cUxQN3V5WFhqdVFoc3dyemhxUndoU0VSTU9FbjV2dTE4VkljREFzZlJST2NGWGhxQjVhS2N3U1NuQ3l5U3ExZldTb01EdVN2MmJmc1VzclRmektmbWRoUk5uUFdSSHF4a2tlREtjQ293UVJYczd5LXpZaUExcUNxUXpnTlI5dk5VWWc?oc=5,,,
2026-07-13,新高値 銘柄,Yahoo!ファイナンス,三菱ＵＦＪ－新高値 利上げ期待などから銀行株に買い 同社は時価総額国内トップに(トレーダーズ・ウェブ) - Yahoo!ファイナンス,https://news.google.com/rss/articles/CBMihwFBVV95cUxNS1R4VmZIV3lCV0tsQ0lZZVNBdERfMThleThadEdUbkY1NGU5S1dRbC1hMVB0aS1LM2ptd0RQeWNkcUZyNlpCeC0tTGtXa0ZJZ1hXOVh5endlaTdySkhZUnVVdDllVEh4Z2pFb0pmZWVTdGdDNXh0Y3hXTjBibEZUd2NiLWRtUXM?oc=5,,,
2026-07-13,新高値 銘柄,BigGo ファイナンス,香港ハンセン指数が702ポイント急騰し新高値、中国AI銘柄再評価でアジア太平洋資金が大移動 - BigGo ファイナンス,https://news.google.com/rss/articles/CBMidEFVX3lxTE92ZGtlMXNudlNqMnlBR2ctZG5DQmR2WU5UMm9qUzR4OUR2SW1wVnpEc2NheVE1ZjlIS1ZJSk1zazE0V0x3TTRnQ2N3UU9JRzZOTlVkeURJUUl2V19sWWxHcXBHTGJpZUtQbWdPSFl2ZGNOQ25M?oc=5,,,
2026-07-13,新高値 銘柄,Yahoo!ファイナンス,ヨンドシーHD－新高値 通期営業益を上方修正 1Qは2.3倍〔DZH 個別株情報〕(時事通信) - Yahoo!ファイナンス,https://news.google.com/rss/articles/CBMihwFBVV95cUxNem1qNWwzbzMwd0FZMklSNFh1UmhKRU9QT0JfdncxNXVlam9DWVhqUUtVNVJ5MzV0TWkwYTRmYVJ1TlhNREp1Ym11TE9xRC11c1V0Yjk1M0ZiOHJrWW1zTTFnUHYtNjhISFBzOWF3WWJwZzRQTkxaS1p0UTVCNHhTTllXX3d5Tmc?oc=5,,,
2026-07-13,増配 自社株買い,kabushiki.jp,横河電が急反落、増配・自社株買い発表も減益決算を嫌気 速報 - kabushiki.jp,https://news.google.com/rss/articles/CBMiR0FVX3lxTE5xQ1JDQUU1X282b3dVZlZtVkt6QjdUaGFHWThyWURBQmZ5eVdpWUJnbmxwd1FLcmtvZTc0d0NkQWNJdXdjOFFN?oc=5,,,
2026-07-13,好決算 株価,四季報オンライン,大和証券Gなど証券株が上昇､1Q好決算を先読み - 四季報オンライン,https://news.google.com/rss/articles/CBMiV0FVX3lxTE1xZUw4Q0Z4aEdtTG1id2Y2VF9UdTFJcERNczBvLUNfOTh5ZGF2MmVTS3F5WEowVjhQWFlKNnNwRVNxTmxwaW84UUZwYVV0THFVMmhoaG9XOA?oc=5,,,
2026-07-13,好決算 株価,Yahoo!ファイナンス,キオクシアは一時「10％超」下落も…半導体株に「見直し買い」期待？(トウシル) - Yahoo!ファイナンス,https://news.google.com/rss/articles/CBMihwFBVV95cUxOMUM2c3BZeDJkaVdWa1BNSExHMTk3WGdGcXNBS3dtNldhbXQ4TTJXTjR0LU9Xa3dzbHJiZTVOQnhua3NFX2l2aDJjc1hyT3Z6bUppQ0stNXlRVVZFNkhGUDEwTUxpSWNGeVY4TFN4Mk9OV2xNTjFxams5VFZIeWhrdHU4Q2hFamc?oc=5,,,
2026-07-13,好決算 株価,Yahoo!ファイナンス,本日注目すべき【好決算】銘柄 ＯＳＧ、古野電、良品計画 (10日引け後 発表分)(株探ニュース) - Yahoo!ファイナンス,https://news.google.com/rss/articles/CBMihwFBVV95cUxNUFR4NnRSelBVN3VkRDZodEh0eGEteV93TVExZ3o0QjdBa1BWVW5YQUd6Q3NUN1Q2LThTX2RmeGR3MjYxeWY5SGpUWWdFWEEwMGRnSGF3cW91c3JmMXJ3R2FZS2JYb3lDa2lMWmY4eGdIX1N6S3lFS0UzR2J6QlR6NlQ3aGJ4TkU?oc=5,,,
2026-07-13,好決算 株価,トウシル,日本株、この夏の投資戦略。業績好調だが高値波乱（窪田真之） - トウシル,https://news.google.com/rss/articles/CBMiWkFVX3lxTFB1X2lxRkJJT1RnZHh2YUJYcEczdEJ3aVlzMGtOV1kzQl9lSmFHOVUtSEQxbzZ2TFpWNGxlR2FqN3JrVDZnckxTd0xQSDFGSlpCNmQwNWVZZzFkdw?oc=5,,,
2026-07-14,日本株 注目 銘柄,Yahoo!ファイナンス,テクニカルで選ぶ注目銘柄：三越伊勢丹ＨＤ＝２５日線を突破、５日線と２５日線のミニＧＣ形成が射程圏内(ウエルスアドバイザー) - Yahoo!ファイナンス,https://news.google.com/rss/articles/CBMihwFBVV95cUxNN0lJdm52M2l4ZDF5eFZ1bGRjSEluTU1VYlVadDNVeUtlMWdzMTFHb29wVHh6aVR2aFMxNWQ5aFE1U2t1QTJPSFBfS3pCUFdVWkZTbnhFS0lVYzliSWp2MVQ0WFdOMDZIalJqRXZhbFc1WG41V1N0WXRrdVdyRnh2cjEtbmlUUGs?oc=5,,,
2026-07-14,決算 上方修正,Yahoo!ファイナンス,【決算速報】不二越、今期経常を28％上方修正、配当も10円増額(株探ニュース) - Yahoo!ファイナンス,https://news.google.com/rss/articles/CBMihwFBVV95cUxONFM3M3hERjlsVVd6QjVHQnlPekVIUDV5QWZpc2EzNHVPbTVLcFBSc2I4T1JKN1BxcUlsbzB1eElZQ1U2eEdCR09sY2VjZkN1RmFZRmdpY1hwOGk5dUFUVXpELTlSMnZxSkdYelRzVEtfOWtFcUg3ZF9UdTBJNTdaRTY5dXU5enM?oc=5,,,
2026-07-14,決算 上方修正,株探,富士精、今期経常を一転52％増益に上方修正 - 株探,https://news.google.com/rss/articles/CBMiUkFVX3lxTE1mZ1c3Z0dpc3pIVFlfa01TYllfMzkzMkhPVU1CZnhHeHhvbzZhQkZXN0ZsMXN1U1FQVkU3R2E5d3ZuZWRuaXlPdk9IQllmRWdIcVE?oc=5,,,
2026-07-14,決算 上方修正,BigGo ファイナンス,ＭＥＲＦが営業利益予想を65％上方修正、コジマやライクは株主還元を強化（7月13日発表分） - BigGo ファイナンス,https://news.google.com/rss/articles/CBMidEFVX3lxTE56dlRQbWJQSFhYbTRTd21abFBJRlJzd0Z6aWNLZE1ybkI3Z0g5cFlBTXBBQk5feGJnRWNzSEpvLVpYeXV0bnpqekxtNlBLaVdNc3FsTm5lcmRUazQtWEVmMGZlZ2N3RjFpbnBPV3lLb3JIMU9q?oc=5,,,
2026-07-14,決算 上方修正,Yahoo!ファイナンス,【決算速報】ヴィッツ、今期経常を10％上方修正・最高益予想を上乗せ(株探ニュース) - Yahoo!ファイナンス,https://news.google.com/rss/articles/CBMihwFBVV95cUxNMk5XZHFvYUJWeEc0b0FtbWZhT3FQUjI3b3E5LTNyOHFXMzJ6XzVlWGRnOUpHMVkxbi1SWmM4VnlBczBpdjlpSG9mVVhaV2J0MXBlS3VQT0dxYk5JUW9yUExXRF9JX3VNT2IxOXVwd0UyLWZBMjNMc2VRd0VtNTlZOTNrekROWlU?oc=5,,,
2026-07-14,決算 上方修正,みんかぶ,ヴィッツは後場動意、ソフトウェア事業の売り上げ想定超えで今期業績予想を上方修正 - みんかぶ,https://news.google.com/rss/articles/CBMiSEFVX3lxTE9BZTNwNDdLRkx0SEc4YUVvSnlWU1k4SUUzaXNEYl9Ecm9YMExHc21BcmlxRHlZV2VyRmp6WF9LdEtZZ0pKTlc5Yg?oc=5,,,
2026-07-14,決算 上方修正,株探,上方修正“先回り”、26年12月期【業績上振れ】候補 37社選出 ＜成長株特集＞ - 株探,https://news.google.com/rss/articles/CBMiYEFVX3lxTFB1VGc0RzFBaHRqS3FkX2dxM2VBRnlLU0gzeUxDRHc2TFBpTi1oXy1nQ2tJRC14c2F6OXllcUQ3cHZQUkFCc2xvcGNFcHJyMVVtU0RTbXBiemVQbEpEaTNKeg?oc=5,,,
2026-07-14,半導体 関連株,日本経済新聞,日経平均午前564円安、米半導体株安が重荷 非AI株にマネー退避 - 日本経済新聞,https://news.google.com/rss/articles/CBMibEFVX3lxTFBOMkJacmtqNEtlSzBndmdXUmFMRzVLbGxxNnRoV1I1SUgxakZSclJlaVdza0pXNUNGNVNmd0F4MUxNdVNWa2dLYzNhcURHb0JFSWNzTjV6dU05MnpXM1R2MHRuU1Q2VWN2Y3lkYw?oc=5,,,
2026-07-14,半導体 関連株,トウシル,AIデータセンター関連の中小型株（巨額投資の中で成長が始まった半導体関連中小型株に注目したい。アステラ・ラブス、クレド・テクノロジー・グループ・ホールディング、ペンギン・ソリューションズ） - トウシル,https://news.google.com/rss/articles/CBMiWkFVX3lxTE1WNGtLSlVlcURtU2hsYmZuc0pyc2cwbGg0RFdSdTFBR2t2OU9sWkFLNVB4LUdUTTdJeU00Sll4ZnYyOUJqNUdzX1pTU1JteXNxTXlCNHBCT2hwQQ?oc=5,,,
2026-07-14,半導体 関連株,TBS NEWS DIG,韓国SKハイニックス株、2日で20%超下落－世界のAI関連株安で売り加速 - TBS NEWS DIG,https://news.google.com/rss/articles/CBMidEFVX3lxTE1NVWVZOEFRSmNGWFg2a0o5c01NbFB6NUhtQjY4VHZNd2V1NERvWVZlSEJBSUVoaXJ4LTRLZnVHSHg5QzRNREFmRFZWdDc3a2pJN3NsRHdZb0RoeWFCRFNKNUZMRWlEdTIyWFpnNy11MmNGYi1B?oc=5,,,
2026-07-14,半導体 関連株,マネクリ,（朝）米国市場は3指数揃って下落　中東情勢悪化や半導体関連銘柄の下落の影響で売り優勢の展開 - マネクリ,https://news.google.com/rss/articles/CBMiVEFVX3lxTE83WXkxMzhvRnlXUEFOT05XY2ZOdGhOaGZOa2l0LWRTcGhZcmpZR1NaNG9IaWdXZFFtU1dLa3kxQUZTRHJUM1Y3UnBUdHpOeWZ1YWY3NdIBV0FVX3lxTE5TVkl4bENUNlAyQXBLVy1PaFV2SVRiNC1lR2ZXVFEtYUtLbjRsQlB6bTNialJCMzJRUWIxTHJFZkRDaEotQi1VRmtkZnREUnhDSzZ4TXI2UQ?oc=5,,,
2026-07-14,半導体 関連株,Yahoo!ニュース,【ヤフコメで話題】「キオクシア株の乱高下と投資家心理」「安定志向と投機的銘柄の選択」 - 半導体関連株の値動きに注目集まる - Yahoo!ニュース,https://news.google.com/rss/articles/CBMijgFBVV95cUxQeGtGS19pdzdkdlIwX2JyUm9HX1NVU1hrTTZWOGpPZGF5ZkFmemdobEFabTc2RXlEQ3kzQXpXZlpXeHFYeEJHSF9zby1hN1A0SDBrcEx0WTZnNGVjS2dyV2F2ZjdyM1FZYXMxaWN5MFdiOXRwS3Q4WWItRmJtY3VjelhSaFZPMnlVdXp5UlZ3?oc=5,,,
2026-07-14,半導体 関連株,日経CNBC online,キオクシア、アドテストなど半導体関連 韓国SKハイニックス米上場 「メモリー不足は2030年以降も」 - 日経CNBC online,https://news.google.com/rss/articles/CBMiVEFVX3lxTE5pR3l0cEtFdUk0T0Vxc1pKQnd1SldpT1NzZV80dnY0Q2JQb3Ixemh2aHRHYzBTcTVuUVpDbTJXOGx2NE1ocktsSW5RX05KMzA5a3Ffag?oc=5,,,
2026-07-14,半導体 関連株,ｄメニューニュース,後場に注目すべき3つのポイント〜半導体関連中心に売り優勢の展開 - ｄメニューニュース,https://news.google.com/rss/articles/CBMi3AFBVV95cUxNMnd5dW80bklHOHQwOVYwZElyY0FVQ2N6V3M1NnczVndRN01xLWZKUUFfVllvMFlQWHZCVGk1R0JnU3VndjcwOFJPeTFGczlnRGp5X3ZldU9fQ2t5TkFQcnZ6SG5ZTFlxZEJnUmROVTRVOEwtY19yRjQ5SU4wcTF2aFNGb1dtbXB3LXh6aC1ZSGMyWFNRU1dXcmRXMXRZZjl1enJadG5PNFNNcU5uLThzVjA5TzQ1VWZ0LWtMMDFzV1lXLWU5MXozMjZDU1hRUHQ3aGJvQjRQZFdqaVBj0gGMAUFVX3lxTFBXNnlobl92SWlMbi1nN3RrcnEwbnl4eGUzRDVyeF9xaU1IOGZvbWZMTjc2QXB6Z2ZISEVQdEFwVjFLNWNYWHlkNVJLSlVydGRSX0NWbVo2Yml1UEd1WW50UVE1SFcyQW41NGlCLU50MmlrODdVYjlRVjN3ZWp5Y2l4bm1OTkc4amtmemRo?oc=5,,,
2026-07-14,AI 関連 日本株,日本経済新聞,TOPIX改革で1000社割れの声も AI関連株高騰、上がる採用ハードル - 日本経済新聞,https://news.google.com/rss/articles/CBMibEFVX3lxTE1oWmxFYXFUOGlvNDlMV1dZR0NSdjlad2c4eTFjeFdUZGpXaTE3a3VBd0t0MEF6UkFUeExzWWJrdkdsQ1p3dk1NN1JxbEJWdEQ5MlMzUVZzdmFvUFZjSkVQdnB0al9wUWRWUTdnMg?oc=5,,,
2026-07-14,AI 関連 日本株,BigGo ファイナンス,TOPIX構成銘柄、1000社割れへ AI関連株の高騰が中小型株を押し出す - BigGo ファイナンス,https://news.google.com/rss/articles/CBMidEFVX3lxTE1TeDYzWEZodmp6MXAzRk5FalJnZEVLTGlyM0ZyemFnZlFIb1poOERDUDVxMlN5VERWZ2Y2MUtnZENCSHJSVzNLaXY0TTJncTFnNi1GM1FpTXNlOWdLTHJkYlJ5Smh5VWtrMjlJSWdOYnR6OVFY?oc=5,,,
2026-07-14,AI 関連 日本株,BeInCrypto,日本株、3週間で82兆円減少＝AI関連調整か - BeInCrypto,https://news.google.com/rss/articles/CBMidkFVX3lxTE9nMUtLR3JWNjJvOUVsM2N5MmZ6THJHR1VadVRBNW9iYXBmNC1QelJlc3E4TU1ON0lWT25hNFRyWXNFbVAzOUVZeWdTMWRmQ2o2WEN3UTEwNVpoOTlNNmUzbHMyNFBUb1Ruano4WVNTTGNxN0MyRWc?oc=5,,,
2026-07-14,AI 関連 日本株,Moomoo,個別株戦略（後場）AI関連を敬遠する流れが続く／リンガーハット、富士急行に注目 - Moomoo,https://news.google.com/rss/articles/CBMihgFBVV95cUxPamxpYkMxZkZxTkh5dVp0cFBHOG0yQ1JjZjREaW1xNFJJbk9xYkllNm1tQWYxaHlfUjRmT0plUlkxQXNxWWRwa0NhWnFxWmFFWWFNR2hLdWtyTkNUdTF3QVVtVURpUnZELS01YlV2aDJNTW5LZVBxMG5DLUtWM1k4Y0dmLThQZw?oc=5,,,
2026-07-14,AI 関連 日本株,ｄメニューニュース,ＦＣＥ---AI関連事業に特化した子会社設立を決議 - ｄメニューニュース,https://news.google.com/rss/articles/CBMimgFBVV95cUxNTUd5T2RkaXRjN1lsSmtZbDZ5N0RTWldPNE5JMGNHQjFZN2xHX1htRG1hUnkwaUVUbjJkcWJ2ejR1aURPM2xxWWsyNWpWUG10MjdsUENLU0pIT0d5WnViQ0dxeXdsNzFQVGY5V0tHOHJTNmtSMmpVcjJHSlZOU3NNNmU0UnFsS2pJaHdzUUpqSmtSREw2Tk90WXlB0gGMAUFVX3lxTE1yeHg2WFVhU3FsTTVmUnBhbUV1MmM3SVVxMEJ1S09GNlZ5c0VYV0ZnU2p0ZGN2U2h0aktRRnFyUVByMENFYVlqNXlqM2Nwai1ZZnZCcXNVSkt4bTd6dlZPcnE0VGRtc3lCR2U4bVNnYW9BOTgzR29MckdPNDBKcUdtY09rU2RjbDQxWllu?oc=5,,,
2026-07-14,新高値 銘柄,Yahoo!ファイナンス,ブックオフGHD－新高値 今期営業益7％増見込む 前期は計画上回る〔DZH 個別株情報〕(時事通信) - Yahoo!ファイナンス,https://news.google.com/rss/articles/CBMihwFBVV95cUxOMGpxS01BN08yZVpFUXZVazR4YVE1ZllOMjk4Vzk5Mi1PWFk3Z2dhUzRMOG1IYWt1ZmlyamFZaW9TekhxZkZURkpnTl9NYzIyaWhKU01vSlJqNHpPVHp5TjhaQTFJa0Z5UWpzRUpzM1lPXzN1OHhOR0RxeFROMEtaRzk0TEd3QTQ?oc=5,,,
2026-07-14,新高値 銘柄,Yahoo!ファイナンス,ETF売買動向＝14日前引け、上場銀行１０、アセアン５０が新高値(株探ニュース) - Yahoo!ファイナンス,https://news.google.com/rss/articles/CBMihwFBVV95cUxOT3JQNWdRZEJmU2NOV3hfSzA3dEVCbHB1ZlJNaS1oQ210OVlFVW1Kc290eDdORHloUEZIcXlKcElBMjV6c2JLZDRLenZYSUlkMW5UN0s1UnlsYV9wSzlfM3Y4cGtXU0lPbUt2MTRsWFhrUkJwdEMzV0ZJWFNPUlBsaDBlYVJPcjA?oc=5,,,
2026-07-14,新高値 銘柄,Moomoo,新高値間近、準備万端で待て - Moomoo,https://news.google.com/rss/articles/CBMijgFBVV95cUxPS3B1Rmkzc2Zxc2c2NDZsczRZSDVBbDdRLTQtWDVibTRWVjdfaU01eDRZZVZrZGJFcG5Bci1lRG5LUXBiV2s0OFJBY2tTaHJ0bjVzOWlFY0pEVUhWNmVlTDlrUmc2OFFKazV6cXE1blBudTZQelpJTEJ2Sk5XZWN1c0FnMEFTWGd6d0xUVEdR?oc=5,,,
2026-07-14,増配 自社株買い,Investing.com - FX | 株式市場 | ファイナンス | 金融ニュース,コジマ---大幅続伸、増配・自社株買い・株主還元拡充を発表 執筆： Fisco - Investing.com - FX | 株式市場 | ファイナンス | 金融ニュース,https://news.google.com/rss/articles/CBMicEFVX3lxTE9uS1VrNGJSLWRYMkR2T2gtaVVtaEZfRUJLRGxjODVxR3puTUU3M2s0TmFvLUlmQkVmNnBYTktPRS1MOEtIaWZfbWRwamJtbXhtcVZucTd4OWxSdzFvWW1VdzF0czZKbm1yMFRNMWFXbG8?oc=5,,,
2026-07-14,増配 自社株買い,ｄメニューニュース,コジマ---大幅続伸、増配・自社株買い・株主還元拡充を発表 - ｄメニューニュース,https://news.google.com/rss/articles/CBMijAFBVV95cUxQYXJEZFJ4cHpQbDJucDM5cmNTSy1jczItUTNrZk1TVTlIaVd0WklxUzJLeXRPWWtoMjd5aUg0SGFtbk8yMU9jN19yMVJ2cTh5NjF6Y1YxMnl1NWt0ZnBXaGNBNXlzYjZJOTdRVnJKMjRqcDF6Um5jRmJzWS1NZTVSR2JfekNveWZaVkxpMtIBjAFBVV95cUxQYXJEZFJ4cHpQbDJucDM5cmNTSy1jczItUTNrZk1TVTlIaVd0WklxUzJLeXRPWWtoMjd5aUg0SGFtbk8yMU9jN19yMVJ2cTh5NjF6Y1YxMnl1NWt0ZnBXaGNBNXlzYjZJOTdRVnJKMjRqcDF6Um5jRmJzWS1NZTVSR2JfekNveWZaVkxpMg?oc=5,,,
2026-07-14,増配 自社株買い,simplywall.st,KLA（KLAC）は増配と自社株買い発表でも8%割高に見えるのか - simplywall.st,https://news.google.com/rss/articles/CBMikAFBVV95cUxNUk93V2szV3YyeVNPS0dBbVl1MksxOF9pMUVuUWk1dENfNHE4MHpJb25ORVMzZWRWQ0g4N2p0ZTJndmotX3h1b2lnUFVFSXAtdDVKOURRMFVJa0lQaDNPM2tuX2JOWnYtV0txdmhadndGUks2b2VfN2w1d25KbnJENHptTHd3Rlllc2tlYWgxWnLSAZYBQVVfeXFMTXU1RWQ0OTFkZTlGV29QWUpMS2NZQkdnRnA3MzVpa2k4SGdLbEphRHF3d1R1MmpwckpKZmoxYW9MaXRzZXMwLVpvWjVzWGlvdmc3V0xPaG1HQXEybkJCbEFUMk92NzZqRC12Uno1ZFdLd2YwcnlHYnZmZWtzWXJzWXVlcHVJV05nUldac1V2Szg1dzZsdDBB?oc=5,,,
2026-07-14,好決算 株価,ロイター,午前の日経平均は続落、一部ＡＩ株の調整継続 好決算銘柄に買い - ロイター,https://news.google.com/rss/articles/CBMigAFBVV95cUxNRmlEMExNeThUUTVJWVdSUzQ1dnNnVEFEVHltT0c1MmNOaGNpZ0h3U1JJZDBPR2N6aE5RNXd0MFlFTXZPM0x4VVBET19zOTNfQzZrd2dVcjh1V1NDSDNyS214aEhlVkxmODhVbUFpNlpWcFd5TzhnSlVjN0RjcFduMw?oc=5,,,
2026-07-14,好決算 株価,株探,カーブスＨＤは年初来高値更新、好決算と自社株買いを評価 - 株探,https://news.google.com/rss/articles/CBMiYEFVX3lxTE1Bc0toLWFlUmJETzhLdjBqelJlb2REa2tnTm56VTN5bldvRERTYW9pd3R4djk2enBjWGNBUmRfeTlyUm8xS0ppdi1FQXZqVE5kMWcwV0QyOWxzd3dURmhPOQ?oc=5,,,
2026-07-14,好決算 株価,Bloomberg.com,テック以外でも好決算の見通し、米国株上昇の裾野拡大へ－モルガンS - Bloomberg.com,https://news.google.com/rss/articles/CBMid0FVX3lxTFB5S3VNemp4U0xHemYyejYzeW9kOHBoX0VvWE9GWHBDR1I0amlhcnJ4RGJHU2Z5ODJVcnVjOHQ1YVhzcS1NeFFMRXd0VDJYTEVXSVlJNWwxTnlUNWw5QlgwQkRSSnAtU0FFVFlGREJ0WEpnLU5KOHc4?oc=5,,,
2026-07-14,好決算 株価,kabushiki.jp,カーブスＨＤ、好業績と自社株買いで４年ぶり高値 速報 - kabushiki.jp,https://news.google.com/rss/articles/CBMiR0FVX3lxTE9mRzZrWFRZUG9HQUl1TWo1eGJWRzJJZ2ZlYUJLYXd1ajZYdFJzTTlVSWxjay03UUpSNm55eXdJUnQyZXIzZV93?oc=5,,,
2026-07-14,好決算 株価,BigGo ファイナンス,カーブスHDやSansanが急伸、好決算と自社株買いで物色集中 - BigGo ファイナンス,https://news.google.com/rss/articles/CBMidEFVX3lxTE1mN2NwYk9hcUlpRGlYLVRzdnlBa0ZEeVlmV3hIc0toeWw4eDhCU2pqQUFiQ1hPa3FaaTNTSHc1WE4xcGdfSWVFbHFIQWJ2WElUbVZ4OFhzdGdtaDREejVMbms3aHVWQ2ZXcXEzb3lVR05ocUJw?oc=5,,,
2026-07-14,好決算 株価,Yahoo!ファイナンス,本日注目すべき【好決算】銘柄 インターアク、コジマ、ブックオフＧ (13日引け後 発表分)(株探ニュース) - Yahoo!ファイナンス,https://news.google.com/rss/articles/CBMihwFBVV95cUxQdzJNbGZ4ejBxQkRmQ3gxdWhGUUpKalA5VWk2SS1Gdjg3a3VDZ0hrT3pLaUpKeWF0QjYwME5qMUQwTWhYNVNDU1VENVFDWEp4aHczNjRUWDRPTFpuTG9rZWRwS3pOczBSNW5UZVZqWV9DSUU3VEZ3cTVzcVkxSW1BM2FLZ0pwMzQ?oc=5,,,
2026-07-15,日本株 注目 銘柄,マネーポストWEB,【注目トピックス 日本株】ＧＯ、タマホーム◆今日のフィスコ注目銘柄◆ - マネーポストWEB,https://news.google.com/rss/articles/CBMiR0FVX3lxTE9nNE1KT05QZE1hVjdWT2xha2xIdDlKRlRmS016YklyQlAzeVlUUFQ4MTRJMEhOWDgzd1ZtN0tZWmg3VTVGeUVr?oc=5,,,
2026-07-15,日本株 注目 銘柄,Yahoo!ニュース,インフレでおトク度が増す株主優待って!?/ディズニーなど値上げ/日経平均反発【今日の注目株＆日本株市場見通し】「デイリーZAi」7月14日号（ダイヤモンド・ザイ） - Yahoo!ニュース,https://news.google.com/rss/articles/CBMif0FVX3lxTE1UZmVIREFhbUsxb0c1M3M1cnotUFdBaVUzUFlvS0ZrbkhHb3FxVEtEUk5NT0ZtbjNnWUwxZThSdGdJVXNMcExCcjE0T2ZJSmRCcXV0VGJpU2hTa0xKTVVtdkFvYXRFSHRVYVloZ3Jnd0FhQjBzMmxBMHFpRTk0eEk?oc=5,,,
2026-07-15,日本株 注目 銘柄,トウシル,【8月の株主優待ランキングTOP10】イオンやビックカメラ“例年の人気銘柄”の株価が低迷中…優待目当てに投資しても大丈夫？ - トウシル,https://news.google.com/rss/articles/CBMiWkFVX3lxTE13cHJEWDltdEtFeXlpanZZUU1fVmhOQkZyTUJqQ1RqUGpYMDJiOWFYQXhUSE5lNHI3cGRSNXVWay1iRnltM1BfY0xPVFYxZDlPLXZqOFV4NS1kZw?oc=5,,,
2026-07-15,日本株 注目 銘柄,四季報オンライン,【キオクシア乱高下】人気株に飛びつく投資家の｢末路｣を検証 - 四季報オンライン,https://news.google.com/rss/articles/CBMiV0FVX3lxTE5nOF9zYk1WV0tBQ2tzZTVGcTlFSEg4WFdyb2ZFdjBUMFR6VGJHSUU4YUE1bElMbC1GcVpmRnZDc0N6ZWVpTUo5QlRTTlNlQjdQZmFUTTEwOA?oc=5,,,
2026-07-15,決算 上方修正,日本経済新聞,決算:ASML、通期売上高見通しを上方修正 4〜6月期純利益は27%増 - 日本経済新聞,https://news.google.com/rss/articles/CBMibEFVX3lxTE9vbGI2WkViYnFhUzZMNEVEbXpDS3ozQmJjbmNKUmdhWThkRFJMWnc3MFNMQXlPSXBGSzYtbEpiQ0N6a3Mxd1A3em5zQno3YzVodE14dlU3SVJvS0s3QXlvXzNjb0hPU2xIRzdwYw?oc=5,,,
2026-07-15,決算 上方修正,Yahoo!ファイナンス,【決算速報】ノムラシス、上期経常を2倍上方修正(株探ニュース) - Yahoo!ファイナンス,https://news.google.com/rss/articles/CBMihwFBVV95cUxQcGJ5OUxHcFdVNEpncUZ1ZkZwY1dmcWNFYUZSbmQzaldFZlh6X2RYUnlKdktYdmpHcnpzY0pSRFVYNFBYbjNwTmxjdDNJNFJrcUZWb2ZkMEV3Z3FhVkszQ3ZYYXpHbDB5OXdlcm9vZTJZT25ZRlhLazRUc0lWaGVVcGw5bE5wNlE?oc=5,,,
2026-07-15,決算 上方修正,株探,ホリイフード、今期経常を30％上方修正 - 株探,https://news.google.com/rss/articles/CBMiUkFVX3lxTE02SFdtMWxxNTdoOTV2VGpubGo0V2huQ08xcVdmRW10V0EtNnVyQkZfak1wY0NGdmxpa1NzTzdFTDVCRkxBTDJTMGFPUzB3VXVJYkE?oc=5,,,
2026-07-15,決算 上方修正,Yahoo!ファイナンス,【決算速報】Ｈｍｃｏｍｍ、上期経常を一転黒字に上方修正(株探ニュース) - Yahoo!ファイナンス,https://news.google.com/rss/articles/CBMihwFBVV95cUxNa214Sm1Pa1ZvVzg0SHFkdlpnSy1CNDN1Z0lENEZlQm5Cc1BsYUJ2bDc3dHg2Mms0RXJ6cFlmeW1zS08xTk8xdUY3NFJDZGJBcGlqdE5DaFMyNU5qcnB5dmp2ZFNaTWtHcWhiY001em9HTDNWRnJIcFhPWlV5LXU4QVQ0WnE2MXM?oc=5,,,
2026-07-15,決算 上方修正,日本経済新聞,決算:不二越の純利益43%増に上方修正 26年11月期、建機需要で - 日本経済新聞,https://news.google.com/rss/articles/CBMibEFVX3lxTE9OalIyNV9saVprZ2RJRnQ3OTNONFp2TXhmLWdDaFYxWWJQSXBhbnB6ZTVqenhnMk5IM3RrZUN2RnNJZ0J1VjdVNlRNWHRHU3U0cHZKYkc5YTFGRmdwWkF0alRQZHBOTndkdWRJcw?oc=5,,,
2026-07-15,決算 上方修正,株探,エコム、今期経常を22％上方修正・最高益予想を上乗せ - 株探,https://news.google.com/rss/articles/CBMiUkFVX3lxTFA5Q1ExcGhUT0hIYkZiNDl3S1VhMmpLc1NUeUQtV1ZDVGdWZUlwRzRKTXBVa1JuY2s3NXFiSkhnOGhkelN2VDJqT1d4ZDJEa0Uya2c?oc=5,,,
2026-07-15,決算 上方修正,Yahoo!ファイナンス,【決算速報】ホリイフード、今期経常を30％上方修正(株探ニュース) - Yahoo!ファイナンス,https://news.google.com/rss/articles/CBMihwFBVV95cUxQRWpwWTRpckhFb3d1RVhtMmhtazBIcHhieGVwYkxXNlUzWFRBVUhLYmtob1ozOW1VRlFzMHQzLWpLMDR5cjgxWFJGZGFTLUpORzV4Yy1IZlFfdWFZaDg3NkdWRTluSnlJcTBjekpFXzc2UWRJNHpFT1c4bWhxSUV4aHJLc0RYNkE?oc=5,,,
2026-07-15,半導体 関連株,Yahoo!ニュース,韓国とは異なる日本株式市場…同じ半導体急落でも静かだった日本（中央日報日本語版） - Yahoo!ニュース,https://news.google.com/rss/articles/CBMif0FVX3lxTE9CQzdWNjczQ2I3UVNwSVBkUGhZdG13WWV1TFR0LXBhSTdpWlFNcjR0NjRGQU5wYkZUbWxHbjVlSGg0NFg1Z256OFYxS3k2T200RGhUaE9QaDNMMUVURDYzbDZMekNsbl9hQkVHalphZU5aT0ZKRG5qSTd1aDZVYlE?oc=5,,,
2026-07-15,半導体 関連株,日本経済新聞,日経平均、米半導体株高が追い風 ASML決算に注目（先読み株式相場） - 日本経済新聞,https://news.google.com/rss/articles/CBMibEFVX3lxTFBvRjFxX1FfTk5yNVVwZk9YUWEzRDFZNVd0TmhVUnBSZjJDM2ZsUlRWMkFEQnZsRnNzamVQRHVfaG1CSnlGZlJFeXZXNG5BRDhBZGhfX1o4dlpKZzF2amlWSU9zWWgwMGdQaFJvMQ?oc=5,,,
2026-07-15,半導体 関連株,ダイヤモンド・オンライン,【日本株】キオクシアなどAI・半導体関連株の調整中は、メガバンクなどの内需系大型バリュー株に期待！日経平均株価が25日移動平均線を上回るまでは慎重に - ダイヤモンド・オンライン,https://news.google.com/rss/articles/CBMiU0FVX3lxTE1NMFhEeUF5SnBHdjFmZGVJSUd5Q0VFZG1FcVZGZDBDYzdxQmFMLVFWeHllaHFRcHN4VTY0RjBXMWc1NU9yZFBnbHNLVUVETnBPbVNv?oc=5,,,
2026-07-15,半導体 関連株,トウシル,キオクシアは一時「10％超」下落も…TSMC・ASML決算で半導体株に「見直し買い」期待？ - トウシル,https://news.google.com/rss/articles/CBMiWkFVX3lxTE9MQWFac3B2Qmk1dFlCZW5kLWQ5aU45b2xOUlFvTjJvRzdSQWt4UkxJUEE4N2VfNkVMQTU1cUxPOHdrRFdoV09OUmFuQktXYXpONDVWRGcyQk53Zw?oc=5,,,
2026-07-15,半導体 関連株,四季報オンライン,キオクシアHDなど半導体関連株が高い､米国株高が波及 - 四季報オンライン,https://news.google.com/rss/articles/CBMiV0FVX3lxTFBXR3JBeUxFcEtCNFJCOUwwNmN3b0JRaEJ4U3hIdk92MFVzQk5YZ0tmZzVObWZuRnN3VmUwejZmZERhNV9RYmxndFpTOEhjRHVpcVl6cDdnOA?oc=5,,,
2026-07-15,半導体 関連株,株探,前場に注目すべき3つのポイント～半導体株の底堅さを見極めながらの押し目狙い～ - 株探,https://news.google.com/rss/articles/CBMiYEFVX3lxTE1LMnJ6MVVTWjF3b2xRMFhrMUcza3lUdTQtZ2piakVhNnJISXA4LTJOQ1ZhQ3U1cHVTZF9RWnlUZDRwbC1CcjJqVW90WGVLYXBPbU9yTVVsVC1NZFhjcW1YeQ?oc=5,,,
2026-07-15,半導体 関連株,四季報オンライン,これが今後の相場をリードする｢AI実装関連｣17銘柄だ！ - 四季報オンライン,https://news.google.com/rss/articles/CBMiV0FVX3lxTE5ySEtxakJNa2hPNk9rZUVlZzJNdmdEVHZEWGx3cHpSN1N1YkREYnBiaGpmaWR2ekJCQXNuTVJQQzk2SS1rcWJvQ1oxZWxncUlBX0k2dVhtUQ?oc=5,,,
2026-07-15,AI 関連 日本株,日本経済新聞,メイコー株、AI･宇宙で再浮上期待 ベトナムに積極投資 - 日本経済新聞,https://news.google.com/rss/articles/CBMifkFVX3lxTFBVYkJJLVBmMF9VdUtyRWNCNnFRR3lVMWdnUEk2UnV4dnVMU1pSTlFqM1JLNXZPOTgwX2FTaC1KQnVyNkl1TjJXSmVLcm1ZbFktZWc4Q0pLdDFtTy1wZzZ3b1Fzem80dmZrSmg1U2w2NEtmamNocW5CaVRVNE0wdw?oc=5,,,
2026-07-15,AI 関連 日本株,Moomoo,〔注目株〕ＡＩ関連が堅調＝ＳＫハイニックス株高が追い風 - Moomoo,https://news.google.com/rss/articles/CBMipgFBVV95cUxQandUUjFvSXl5ckQyZ1VxLWZRVkdVcWRHMmFYRm5wY2J5Q1JVMmdqOWZTa0tuRmNHbTV4bW84MG9xWnZPLUthaXlnYUwzVWNzQXB5QzE2T1lIQWNsQzBGNGpKU1B4VllTaDJLWlJ6Qy05MWpXaDBDc3BSUlUwSGlKMnU4UXIzbjVHaFhFYVBwbWs3aUt1VklVeDJVQWVaQ0R1aEVoTE1n?oc=5,,,
2026-07-15,新高値 銘柄,Yahoo!ファイナンス,ETF売買動向＝15日前引け、ＳＰＤＲ５百、ｉＳ米国株が新高値(株探ニュース) - Yahoo!ファイナンス,https://news.google.com/rss/articles/CBMihwFBVV95cUxNeWN4MnVtS2tnT0FPTlI2SklQNFpBVldVQnJaeHBnb2RVdEJaY2o1V2lWMG1pLUpsS0g3YkpaaTJOTFFfSWNfVGRqVzVNaWRTdEJJZ2ZWVFljV0h0NmtLWnpXWGlIMi12QURZd3QwQ1NoSVBGWTU1UVlFQzU3MEV6ZDluSG0zaE0?oc=5,,,
2026-07-15,新高値 銘柄,Yahoo!ファイナンス,野村ＨＤ－新高値 米ゴールドマンサックスが好決算で急騰 証券株に買い(トレーダーズ・ウェブ) - Yahoo!ファイナンス,https://news.google.com/rss/articles/CBMihwFBVV95cUxNajRHNzh6X2ZwdTZMQjJ6c2F0RGZGVS1YdVJSQ1hOd0VmVno5YS1KTUhzXzNneWNqQ0JiQ3E2QXlheFZZOWx4QlgyYk5hUEVveTV2SWdXblJ3Ykx6Nk9aR2RPQk5GUF9pQWoxbXY1XzFXc3VacUI4bGRTMnYtRjdNazk0Tll0SXM?oc=5,,,
2026-07-15,増配 自社株買い,ｄメニューニュース,ラサ商事 Research Memo（9）：配当性向40%前後の配当と機動的な自社株買いで総還元性向50%以上とする方針 - ｄメニューニュース,https://news.google.com/rss/articles/CBMijAFBVV95cUxOM1ZtR3FyX3ItM0IwTEhER2JpYkhHN280Ulg5ZlZiRDRZTURTZjJnWURXZlV6aUIyek5LVmFIZHlFazlmc0w1RmlnbndKX2o1bElTLVZhaUhFblQ4ZUxiejRldDkyZFEyMXJ3cFhGS0h0eWh3T1FTSjFfeC10QUVGUXlOVzNUd0REa1J3YdIBjAFBVV95cUxOM1ZtR3FyX3ItM0IwTEhER2JpYkhHN280Ulg5ZlZiRDRZTURTZjJnWURXZlV6aUIyek5LVmFIZHlFazlmc0w1RmlnbndKX2o1bElTLVZhaUhFblQ4ZUxiejRldDkyZFEyMXJ3cFhGS0h0eWh3T1FTSjFfeC10QUVGUXlOVzNUd0REa1J3YQ?oc=5,,,
2026-07-15,好決算 株価,日本経済新聞,野村HD株価、18年ぶり高値 米金融大手の好決算で連想買い - 日本経済新聞,https://news.google.com/rss/articles/CBMibEFVX3lxTE81c00wZHVJc1JlMW1lTWZJSUVpZ2F4NTZsSmtHbjUwaW1qSG1FUk5pMjEwdHdpb2lNcEJSbGVxS2Q1WWdVU1ktZlE4Rl9OMWVVcjk0MUx1NUxFdWxULUswOVVPLVhLR3V4c1pheQ?oc=5,,,
2026-07-15,好決算 株価,株探,ＩＤＯＭは大幅反落、３～５月期好決算も - 株探,https://news.google.com/rss/articles/CBMiYEFVX3lxTE5kdVQtYW9oQ2FVMlVrczVjT0lqelRhcGxjT2czTmlXNFBQM0tNS0FfVGdicWdIUTR2WHlOLWRhWU5zMzFsSS1sRGVtekw0TGFaMnAydnp5bWJuVDhwMW00dQ?oc=5,,,
2026-07-15,好決算 株価,kabushiki.jp,カーブスＨＤ、好業績と自社株買いで４年ぶり高値 速報 - kabushiki.jp,https://news.google.com/rss/articles/CBMiR0FVX3lxTFBKVUtlZDdwLWlGdnZWWFJULXd1YTB3MHZBckRuQ3NuZVFVeDNmcDcxS0JjU29UQkg1alAzWHk3dHNZRklFZFlj?oc=5,,,
2026-07-15,好決算 株価,Investing.com - FX | 株式市場 | ファイナンス | 金融ニュース,ウェルズ・ファーゴ株、好決算受けて上昇 執筆 - Investing.com - FX | 株式市場 | ファイナンス | 金融ニュース,https://news.google.com/rss/articles/CBMid0FVX3lxTE1KZDFfRGgtcmpLOVVDQ0JFd0pIakw4X1VDUG5xa3pKdzU3S1pEc1JiaXoxenJ5YW9YbDcwZk1pWXlOTW1tNHJmU3FPcGN1cnF5bjhUVjlGQkd2RmZTbGZSaHhqSEVTcVZlZ016TkNaS3VpR001bjZV?oc=5,,,
2026-07-16,日本株 注目 銘柄,日本経済新聞,村田製作所、もはやAI銘柄 今期にもスマホ向け逆転視野 - 日本経済新聞,https://news.google.com/rss/articles/CBMifkFVX3lxTFBHSFQtWVc1dWZIenJPUENDVGVpNWlHY0xCWUlGWDhhbnRFRmY1TVQtc296SXRxWldQY1JacXBLZ1dOZVJ4aTJvbkxYZzduX01uamZEblVRRGZLSzZYcDNWVzE1a0lEVDFZa2VraGd1aDE5MUNUNDQ3SUlpVWprdw?oc=5,,,
2026-07-16,決算 上方修正,kabushiki.jp,サイエンスＡが一時ストップ高、２６年８月期業績予想を上方修正 速報 - kabushiki.jp,https://news.google.com/rss/articles/CBMiR0FVX3lxTE1vcG9WTEF5cW9TUGVHamY4MDVYdzlza1k4WWNKa0Zaa2hXU1BiZ3MxOVl1c2hnSl9oblk0WmxpdmNwLUYwRm1N?oc=5,,,
2026-07-16,決算 上方修正,みんかぶ,マニーが大幅続落、２６年８月期業績予想を上方修正もサプライズなし - みんかぶ,https://news.google.com/rss/articles/CBMiRkFVX3lxTE0wTmJVT0VNVFp1RHo1b2ZHZHRaZ1RrRS1hQTFDSWdKd0s3U09NQmRSTEZ1cmlhRlhOWDdDcnRJM01DUmtmeUE?oc=5,,,
2026-07-16,決算 上方修正,BigGo ファイナンス,ABEJAとサイエンスアーツが急騰、上方修正ラッシュで最高益更新期待 - BigGo ファイナンス,https://news.google.com/rss/articles/CBMidEFVX3lxTE9xdlI3NE9Bbzl5NWJJSHhJeUFIUlllWV9jREVrZVR6eDJqOGhJVFQ2aENXM1hicWM5alVwd3hRTTZqb2ozV241bzIzanZVMWNzR0l0dUpSQ0VRMmkzTW94aHBBMkxVTkVfV1gtMnFiX0xGQ0VV?oc=5,,,
2026-07-16,決算 上方修正,株探,ウリドキ、今期経常を31％上方修正・最高益予想を上乗せ - 株探,https://news.google.com/rss/articles/CBMiUkFVX3lxTE11azNIckhOTC1lcUFSNEFlN242QVM2U3p5bjZJSkx4dnRGU3UtMUhlelZkR1FtUHdfYTRmUm44Q1hpdlR0NW4tb1IzdEd5QzJER0E?oc=5,,,
2026-07-16,決算 上方修正,テレ東BIZ,オランダASML 見通し上方修正 4－6月期決算 増収増益 - テレ東BIZ,https://news.google.com/rss/articles/CBMiY0FVX3lxTE5xX3FnVUx1c2hhUEs0M1Y4emNCbkx0eDRTeWZpeExjbEZ5NzlxVW95ZTVYbmtVVDJtTnl0bkRQQVBPXzN1T1VBOWVkZDQtclhKaFNGRlVFMkRobnFHeVdqaDdhbw?oc=5,,,
2026-07-16,半導体 関連株,朝日新聞,日経平均が反落、一時2200円安 半導体銘柄で利益確定の売り - 朝日新聞,https://news.google.com/rss/articles/CBMiZ0FVX3lxTE1iT1NDWlZEZGk3eU03RmlqSkJ5Y3VLbHU0cDhQd1FITXNBYVVCaEJkOEV4NU9STXVVMFNEdU4zNUlQOVJHZHFiUWVoWHNSOXJtUllMZ0p2amd2Vk9hT19tSjNkRlJiMjg?oc=5,,,
2026-07-16,半導体 関連株,株探,東京株式（大引け）＝１００８円高と大幅続伸、半導体関連株が全体を牽引 - 株探,https://news.google.com/rss/articles/CBMiYEFVX3lxTE1VeGdTOE81bl81cVhhUk8tWURmSTdrcE5TQ2Z6V2RkbnR2QTYtekFiLVlTZUJiM0ZzRlJUME01SklHOXNkcWpWdlNvR0RkWmN1OTA5S3liRnoxeXJwYXk0MA?oc=5,,,
2026-07-16,半導体 関連株,SBI証券,量子コンピュータ関連銘柄5選 AI・半導体の次のテーマか？ - SBI証券,https://news.google.com/rss/articles/CBMiggFBVV95cUxQem0zQWdqR0M0UXIwMkRvUGJFWnVIVXJDZkNrZ25tT2tGeGw2blcwWFhjTEQ5alpRWC1FSVNLTXVOaGdxa3VkVHFzckFxV2NEN1NtYk1neVY0bHByanczVEhhV3FtelB1c01KemtENXVTcWVjLWVCd3otSUpEeGpOQ2Zn?oc=5,,,
2026-07-16,半導体 関連株,四季報オンライン,15日の日本株は続伸､AI･半導体関連や銀行株に買い - 四季報オンライン,https://news.google.com/rss/articles/CBMiV0FVX3lxTE12Sm5oWFVqalNuQzVGZXQyckVlSzVDVHRmZXQtZ0J0X2FhNU5BZVpLUXkyX3NqLUJUSVNOOGFwMlhKTmRpanh6TjZYSW5vYTVfb003QTZkYw?oc=5,,,
2026-07-16,半導体 関連株,みんかぶ,キオクシアなど半導体メモリー関連株への売り止まず、ＳＫハイニックスの急落でリスクオフを助長◇ - みんかぶ,https://news.google.com/rss/articles/CBMiRkFVX3lxTE1WbUtqTENBRlJxeUxSLWxObFltLVZlVG1uM2pMb0dzTnFwM2x0a2dMZVoyVS14TkxUSk9ZWHl0d20wTWpSdHc?oc=5,,,
2026-07-16,半導体 関連株,マネクリ,【米国株】米国AI相場は失速したのか？半導体調整の裏で進む物色の広がり - マネクリ,https://news.google.com/rss/articles/CBMiVEFVX3lxTE1TZTRncVo4NzlhVGNlQ093aHh1X3h4TmtGcHhQbV9rbjV3SEdyU3NHb19neERwM3k2OXV5NV9lNjhwbFoxT3piZUxiMW9rNVVnUFJLbdIBV0FVX3lxTE1LSVJaUkZJRXpfejkybWFHbElBZDRiU2QtdXpoMlYwY2lpQ2dmN1pEWGRUdkhHa2h5cWlja0c3RkY2SmpyaEZtQ1ljemJNemxwcGl5ek5vQQ?oc=5,,,
2026-07-16,AI 関連 日本株,Yahoo!ファイナンス,キオクシアでもTSMCでもありません…AI相場急落の前兆を示す「半導体」2銘柄の実名(ダイヤモンド・オンライン) - Yahoo!ファイナンス,https://news.google.com/rss/articles/CBMihwFBVV95cUxQQmREaHVNRE5vaDd3NWxhTUhWeGllZ0NLSTF5SndJVzRrUl91amM3VkpNU1RXb3UwZTFwZzIwNV82SnpEZlNRMGJaQnlRR2VoOVo0Q0phRWh6aWtKRTMxRDEyaWc0NXpBc2lXNmgtaEtCSmVWR0YwUzdnNWdKUWdzV281OFlBdkk?oc=5,,,
2026-07-16,AI 関連 日本株,沖縄タイムス社,東証、午前は一時２２００円超安 半導体、ＡＩ関連株に売り - 沖縄タイムス社,https://news.google.com/rss/articles/CBMiXkFVX3lxTE9waHB5cTBaU0swXzRXQURWTjVqaUUzTndmeDI5c2otOVhlaHJrNGg0YkVNdGQwclJfblpvanBVNGhyLVJTWnJfeTBCVC1ZV0pzTUVrYTNaMWViSE5XTUE?oc=5,,,
2026-07-16,新高値 銘柄,Yahoo!ファイナンス,ETF売買動向＝16日前引け、上場ＭＳコク、ＭＸ海外株式が新高値(株探ニュース) - Yahoo!ファイナンス,https://news.google.com/rss/articles/CBMihwFBVV95cUxNeWhpM2dSdVNxaUpHNUc4RVFha3k0amtGS2RDcmJWTkEzazhoUHZSdElHSUhjdGFzZ2dvRWdxMkYtelVnSDZEOHZScnVlLVFtTUk2Y2R4eEtHb0Fzb3NlTDJzeTBaYUYxcmpLTUVHcEtZVDdHQWxMLTdJN0R6OG5CeXZNZzQ3SE0?oc=5,,,
2026-07-16,新高値 銘柄,株探,三菱ＵＦＪが連日新高値、米金融大手の好決算相次ぎメガバンク選好姿勢強まる - 株探,https://news.google.com/rss/articles/CBMiYEFVX3lxTFB3bnBJdFhEbS1uVUktaFByTWwzRHVzM251c2NYS29IcGRLbGFsMjVUS293eDJxTGFsckx4dXlOemk5RmFiZldQODhzTDlYblJjWWJaaXhVaFRLUGVCXy1OYg?oc=5,,,
2026-07-16,新高値 銘柄,Yahoo!ファイナンス,米国株情報＞モルガンＳは新高値、トレーディング収益伸び第２四半期は増収増益(ウエルスアドバイザー) - Yahoo!ファイナンス,https://news.google.com/rss/articles/CBMihwFBVV95cUxPNmUtakRxMEZUZldNYUlxRVBMMW83bmYwRU5QczJxTjI3ZF9OOUh3VGpya2VyVnZraXEzYUtZYmF6cGtxamFIWTgzSzNxOEc0QnZRS25jYlRrS2szdk5ZWVczQ1VHWjJBTWhkaGhycnNKemFRb0EtQm1UejlzQXpyRElQS0N6aXc?oc=5,,,
2026-07-16,増配 自社株買い,株探,ナガイレーベン---大幅続伸、増配や自社株買いの発表を好感 - 株探,https://news.google.com/rss/articles/CBMiYEFVX3lxTE5fWjJaYm5BMktQWnV3b2VuNGxJajhZYVJDYW5tWXJWWlYzNm9NVWY3UHpvSWFjMFB0NFFrWFo5bHZXVHJMeGc4M2pmRk5vYnh1V2IybUdMOUtkN1dpUHEzYQ?oc=5,,,
2026-07-16,好決算 株価,ロイター,日経平均は続伸、ＡＩ・半導体株上昇 ＡＳＭＬ好決算支え - ロイター,https://news.google.com/rss/articles/CBMigAFBVV95cUxPTmQyak9NbVVOZUFWay0wTjhBR0FVaHp6S3B0MTRZQmVPVmR4MC12b1ROTHo4aVowR2hncWlQeHpnLWJuYnBUUFYzVEJNXzJJcm95Q1d4UFJ0YnMxZ3htT0lNZzd5VE10VUdZRmFPaU1WZTl6cTB2NGdLQ3FLZjNKOQ?oc=5,,,
2026-07-16,好決算 株価,日本経済新聞,米大手銀行が未曽有の好決算、利益4割増 スペースX・株乱高下で「特需」 - 日本経済新聞,https://news.google.com/rss/articles/CBMibEFVX3lxTE5DR211WEd1RG9ITERTNXJQbWs0czdKWWxjanRBellFZFNjNTNYal94OW5ENm55VlE2X050Z3czM1JyS0RMdzJEYkdvU2JsRzRNMzJGcEg1V3RTQ3pVdURqRVZMXzloWlVTMXl1OA?oc=5,,,
2026-07-16,好決算 株価,Yahoo!ニュース,なぜ好決算の株を買っても儲からないことがあるのか？ 勝てる投資家と損する人の決定的な違い (ダイヤモンド・オンライン) - Yahoo!ニュース,https://news.google.com/rss/articles/CBMijgFBVV95cUxNeDFBUnJrZS1wZ1BzWGgzRmFlZ3FXTFdsaFJGVlhIeTU1SGZSaG8wRzlMUFJtM0pjckc2WWJJTjlfclNkalppNGY1MFgzMkdORW1lS3M3Ny03UVZJaTBiRTlKSU45amtqbWtKWlNWY29iMTdQVUx6eVZUdGFYS0xqa3hobTQ5a0VPOW1uYnF3?oc=5,,,
2026-07-16,好決算 株価,BigGo ファイナンス,業績急拡大も株価ストップ安：中国科技株に「好材料出尽くし」、第2四半期の失速が致命傷に - BigGo ファイナンス,https://news.google.com/rss/articles/CBMidEFVX3lxTE5XRmZzRlE5ZDVjTFVVdlBLeEhsNDNvZTJVNDg0QmVyTEVXaTBIb2c0RkJhSk5IZ1pjZmp6U2RnT1VxWXkzX3hlRl9iVjB6blhYVk8tenFvY2ZuU19Fa3haVEVvUGxWbUpXOU5jNFRQTERiUXh1?oc=5,,,
2026-07-16,好決算 株価,TBS NEWS DIG,テック以外でも好決算の見通し、米国株上昇の裾野拡大へ－モルガンS - TBS NEWS DIG,https://news.google.com/rss/articles/CBMiZ0FVX3lxTE5wOTFjeWMyWnBZc1ctNEh2M0xfVVZEWk5KeG5yMkFMalhjeFplMy1zakJCZmNJWm5EenNtNmZxSnVpZ2NGZFBJNFVISDZFMXhZbGZDcnlrRUJyLUxnNmhlZklSQzZLd0E?oc=5,,,
2026-07-16,好決算 株価,Investing.com - FX | 株式市場 | ファイナンス | 金融ニュース,RBCがJPモルガン株の目標株価を好決算受けて370ドルに引き上げ 執筆 - Investing.com - FX | 株式市場 | ファイナンス | 金融ニュース,https://news.google.com/rss/articles/CBMidEFVX3lxTE4yTlo2ZU9LT2pSR2VHanNJb3BBWnpkVXV2VkZUZ0l5WEVSMy1Pa0tkcEw1MUk3cWtxY056Nk03NWZuc1MxUDAxTHFfSjVqMUNkWGlFaGtoclhWbG9PcTJQQ195aE0xSVV3V2lSRTZTRDBPMjUw?oc=5,,,
2026-07-17,日本株 注目 銘柄,四季報オンライン,あれこれ銘柄物色を広げておきたい今､要チェックの2銘柄 - 四季報オンライン,https://news.google.com/rss/articles/CBMiV0FVX3lxTE9VT2NsVFBMUFRjck83cG1raFpmNGx2Nl9hZlNvd25kOUw0UWZQZzh4Q1lDbEl0Sk5XV2ZRd0s4dWZuMmpvZFhrbFJ0M1lNc21jU0t4SWhtNA?oc=5,,,
2026-07-17,日本株 注目 銘柄,マネクリ,【日本株】AIサーバーの電力限界を改善する「次世代パワー半導体」、2035年には7.3兆円市場へ - マネクリ,https://news.google.com/rss/articles/CBMiVEFVX3lxTE8wMEJ4ZlMxTVR4R0M3OXMxQzNVM1JHR0VsTGRBbnVDRHZ5b1V2TUo1UTk2cFN1WDFPSXF0RW9tYUw0NlowMjFnUTdxRHpPNURWRlhnR9IBV0FVX3lxTE1jd2xsQTFrSFB2X1FVZXRtLUpUN3g2dnBmY3N3ellKNWEweHN6b0RSVnI4UUJiODdpYlNOYjZqZDRabEJzNTNhUVN2OWVsMjhXWmF5QU5ORQ?oc=5,,,
2026-07-17,日本株 注目 銘柄,EBC Financial Group,TOPIX ETFとは?日本株全体に投資できる人気ETFの特徴と2026年の投資戦略 - EBC Financial Group,https://news.google.com/rss/articles/CBMiUkFVX3lxTFA1T2xKcWQwRmhnbHFEeldGb18wWEl2X3JjNHRscEJXREtKT09tTlRVOXhfSGVxZkRPMjdGMFRCY0ZHY1c1LUk5RE5tYjlxR1ZxUnc?oc=5,,,
2026-07-17,決算 上方修正,株探,ユナイテッドヘルス、決算を受け上昇 通期１株利益の見通しを上方修正＝米国株個別 - 株探,https://news.google.com/rss/articles/CBMiYEFVX3lxTE5PdTQ0akxISmd2Z3lTRFphVUQtR093WWZIYXhadDc5WmhzcmU1aUtyaHgwSlVSbXlsNlY5NWFGeDhVUVFjQ0JEcDZVTjJBWkNyUnh3YVpRUy1DLU9Kand3VQ?oc=5,,,
2026-07-17,決算 上方修正,Yahoo!ファイナンス,ABEJA---3Q増収増益、通期業績予想の上方修正を発表(フィスコ) - Yahoo!ファイナンス,https://news.google.com/rss/articles/CBMihwFBVV95cUxQdi10RmtJeEhEd2xwYmNYS0VnbEhfUmNNX2RJOGVIZGdJeEIxbHpjYVdCWklJYk5ieHNYNC1uZG5qSGtYOU5lOVVia0FaT19na2pQc0dEYXpsaEloOXZnaUJ6YmR1cHB1VENlUmw3YnJhV21TZkR3TWNPeGJaZlRORVd4NFJSSTg?oc=5,,,
2026-07-17,決算 上方修正,Investing.com - FX | 株式市場 | ファイナンス | 金融ニュース,ヨーロッパの業績上方修正の波、5年ぶりの強さ――シティグループ 執筆 - Investing.com - FX | 株式市場 | ファイナンス | 金融ニュース,https://news.google.com/rss/articles/CBMicEFVX3lxTE9RUERxcTlaZmhTbWQ2VGRDWExFZ2p4b0kydlAxS3JxQ2hYV1hXQmpXazhpbnFwbl9GemF5dmdWZ0pkMFRQQk9tV1dGWkl1UWg1NDFFY2hKWWFJSTJQbXcwcjlodEpqLU9FcjA1YW1wYk0?oc=5,,,
2026-07-17,決算 上方修正,みんかぶ,大阪有機化学工業、通期業績予想を上方修正し12年連続増配へ 半導体材料の需要拡大で好調な業績を維持 - みんかぶ,https://news.google.com/rss/articles/CBMiRkFVX3lxTE5LSnNKMVhvSnJYN3RFdTBUbURKbDRxTmxlZlhrU1k4MTViOUxMcmRqcFMxSWFvYjA4dXpqZTg5NVhoajU5dEE?oc=5,,,
2026-07-17,決算 上方修正,株探,ＡＢＥＪＡ、今期最終を58％上方修正・最高益予想を上乗せ - 株探,https://news.google.com/rss/articles/CBMiUkFVX3lxTE95LU9pcEtXZE1mWXJuLXlRQXRVM3c5X3RHTWcyQXlmZkxlNC1ZQmJLMmVfWjBMMVI2MnlYVHZydGpfNE9WYnRfaXZQRjVDNFVQV1E?oc=5,,,
2026-07-17,半導体 関連株,Yahoo!ニュース,東京株、1915円安 半導体関連に売り、大幅反落（時事通信） - Yahoo!ニュース,https://news.google.com/rss/articles/CBMif0FVX3lxTE5lbmVvNk9pc2FHNEVwZXpTTnBXX2M1YzljYkxtYmYwUS12V1NOb3dsQWhGcno3eUVENU5vRExoYUlsVDFXd2FtQnV0dGhwbTVNb1VudDZ3NTRtZDFOeUg1c0tYMERqQ0k3TU9hdzhrYXhma3hUUDktVTBoNUFEOEk?oc=5,,,
2026-07-17,半導体 関連株,朝日新聞,半導体株に陰り？ 識者どう見る キオクシア株はピークの半値近くに - 朝日新聞,https://news.google.com/rss/articles/CBMiZ0FVX3lxTE5FMkZmcGVMOWxHX2dyeHJjQnkyOUxSUUhsSXJrc2hRbGUzYktQNU54X01nNGpDTUpQSVVXSVlBNHRTSlpTck50blB2S29DblZacjltZ3AxX05HLUZBSEZLNnNZd0FtcEU?oc=5,,,
2026-07-17,半導体 関連株,Yahoo!ニュース,資産2.6億円超の億り人会社員が見通す「キオクシアの次」に資金が向かう先 AI・半導体関連が“丁半バクチ”と化すなか「有望な割安株をじっくり選べる絶好のチャンス」と見る（マネーポストWEB） - Yahoo!ニュース,https://news.google.com/rss/articles/CBMif0FVX3lxTFBoNGQtSTBNbHVqSE83RTRkU2Z5U09jdTJweVJWb1AxbWRLcjhJREJTRVo3ZV95V2pZLWZYOUdNaExYQkdJNVVWV1RZbjIzcEFYQlFJckdTb0x0ZnpmM3hySHZ3Q3o2bTh3U2FsbHJJclpZTUZhVG1WM2V4a1VZaWs?oc=5,,,
2026-07-17,半導体 関連株,ｄメニューニュース,NY株反落、105ドル安　半導体関連銘柄に高値警戒 - ｄメニューニュース,https://news.google.com/rss/articles/CBMijgFBVV95cUxOb2laajV6dEl0LUx0NndoV3pUcTdaRmgyOUxiNVZMQXU2Ui1DQW1aRVpVZmNNb2lyOWxBN0pJZGU2amk5My01eWM2SlY5T0VvT2RJdjJJb2hjaU80QmNSSmhLR1lQcUZyODBXMGdTNmUzZjhocjJGd3dJR1FfY29yUVdsemZNeHFKVUtJbHl30gGTAUFVX3lxTE5sZEdaOWJ3cllnMk9Oa3l6bFFkVVZhT2xncExJdEFianh2MU9aWVRsbnpMbGhPT0ZaeHEybzBwZVFNbl85Ui1rTjM0cEQxSnhnOHJTVVF6ZU1YWGpJemhERzF0Y1d2aFhZWjJ6UzBYZ0M2c19sR3hDUm1ZcFVxaGhDdG1DVTU1ZExwRUFhLUt2Nk01NA?oc=5,,,
2026-07-17,半導体 関連株,琉球新報デジタル,ＮＹ株反落、１０５ドル安 半導体関連銘柄に高値警戒 - 琉球新報デジタル,https://news.google.com/rss/articles/CBMiXEFVX3lxTFAtVVBHdlh4U0otaVY4Z0ZiMFlLSDA1eFFyTlJQOEtHcnpGOG5MRXlDcG8xYnhCbU52c1JxVE1iM0ZtNndUYkl3SklQb1hIS1J2Q21KWFc3cFlISXRT?oc=5,,,
2026-07-17,半導体 関連株,みんかぶ FX/為替,欧州株 引き続きマイナス圏で推移、半導体関連株の調整が主導 - みんかぶ FX/為替,https://news.google.com/rss/articles/CBMiSEFVX3lxTE9xdHFxNGF4VWRDM1VmVnhueFluSzFMUTN1T21adHpaUFVsUDN5YlhGTktHd3lGVVVpZUstVGZ2TXFuYTBhSzEyLQ?oc=5,,,
2026-07-17,AI 関連 日本株,四季報オンライン,16日の日本株は急反落､半導体･AI関連銘柄に売り - 四季報オンライン,https://news.google.com/rss/articles/CBMiV0FVX3lxTE84WFJiYXJnMlpBeGswMWhQYUNxVFRDS1MzU25kblJueEZPaHlYSUt4c1dRUDZ6VXJVWXRMOHhudzkwSkI5QzctcEFpT0dtTzdqckgybXJocw?oc=5,,,
2026-07-17,AI 関連 日本株,Yahoo!ニュース,キオクシアほか「今年前半の相場の主役」AI関連株の見通し アノマリー投資の達人は“モメンタム株の夏休み”の可能性を指摘 「そうなった場合は、割安株に注目したい」（マネーポストWEB） - Yahoo!ニュース,https://news.google.com/rss/articles/CBMif0FVX3lxTE03Q3ZZcTItZzg4UlRZTEEtamk2ZDMyODVpZVRiamIyN2FBNVBRTWN4WjZiZ1VVcTI4Y1o2UGxKZHczNWxqY1ItZVpDMFEwb2ozWnFuTnllSy1yaHJxY3YxLVZLYkM3QUVHcE5RcmJCeFRGd2x5SC1OOUsxUmIzTkU?oc=5,,,
2026-07-17,AI 関連 日本株,Moomoo,TSMC決算：AI関連設備投資はまだ終わっていない - Moomoo,https://news.google.com/rss/articles/CBMimwFBVV95cUxPSVFUMUZiQkhWeFdSVEdjRTQwbjdRSTdHOGJKbVcxYjg0LVFnVkI0VnVNMjRuRjNyanE2clNDVU5Jb0daTDBlcGNldnIyR2F1N1BLblctUEI3ZTdVVFlKWGlfZmRxZjZFRG9wQzh2c19ka1duelE1MXJhaFcyOEVxNlBwYkJqYnNxVVJtZ09vU1NhZTBkSVpZQXlkbw?oc=5,,,
2026-07-17,AI 関連 日本株,Bloomberg.com,銀行株に向かうAI集中マネー、好業況で再評価－日本株高持続の援軍に - Bloomberg.com,https://news.google.com/rss/articles/CBMid0FVX3lxTFBlMEg4RngxYU9PUk54SUZuMUhsOEJrcjJUUUFZN0hnZjNiYzFJTFh5Q1lvLWtxamJINERrcFFGMEdGcVpaZHo5NzZoZmlhOV9paUF0MUEycWtjdXJQUlRkNmVMZnJ4amJDV3ZtRVRiLUpwRnc5M2xJ?oc=5,,,
2026-07-17,新高値 銘柄,Moomoo,STIが新高値更新 - この上昇をけん引しているのは誰か？ - Moomoo,https://news.google.com/rss/articles/CBMipgFBVV95cUxQNUVxWHh1ZXpJdGZsc3JuVFZJQzBVZndjZ1VoRmhkTG9IVG0yUnFnWGVtZnJoejcyNk9qYnRMTjA1OXo4eHlOVDM4ZWJIeWxndE41U2tyNG9vY0Y5dmFJNU1Zb29lN2llNHJTUXhMWTIta18yRW0yZ3hpX3dvUmJDTXRWdVNkNEt5Y2RJanh3OU5TU20zZFRGdi15Y1ZCcU9mWkhmSEJR?oc=5,,,
2026-07-17,増配 自社株買い,ｄメニューニュース,コジマ---大幅続伸、増配・自社株買い・株主還元拡充を発表 - ｄメニューニュース,https://news.google.com/rss/articles/CBMihwFBVV95cUxNWktucXNzTW9xak5haEtEazFmbnIwWDFKZXhuUjhmdjVJYXAwOFItRUwwa3J1eGVRMUNuRnZmMFFjRTNfWDR0OWZ4c0RNaXh4YVNHX2tEdE5zMDVvN3BhdmxpZ0dUbV9QRW5XOWxJUlNieTlzcWZEY3Zha0dPSXdTd1Z1TUlKYk3SAYwBQVVfeXFMUGFyRGRSeHB6UGwybnAzOXJjU0stY3MyLVEza2ZNU1U5SGlXdFpJcVMyS3l0T1lraDI3eWlINEhhbW5PMjFPYzdfcjFSdnE4eTYxemNWMTJ5dTVrdGZwV2hjQTV5c2I2STk3UVZySjI0anAxelJuY0Zic1ktTWU1UkdiX3pDb3lmWlZMaTI?oc=5,,,
2026-07-17,好決算 株価,日本経済新聞,日本の半導体株、高値から2割安 TSMC好決算でも晴れぬ需給不安 - 日本経済新聞,https://news.google.com/rss/articles/CBMibEFVX3lxTFB3WDZTdmtJMUk3dUVXVExjLWs3RjFXVmk3QWNNOExCUTh0VmdaV1pHZUZfUTRYZmhERDFqQnhGUjR6Nnd6elM4Rk5ZcDU0alBtODJ6b0ZaWHFxRHdjVUt5UHowYklCMkZhY0tzSA?oc=5,,,
2026-07-17,好決算 株価,Yahoo!ファイナンス,ＧＥエアロ、好決算も株価下落 十分に良いとは受け止められないとの指摘＝米国株個別(株探ニュース) - Yahoo!ファイナンス,https://news.google.com/rss/articles/CBMihwFBVV95cUxOZVdSZ1NBMF95d084Nnd2MVpPY05mRE53TGJLWmplaFVnODJJbE1VTU1NUm1Xb092RU9fWEVWeVc1ZkNmTXlqWWpnc29SX19jMHRTUUNiNGtYT21GZlpFaWNfVDRSa2V4SnlaTGpvRjZlQXUwRVo2UVlWZVVhUlEwRzRtZEF5enc?oc=5,,,
2026-07-17,好決算 株価,四季報オンライン,真夏の調整局面で注目したい｢好業績バリュー株｣トップ10 - 四季報オンライン,https://news.google.com/rss/articles/CBMiV0FVX3lxTE5SczBUT2xLNkt0QzlGcWhsZ0djdzloNTZtSEZYdGN6X29yeWlwalBTRW5ubjBESHlXa1JrZFprS1VfZmpwbHNfRkp1YmczZ2pndW5uSGZkTQ?oc=5,,,
2026-07-17,好決算 株価,BigGo ファイナンス,TSMCの好決算でも支えきれず、日経平均が急落──Kioxiaが15%暴落し2.8%安 - BigGo ファイナンス,https://news.google.com/rss/articles/CBMidEFVX3lxTE1vcU52bXZVbnh0ZmM1QTluemg3eXdnWldHREVxaElodGt2UEhTNGZsOVB2X3ZFaXpCdUtIdGxtZWZXZ2w5a084eXB4b0RfbkM5Q0swbV84bWlBVFdrRWdaNVQ0NFRDejNTcGpiVnU2aGEtcmo1?oc=5,,,
2026-07-17,好決算 株価,日経CNBC online,日経平均株価1915円安 米半導体メモリー下落が波及、TSMC好決算でも売り - 日経CNBC online,https://news.google.com/rss/articles/CBMiVEFVX3lxTE1lb2pGVGZYbjRteWlXRjBzWXhDY2l4Z0ZyVk90VmYwdE55N0FhUmU5aG9kYk1UVXZONlB5TGNrS1pTWlB2SWhtTjZxX0drTGtXN0xXUQ?oc=5,,,
2026-07-17,好決算 株価,Investing.com - FX | 株式市場 | ファイナンス | 金融ニュース,マンパワーグループ株が急騰、好決算と踏み上げが要因 執筆 - Investing.com - FX | 株式市場 | ファイナンス | 金融ニュース,https://news.google.com/rss/articles/CBMid0FVX3lxTE1INVRHV2x1OHlxVVp4eEU4UXVJUTJFVnNBZmRZbnNZV1RrVHBJR1hrOVB4NHJTT195ZG50dFpKbmFhTWt6Wm5VNGRFSmllbG9ieUdJb19GUU85ZzB6ajdGbVZnN2dlQVp4a0tqODduNm1Jb210dDdz?oc=5,,,
2026-07-17,好決算 株価,テレ東BIZ,日経平均株価1915円安 米半導体メモリー下落が波及、TSMC好決算でも売り【日経CNBC／きょうのポイント、明日のヒント】 - テレ東BIZ,https://news.google.com/rss/articles/CBMiZ0FVX3lxTE1PcEFtTXVJTU1YY0hwVk95cEYwM1lBRTU1T0N2eTdBbzl0YTNHbUhsS2lqeUFxYzlUYmVvY1hYOGxETjlSZ2M3WlZOMVFvTmtmdlFIclVrUWl5czhUcXgtZ283WllxYlE?oc=5,,,
2026-07-18,日本株 注目 銘柄,ダイヤモンド・オンライン,来週（7/21～7/24）の日経平均株価の予想レンジは､6万～6万8000円！ AI･半導体株を注視しつつ、決算が好調な株や出遅れていた景気敏感株などに注目！ - ダイヤモンド・オンライン,https://news.google.com/rss/articles/CBMiU0FVX3lxTE5nTUdwTjRFV2RKYWtvLTVHU2NVajhzelpNWXpZRm9KXy1sS2pjV1Z3NG5UeVRKWkRBZml0Q1YzWl9OVEhEWHAzY2FUejVEbEdxWXRR?oc=5,,,
2026-07-18,日本株 注目 銘柄,Yahoo!ニュース,波乱相場の中で株価好調の逆行高銘柄！ IT・エンタメなど/日経平均続落【今日の注目株＆日本株市場見通し】「デイリーZAi」7月17日号（ダイヤモンド・ザイ） - Yahoo!ニュース,https://news.google.com/rss/articles/CBMif0FVX3lxTE9GZXdBSno4aU9JU1czZUJKYjByc0tlNk5TX1VjdmhqX1VrUDlBa1RkOXJiMTJsdVUtZVVtYll3UzNSWDYyLUV1ZEdGUTkzTnJwY0hRTldDN2FTakVYcGdXVk04Z3Z5eFA3NkdzQ0FXMU9PSHZzei1xTUJjU3VLSHc?oc=5,,,
2026-07-18,日本株 注目 銘柄,kabushiki.jp,テクニカルで選ぶ注目銘柄：日本製紙＝一目均衡表日足の「雲」の上限を突破、週足でも１３週線を上回る 速報 - kabushiki.jp,https://news.google.com/rss/articles/CBMiR0FVX3lxTE9aOFo5Q2xpZ2FMaWY1UkVyNHBXYVFvRlgtVW5kc2VBNjJoZjB4WTNTWEFObVpYc2FNb0JPVWxXMFFHdDUtbzJN?oc=5,,,
2026-07-18,日本株 注目 銘柄,トウシル,［動画］日経平均：今こそ注目の「割安銘柄トップ15」 - トウシル,https://news.google.com/rss/articles/CBMiWkFVX3lxTE5GMTIzanc0MDhNem1abTg1bVJ4em8zcjF2cnJzaWF0ZEpzZFhkNVZhZ3paazlxV3ZkNkNWWFBNYl91WVcxbllFeEJtYjZtbm1sLUdPUm5HZGZtZw?oc=5,,,
2026-07-18,決算 上方修正,Yahoo!ファイナンス,【決算速報】ホテルリート、今期経常を86％上方修正・最高益予想を上乗せ、分配金も403円増額(株探ニュース) - Yahoo!ファイナンス,https://news.google.com/rss/articles/CBMihwFBVV95cUxNal9MSjRuX0xEQ21nZU1yaWdNWDVXWENWMHp0Z0phMENDY3pSTlpsQ182bE1KaFpaMFcxVEZXaXhCVnNIc0QxOUo3TWF3UjdVQlRPb0gwY3NzSVUxcHhnQWYzQXR0QUlUSTlSWDN3aUxTd2xPMFpDVUVlR3hFTlF2aDR2cUMxdUU?oc=5,,,
2026-07-18,決算 上方修正,ログミーFinance,デジタルグリッド（350A）、通期業績予想を上方修正 電力・再エネPF好調で当期純利益は期初比30％増へ - ログミーFinance,https://news.google.com/rss/articles/CBMiUkFVX3lxTE5WNnE0SEduTC1jb3lBZGIwZWREb1YybndYdlExWHRfYUpwWndEZEVWdUxWbXd4NGJPR2hJNEgzcUdXOThpZU10VElUOTk0YjQyeUE?oc=5,,,
2026-07-18,決算 上方修正,株探,東京製鉄、上期最終を10億円に上方修正、通期も増額 - 株探,https://news.google.com/rss/articles/CBMiUkFVX3lxTE9uUk9DVXVIa0dId3Jnazd1eVVJeGdDS1FOakhEN2xqRlh3QktoZmdveW0zbXkyRHVVbFR6c3RfdnVmZU1Nb213QlFzVDE5d21NQWc?oc=5,,,
2026-07-18,決算 上方修正,BigGo ファイナンス,ホテルREITが今期経常86％上方修正、分配金403円増額 アルインコは25％増益スタート - BigGo ファイナンス,https://news.google.com/rss/articles/CBMidEFVX3lxTE5kUHk1bVVTT2lRVGdtOFpRQjFpV2Y3azh0cHFtNkZsUXNwNkxqcHVOb0RiQ0p2R3JDVnpKMllFbkg1VE11TlVTVG1JVnJHb1EyZFFaMG1PZW00dkVfZXpvRWczVkppU2lTSGE0dnUzczdOanFw?oc=5,,,
2026-07-18,決算 上方修正,kabushiki.jp,サイエンスＡが一時ストップ高、２６年８月期業績予想を上方修正 速報 - kabushiki.jp,https://news.google.com/rss/articles/CBMiR0FVX3lxTE5OMlNJbTZMY3B3MFNMVDZnWGlubnU5TzJsV1BXb3BFVjlGR2ZQSGNXNktHdE9kMERjZHZEWHAwR29zai1ITWd3?oc=5,,,
2026-07-18,決算 上方修正,Yahoo!ファイナンス,【決算速報】東京製鉄、上期最終を10億円に上方修正、通期も増額(株探ニュース) - Yahoo!ファイナンス,https://news.google.com/rss/articles/CBMihwFBVV95cUxONHZNRU92bU9COHZPZmJKX2NPVzBLX2NsVTVoVlpPUXdPeXNXRkxBdjVvVzNia01PclhwQ2dYRmtCaXozNFJDTmdMYk1BankxbHVZWUZjdnRtVVVnZF9DTmRtMThTbFR6M3VfQ3J1bVpFLUY5SWJoRXhPNnVWLWZWbmFfRkIwSVU?oc=5,,,
2026-07-18,決算 上方修正,株探,サイエンスＡ、今期経常を47％上方修正・最高益予想を上乗せ - 株探,https://news.google.com/rss/articles/CBMiUkFVX3lxTE83WTF3WS1KWmxfM0RDTENyQXNMS1plTWRpUy0xYkQ1dGRiX2dQVWdKOXM4X21uanZVYW14bXhBRjNma2ZwQnU1bW4tRWM4d29ublE?oc=5,,,
2026-07-18,半導体 関連株,株探,来週の株式相場に向けて＝ＡＩ・半導体は秋口まで調整入り説も、アップル上昇の意味 - 株探,https://news.google.com/rss/articles/CBMiYEFVX3lxTE40Z1RBSUd4bGNPYzRwVFA3aEs3YjBjY0hTWDUyOHd5bndTakFaUHFJZC1ia2htYnNkRlRVcjBOSjNBWExPRHZDb2RJSkROVWhxb08wMExhNEJuMHFJcW44ZQ?oc=5,,,
2026-07-18,半導体 関連株,Bloomberg.com,TSMC株急落、台湾株が調整局面入り－アジア半導体銘柄に売り広がる - Bloomberg.com,https://news.google.com/rss/articles/CBMid0FVX3lxTE1UYk1ZbW5QTGIzVGlJaEExUmRFdlMydUZIZTNYWlR0Qi10cnZGeDdvTHppRnJnUEdfcE9PXzZxVEVPNlQwSHhZR2tYLUVITG9FdWpkekZzUXhKU05iRkVfbHE1NHdrMnRKbGlyczRCZm0tcTl1VXpj?oc=5,,,
2026-07-18,半導体 関連株,au Webポータル,ボブ・ファレルの10のルールで読む、AI・半導体相場の過熱と投資家心理 - au Webポータル,https://news.google.com/rss/articles/CBMie0FVX3lxTE9PRWN2YnNyTGFFOGtkOFFmdWo5TWV3bmtvdFJEcWQ5b1BXUXctS0ppaXZuaGhibnRKMWhXeUJ0ZTZsWXlZeTRQOXpFSFJUR0NLa1pOUUdEUVFwU19UWVhrdEZ0eUhaOXlqODBQdXU0MkluQTdMajFLOVJZUQ?oc=5,,,
2026-07-18,半導体 関連株,SBI証券,半導体・電子部品中心に急落、今後は？ - SBI証券,https://news.google.com/rss/articles/CBMidEFVX3lxTFBpU2cxeVFROG9KV2pHMW54WFNDRGZEeGVtYlp1QTh3NTRKTWdFTmpvY3BCSHJHZU5SUkdNTkVIOFNaVTVXSG1UMW1qbV9VcHBOZS1KZHA5djhEeHF2QUk4ckhpZWRiUmx2YnpTRzBpY283STVD?oc=5,,,
2026-07-18,半導体 関連株,マネクリ,（朝）米国市場は3指数揃って下落　半導体関連銘柄の下落が市場全体に波及し売り優勢の展開 - マネクリ,https://news.google.com/rss/articles/CBMiVEFVX3lxTFBkSkE2Ry1SaHc4MVJwOUd4WVhmbGRPaGFEQUZxUXRnN0hIZmxvOXVabnA5QlE4by1pSEhwLXJtS2pmMWYtbWlIWFJSZDFOcUhkNTRNTtIBV0FVX3lxTE9fUzBxX0VpZUNwVXJfRkpEWlcwZWFvbTZYb2phMXBOZU9hekd4TUp2UGNMTUM5X0tYR2dPS09UU3Q4V1RQejNQNk5CZ2hzTldaelVqVVR4SQ?oc=5,,,
2026-07-18,半導体 関連株,Yahoo!ニュース,【ヤフコメで話題】「AI・半導体銘柄の急落で投資の現実に直面」「相場の過熱感と生活実感の乖離」 - AI関連株下落を巡る投資家の意見 - Yahoo!ニュース,https://news.google.com/rss/articles/CBMif0FVX3lxTE9YYm1idTVrMGhHV051a29ZNmJFUk5GYlFyYnh3N0tENzlqUXNBYm9wZzMtMm4yUFpuRW9MVVdBLXlTOU40YlU3WUJDNzZmQVJyMGxXdU5LNUlxcDctWkRmRTBDSm1MMGtTU18zXy10TW1NWWRRdHo4eDhJX3BmMEE?oc=5,,,
2026-07-18,半導体 関連株,Yahoo!ニュース,NY株反落、105ドル安 半導体関連銘柄に高値警戒（共同通信） - Yahoo!ニュース,https://news.google.com/rss/articles/CBMif0FVX3lxTFBOcmM0eVNEb1lYX2t5bEJsTzRlWXBrT2ZrVng0XzdOWnNCRGpIaDUyenRZMm5EcW54dWIxak1idUdYb0VLekR4MjZMWVIzcFpnYmtnU00xM21kbXNmd213X0dDeWR6aHB6ZzlNNTFRZzBpc1ZqYnozV2xIa3pZNFk?oc=5,,,
2026-07-18,AI 関連 日本株,Bloomberg.com,【日本株週間展望】続落、AI需要の先行きに疑念－関連企業の決算注目 - Bloomberg.com,https://news.google.com/rss/articles/CBMid0FVX3lxTE9wSzdHVVpLdGxyTTRlc2Z3VGVuQ25scXpXdUE4M3h2d2xiMGZpbDZOczB2YnRTSS1ZcmYyTVl5ZjhxZ205S25OMmEwS2xPeVphU0NCYVh3RG10d0FCZ1J6ZXZwejhNUGFMVUZPZnd2cVBjRjI1RU5j?oc=5,,,
2026-07-18,AI 関連 日本株,Yahoo!ファイナンス,株式週間展望：ＡＩ関連暴落、決算シーズンで好転期待(ウエルスアドバイザー) - Yahoo!ファイナンス,https://news.google.com/rss/articles/CBMihwFBVV95cUxQUXAxYWxlZmhFVlBvc0drY1pzMUFPcU5DOUFkYWJCcDRoc0JTWmlON29XY2pjNnpUY2l0YlloaHY2bk9NYWI0MjRGQUJXZXRnZ3g4ZTN3bFFjVXFiald6aDlsRnYzdmhQb3BZOWJrVXl6Ymg0N1RTSVJ5dnhtc1NXcXBFb2dRWmM?oc=5,,,
2026-07-18,AI 関連 日本株,AERA DIGITAL,〈日経平均株価急落〉“日本株の”生成AI・半導体株を手作業で探しましたベスト30「キオクシア、太陽HD、アドテスはバブルか」【NISA応援】 - AERA DIGITAL,https://news.google.com/rss/articles/CBMiWkFVX3lxTE95X2FnMjJjd01IQkNkVm1KZk1nSlZVVUFzaDFIMG1lb0hPMXZIdlNmV3lyMzhLN0lvRFJQSGZMS2pKUldRLXY3NzgyNmhfYTg2a0dxZkRzOXpDdw?oc=5,,,
2026-07-18,AI 関連 日本株,Moomoo,AI関連銘柄のローテーションが到来 ― 半導体メーカーから巨大テック株の利益享受銘柄へ - Moomoo,https://news.google.com/rss/articles/CBMiqgFBVV95cUxQd2hUSXI3aDlJTWctbFFOSlVYZzZjYWlTdkdJWGYtOWNaSWc3LXFBSFFhR3R1RXZXYjM1NUVxNTdfaHNkOUM1cm1uWFVvYmo3VU9iV0p3ZGZ0ZjYyRHVZaFl4YURqTTdoUlAwcllPcHctLUJwVmVyNU04djZxV3QtRTlvWUFZQWQtcThpN01NQWlkNldkTzBLcEx5NE1mVjlZRXhnR0I3dHVoUQ?oc=5,,,
2026-07-18,新高値 銘柄,Yahoo!ファイナンス,ETF売買動向＝17日前引け、ＧＸＵＳＤＶ、ＧＸＳＰＣＦが新高値(株探ニュース) - Yahoo!ファイナンス,https://news.google.com/rss/articles/CBMihwFBVV95cUxOZlZ5dXdkckhsWEpXZjVYOG5HQ0JXQkZ4XzZWWEpCWGtBbXRwNnRBWU9mQVNaLXJ4MnNvLUdrblFUMlZwbldkMGpfdF80QVpvOTVIMWpOajFJa25hMkxtdXNEa1hLU3ZGS1FPcklQZHJNY2V4NE8zZ1g4bDVYMHQ4d0hHcDJyYTg?oc=5,,,
2026-07-18,好決算 株価,SBI証券,好決算で株価上昇に期待！四半期大幅増益10銘柄 - SBI証券,https://news.google.com/rss/articles/CBMif0FVX3lxTFBsQm9GT2JvVnBiVFl1STZVRGFHbGY3YWdtOXVqTE1hTDNyU3JaZDRRR0V0c1l1OFM4ZFFQNVVmWllsNFhBS2hJSG5VUkNiVWotTGt1ZnRIeUI2YUpjeHFNSGtzU0RaZ2tUd2VpTFVWYTN1UHB1NUxieDR0MkFsWUU?oc=5,,,
2026-07-18,好決算 株価,ig.com,TSMC決算で半導体株ショック 設備投資加速 世界で株価急落連鎖 - ig.com,https://news.google.com/rss/articles/CBMikAFBVV95cUxOaE01VlpQSk1sRVZQc3hDbjBpd3FNamNtUnJpZktBVk1zYWZDZi1WX2JyMlNvdFM1Sjd4Q0ltakZfV1k5aVczMWVZX0psaS1HOWNXN0JTNFAwMnhTd3lTY19RQWV6cmFzXzhVbEI2STNpMDNzUGxCcVNsekZJRFBSclktaVdBZnhHREFPM3BORk4?oc=5,,,
2026-07-18,好決算 株価,四季報オンライン,サイゼリヤが上昇率首位､好決算や増配への好評価続く - 四季報オンライン,https://news.google.com/rss/articles/CBMiV0FVX3lxTE9NaDhGcWpqRWw4MndBZmpVb3M1U0RRYmJ0NTFuMzRidXdrRUhDVkw2Y3V6NERNOXdDUFluRTNLdGNXdHU0TmVHc04zbTJvTVdoeFZHRXNDVQ?oc=5,,,
2026-07-18,好決算 株価,Investing.com - FX | 株式市場 | ファイナンス | 金融ニュース,ゲオルク・フィッシャー株が急騰、好決算と業績見通し引き上げが背景 執筆 - Investing.com - FX | 株式市場 | ファイナンス | 金融ニュース,https://news.google.com/rss/articles/CBMid0FVX3lxTFAwMGxQc2JEV3dwd3pXSUU5RHRpNG9BdUtvVEVNRXFfbklCRmtGRHBUN3htVXRMT2EzeWozQy1qdHdrN1oyVWZIZ3haSS1kZnVsU3FfYnRUYk51YWo2SERIalFHSDB0NXpoNEt1RVRyZGs3Nm9ZY1BR?oc=5,,,
2026-07-19,決算 上方修正,Yahoo!ファイナンス,今週の通期【業績上方修正】銘柄一覧 (7/13～7/17 発表分)(株探ニュース) - Yahoo!ファイナンス,https://news.google.com/rss/articles/CBMihwFBVV95cUxQVEdrVlQ2TFNueVpQUzhwc1NKX3lDNmN3WFhuSWhBM05EX3BGMS1jWG12RGRNQ3dwMmxkVWM3YTB2eWlYV1ZiME1TSXBBX3o3cTJ1MndmZjNpVGdCeXo1bl95aFMxd0NYdzQ3WFc0dVlQeTJSejh2aHp0ZVBycjU3ZUVNbW1tdlE?oc=5,,,
2026-07-19,決算 上方修正,ログミーFinance,大阪有機化学工業（4187）、通期業績予想を上方修正し12年連続増配へ 半導体材料の需要拡大で好調な業績を維持 - ログミーFinance,https://news.google.com/rss/articles/CBMiUkFVX3lxTE9YNVlZN2ZJbGp5a0VmeGNxdnRKRmVQb3dPeGEtbXdYMjNUVlM1cnRNam1lRkJVbEg5WEhZS29xQkdnaFRraEFmY2c0VjVSOFh4a3c?oc=5,,,
2026-07-19,半導体 関連株,Yahoo!ファイナンス,国内株式市場見通し：アルファベットや米半導体企業の決算がAI・半導体株の行方を左右へ(フィスコ) - Yahoo!ファイナンス,https://news.google.com/rss/articles/CBMihwFBVV95cUxNZnl2QW1iWUktUkZYRlhpRXFyYjhvR1RCemo1Z1h6UGpqVGJqR0VIV3hsa3JtQllkOTU5YU96dUMyRURPNkdxelRmMmNpdlBiV3Vfb3Vod29vZzFXTUpscjBwVnRmZFJVWG1Edk1iRzM2WEVGUVFrVW9iSGFhSG9LTDVTdTBRc0U?oc=5,,,
2026-07-19,半導体 関連株,日本経済新聞,日経平均6万5000円割れ、半導体株が急落「信用の投げ売り膨らむ」 - 日本経済新聞,https://news.google.com/rss/articles/CBMibEFVX3lxTE9ldmlTQVowNkdhX3pkdW56OWtfTklMZ01PY25vRGUwdU5NUnlsT1YyaFQ4Q0doU1NoNnNJc2tidUdYYjhud3VCTVplV0RkQWxxckVTZWdnYjhVUWNFc0I2R3M1cVZ5QzdIWnFUTQ?oc=5,,,
2026-07-19,半導体 関連株,時事ドットコム,東京株、一時４１００円超安 半導体関連が軒並み下落 - 時事ドットコム,https://news.google.com/rss/articles/CBMiY0FVX3lxTE1RQjFzN0UybGllbUFndkQ2cTZyMm1qOThGODBoUEtEaTFINVhOQkE5c1djWFdKU0pXMFZNSUhlWkJGejNCTHhtY0h0cDdINF9JaG80VUNDLTdwcFoyUlk5VVo3QQ?oc=5,,,
2026-07-19,AI 関連 日本株,Yahoo!ファイナンス,AI関連の売り継続で成長株に逆風【今日の市場はどう動いた？】 - Yahoo!ファイナンス,https://news.google.com/rss/articles/CBMiZEFVX3lxTFBJTWgzYnRYNmhNcG14OE9DZkRlSUp3YlJTUFhpbFMwMlJlNWpSYVp3Q2FDaUtLci1IZ2pUYlppYzk1eHZ4SG5hZ1ZxdVB0N3ZJM2xRZ3E3YnR0MmJfV215bUVYYmY?oc=5,,,
2026-07-19,AI 関連 日本株,日本経済新聞,日本株の上昇は終わっていない 日経平均は9万円到達も - 日本経済新聞,https://news.google.com/rss/articles/CBMifkFVX3lxTE8zbkY5TVJxaUlUYjVSbkxRWnJuMVZJc1c0alhZVXJ2R2R4cmtjd0oxbnpJU0FlM2FCbVE2Z1Z2WmlYR2cybGh4RFptaG5xbzBhUENNcHRqbzhFNmhwcXRVVi1UNWtXTkQ4U2MtUHBUWVJRTm16OGFybjZpa0IwUQ?oc=5,,,
2026-07-19,AI 関連 日本株,TBS NEWS DIG,【日本株週間展望】続落、AI需要の先行きに疑念－関連企業の決算注目 - TBS NEWS DIG,https://news.google.com/rss/articles/CBMiZ0FVX3lxTFBlRmRpbUhubDFPSjBUNXpYRFVNQjNsZjYzVjdIRXJZM3E5cUxmeUhoVlF1YTJCdTRCOGlqSTJoTWk2X2NHU2lRSjlvdlk4Z1ZTcEFBbk81aVRSUlpiano0ZXh1cXc5am8?oc=5,,,
2026-07-19,新高値 銘柄,Moomoo,STIが新高値更新 - この上昇をけん引しているのは誰か？ - Moomoo,https://news.google.com/rss/articles/CBMipAFBVV95cUxQaUp1YTI3ZGRvSjVMdkI3NXBmTFIxYndEWEVaVTVwUkJDUWtPa0pydFVfakZaSTRtQzlNd2o1SDJfb3hCdElQcDZ0N1hlRE5aUEgzelVxRFRpdUYwMEpfMlBhdGdmSGMtR1IyaVBXMm5WY05EOTZUc2otR0dhWjJoMVlsOUJqQUo2VFJTek1MYjVBRzliQlI4emNRNjR6TFByam1RUw?oc=5,,,
2026-07-19,好決算 株価,テレ朝NEWS,トレーディングカードで好決算 ブックオフGの株価が高値 書籍伸び悩む中 - テレ朝NEWS,https://news.google.com/rss/articles/CBMickFVX3lxTFB0RV9yZzhHNGZ5NVN1aXJ3cjl6UVdlUE5LU1kzbERsS1dlVjBoeGVMUFh6allSMkRKRE9zWUpNUER3UkNCTXk4Q0gxblJLUC03UkFQYlJFSVlVVDVOZGFoeVBJT0xrRW9yMUotYlZnWlRpQQ?oc=5,,,
2026-07-19,好決算 株価,ABEMA,トレーディングカードで好決算 ブックオフGの株価が高値 書籍伸び悩む中 - ABEMA,https://news.google.com/rss/articles/CBMiW0FVX3lxTE04NEljSFZGeEhhTUlQY3phclJDZ1NjbjdIcVI4Zm9BN1pCdThVcHZVenhFUURLRVBKenJSdnBXRVhtRG9pek1MMUJRMWdDSzJPLU51RFRfeWlGWEU?oc=5,,,
2026-07-19,好決算 株価,外為どっとコム,"S&P500 来週の見通し｜好決算でも上がらない？7,500ポイント攻防へ、アルファベット・テスラが決算 2026年7月17日 - 外為どっとコム",https://news.google.com/rss/articles/CBMiY0FVX3lxTE9pLVgxMGdGaUJ1OUhRbGRNWXJSckQwRU51UTlIMjc2OGJVTXNmMWN5TVdDVzNxX0lZVlRmNnRoRTRQS2tHZnB0c2duOW4wNEhZNXNkTUZQbWdFSVVscFd5VTFkOA?oc=5,,,
2026-07-20,日本株 注目 銘柄,マネクリ,なぜKOSPI急落は日本のAI・半導体株を揺らすのか、韓国発ボラティリティの構造と日本株投資の着眼点 - マネクリ,https://news.google.com/rss/articles/CBMiVEFVX3lxTE80R1BlWngyNXVRNTVXdWlXaHMzRWVib0ZEcEhOZWNkM3FzUjBIZEk5VTJiVWZiZ0ZaVl9pcEhXcDlHY0VMYVdIaHpMbzdlX1JTYnAtN9IBV0FVX3lxTE5CSVRZQ3Fkb1F4c01KYlE1WFJzU0ttZVNwQkhCX0NlLTRCRy1hZlJ6eU5pN2xLWWxZaS1YdnI1RWZOeGhUVjBOMXF6TUI0Vk9iSTI4N2NUdw?oc=5,,,
2026-07-20,決算 上方修正,株探,今週の上期【業績上方修正】銘柄一覧 (7/13～7/17 発表分) - 株探,https://news.google.com/rss/articles/CBMiYEFVX3lxTE9FcWpsV0lMZkdod1ZvdEdpaEo2QkY0ZEZnZGx3ZjlDTmJiRVpGa253U3Vrel9TNVNkUjViNzREMkhDbDFEUjVUTG9vaVVfWUFvXzZycXkwUnR6UHVPU09Qdg?oc=5,,,
2026-07-20,半導体 関連株,株探,【↓】日経平均 大引け｜ 大幅続落、AI・半導体関連が軒並み安 (7月16日) - 株探,https://news.google.com/rss/articles/CBMiYEFVX3lxTE5jV1BrQzNaSi1TMHhwSkRiODZDaTRjX0pRaWFJN2ZfZE5ranNUT0wySFh5NktQR3VhMWcxdDB2cURXREtlclhRVFhxZjBraXVSRzBpQlRiQ3BrcU5DdHpHVw?oc=5,,,
2026-07-20,半導体 関連株,Yahoo!ニュース,【最高値からわずか1か月で半値に】「キオクシア・ショック」急落の本当の要因と特許侵害訴訟の影響 AI・半導体関連の調整を的中させた資産10億円超の凄腕投資家が読む“相場の先行き”（マネーポストWEB） - Yahoo!ニュース,https://news.google.com/rss/articles/CBMif0FVX3lxTE9pOVhVcXBRV0dZbWVtWWVFZXE5NmpUTmZyOUtERmJZeUtLU3cwTGpnZ1phYW13a1c0QWhFcUVaR3NGUm14clVSNWNZZDVnN1dHbEhTR2d5TmpQY2sxQ3RaNGpYN3N2RzBSb3ZENWVFckZhaXhRbG9KRXNkYms5ZnM?oc=5,,,
2026-07-20,半導体 関連株,Investing.com - FX | 株式市場 | ファイナンス | 金融ニュース,来週の相場で注目すべき3つのポイント：全国CPI、米AI・半導体関連株決算、ECB理事会 執筆： Fisco - Investing.com - FX | 株式市場 | ファイナンス | 金融ニュース,https://news.google.com/rss/articles/CBMiZ0FVX3lxTE9FV2pFM3MwN29xUXZxeXZoQzJvRUhOOXhDZlp0YXZycUpITjdvT015dklxdjhTWjJTZWRxcHJvVGNGcEQxMDduX1hUVGdXUVVBUDF1aDNKb1M1dkRaWk9RekJmWGhQU2s?oc=5,,,
2026-07-20,半導体 関連株,マネーポストWEB,【日本株週間見通し】今週はアルファベットや米半導体企業の決算 AI・半導体株の行方を占う - マネーポストWEB,https://news.google.com/rss/articles/CBMiR0FVX3lxTE4yYWw1QW1WUU1DY0Zfdzh1Wi1MSGYxNkp1VW05QkVhVzhHREg2ZjExOFJWeTJfLTQwa3lYZGM3V0J3VUZ3bWl3?oc=5,,,
2026-07-20,半導体 関連株,第一ライフ資産運用経済研究所,～ファンダメンタルズ変化による利益確定主導であれば自律反発も～ - 第一ライフ資産運用経済研究所,https://news.google.com/rss/articles/CBMiW0FVX3lxTE1IdmlST2lWbEppNmpCOUhha3Z2eGU4TlBma2JIRElvcW9tczJIcjVreTVfV1ZvTUdlY1BGUUtDQmxFZXUtLTNpdEtRTmJTSWk2RWV6NjRKT0RmNTQ?oc=5,,,
2026-07-20,AI 関連 日本株,四季報オンライン,"今年大相場を演じる｢フィジカルAI株｣の""第2波""10銘柄 - 四季報オンライン",https://news.google.com/rss/articles/CBMiV0FVX3lxTFB3aUVOYnhlM0tYczdHcGNVb2I2U3NxRk1aT3Z2X21tUGdhWEp0X21QcDQ4cGJ2NUJzWWZwMEZKYktyZEdTQm1FSmYzOGtyNzlHS0ZjbmJ6QQ?oc=5,,,
2026-07-20,AI 関連 日本株,Yahoo!ニュース,【日本株週間展望】続落、AI需要の先行きに疑念－関連企業の決算注目（Bloomberg） - Yahoo!ニュース,https://news.google.com/rss/articles/CBMif0FVX3lxTFBmTUVaWno1UW9rYnNZMG5CMml0aXI3ZHJ2dXNLaHMySGpwZzBxREFHQV9jYUJKQUxWNTRCX0lQNzNoUi15RDNwdlJOVEhyWTdpNFRQQ0ozaWNHMTl2V0VPSzdaVG40QVZtR0tfZmlvSC00bFpFTUhGdFBSLVBIRTQ?oc=5,,,
2026-07-20,新高値 銘柄,みんかぶ,良品計画は急反騰で新高値、国内事業・東アジア事業中心に通期業績予想を上方修正 - みんかぶ,https://news.google.com/rss/articles/CBMiRkFVX3lxTFBmWHp4NTNGcW5rTEZUZFM1cnBHWVlIajVUYVVBNDRzMG1rdEJ1ZnNKZ2VPNkZKbGhkRk1oS09XSU5feXhlSVE?oc=5,,,
2026-07-20,新高値 銘柄,kabushiki.jp,米国株情報＞マイクロンは新高値、競合の労使交渉長期化で思惑―目標株価引き上げも 速報 - kabushiki.jp,https://news.google.com/rss/articles/CBMiR0FVX3lxTE5yMHR5MmZ0ZURIbkJOYlgtSTI0TFdqOWs2YTJCZjJfclcwcEc4SEwxM3REbWE3d0VKcGdLZEQ1R09lZGMxS0xN?oc=5,,,
2026-07-20,増配 自社株買い,Yahoo!ファイナンス,伊藤忠商事(株)【8001】：掲示板 - Yahoo!ファイナンス,https://news.google.com/rss/articles/CBMiWkFVX3lxTE9QcE04SzBETGczMV9WUU5qdi13SDNBeFMxemNhRHQ2bl9YenFJRFcwdEJpWW04N0FhWTZEbEdJSW8wLVhzOEduTjlDZVA0dXZZU3N3UHpHOXRJZw?oc=5,,,
2026-07-20,好決算 株価,株探,ＧＥエアロ、好決算も株価下落 十分に良いとは受け止められないとの指摘＝米国株個別 - 株探,https://news.google.com/rss/articles/CBMiYEFVX3lxTE8tTXNvZ0hQUi1NaTdXVjdocWxxSnZ5eTVZM0RjaFdIcnNGVmYtTGJiQlVKc3JTYVpwRjBRNTU5NDl3UEQ2V0l0QWhUeFZwbXh2R1ZacnNId1FmMlJPWWRWWA?oc=5,,,
2026-07-21,日本株 注目 銘柄,マネーポストWEB,【注目トピックス 日本株】前日に動いた銘柄 part1ティムコ、サイゼリヤ、キオクシアHDなど - マネーポストWEB,https://news.google.com/rss/articles/CBMiR0FVX3lxTE81SHNzZlQtYmw4NlRvZ0NDeWtqckhxbFNpLW1VVlJjMzhGSGE0dTN0aEgxVVd2VUpGblBjN2k3SC1pbkRUczVV?oc=5,,,
2026-07-21,半導体 関連株,日本経済新聞,日経平均、米半導体株高が追い風 イラン衝突は重荷（先読み株式相場） - 日本経済新聞,https://news.google.com/rss/articles/CBMibEFVX3lxTE5XWWcycFNuNE90VmVmd2xyeUJ2N1BBYmN5QXd3YW03eDEzSHljZ3M0ZENDS09Wdk9hZlpXaWdlZWsxN0QyclU4RjFyMjVnQjR4bmp3MWR2cW5WRmg4TWVPVlNUUnBpSm55WHlkQw?oc=5,,,
2026-07-21,半導体 関連株,四季報オンライン,本気で｢総合半導体材料｣企業へ進化する中堅化学メーカー - 四季報オンライン,https://news.google.com/rss/articles/CBMiV0FVX3lxTE41RjlBbkpKR2QyUFFQSTF2cTV4VEVxalFmYkpBdW50OEdwZXlFODVOdzh2THJuUnlXVmR6RW9LRTBTNmpzZGljN0lzeE1NcmpCZG9ndWdsOA?oc=5,,,
2026-07-21,半導体 関連株,Yahoo!ファイナンス,来週の相場で注目すべき3つのポイント：全国CPI、米AI・半導体関連株決算、ECB理事会(フィスコ) - Yahoo!ファイナンス,https://news.google.com/rss/articles/CBMihwFBVV95cUxPdFhaZUt2a2NWVkg4bjhMY3ljTWo1LTFlRkc4NmhsUXh5U05uaVIzMnJmbXJxUGtYbHhVd082NERVYThUeGdLRW9STUQyM3ZmT1ZMRnBQR29MNk5zWnM2YmNtdjBHYVB5Zk5RTnJ2cXRXV0VPZXJubHFNSDZiVTkxQ0I0NFh5aVk?oc=5,,,
2026-07-21,半導体 関連株,株探,国内株式市場見通し：アルファベットや米半導体企業の決算がAI・半導体株の行方を左右へ - 株探,https://news.google.com/rss/articles/CBMiYEFVX3lxTFBJVjZDOWNpY2VzNWxMQVBmSnhJYzN0Mjk5QkhBdFN3QjltWWQ2eDJIdHpzQXBDQVM2UldJRHFEcGpxV1AwVzNNYnp1bER2UUNYTEpNZjYyUzNBUnktWGxvWg?oc=5,,,
2026-07-21,半導体 関連株,時事ドットコム,東京株、一時４１００円超安 半導体関連が軒並み下落 - 時事ドットコム,https://news.google.com/rss/articles/CBMiggFBVV95cUxPSmR0bHZiWDhWV2JWYURnYkJOb1dLUG9pdWpRNklzNUNUSzJ1YWhBT2dtQ0J4ZVZReUh5NFpyOVVRTmppcW1rVXgyUndCWnFON1NXZGpFQ3JTUHhBMDRTcnQtUC1OTGY0QmY5TGNPTms1ekdRU0J2U19jMmZxNVpjYmFB?oc=5,,,
2026-07-21,半導体 関連株,日本経済新聞,NYダウ、一進一退で始まる 半導体関連に買い直し - 日本経済新聞,https://news.google.com/rss/articles/CBMibEFVX3lxTFBaMFljUGxuZXp6ZkU0RVZLYWEwUGJBTERQajBKUEF2THQwWG92Z3FRQ2pSNUUxbk1TTEthVVliMlBybk4tTFlBYk5BQ2M3RUNURnJ6cnVNaDJldVY0Q3U3Z0d3eUlxcWxQNV9ZdQ?oc=5,,,
2026-07-21,半導体 関連株,Yahoo!ファイナンス,香港寄り付き：反発スタート、半導体株・AI関連に買い(トレーダーズ・ウェブ) - Yahoo!ファイナンス,https://news.google.com/rss/articles/CBMihwFBVV95cUxPRmFaNUFib0JyUnBsRXctQ1hiZnZ5MXFIWUwwNDZ6d1FPOXY4UmZHaW9IYklObXlhSDNKWFlOVW5hTzJwb1M1TkxXdlppenNENUFlWGRoV2JKaFJnaERyR0V6MlFoLUtabk5MOGJQZmlhVUhDZ05zYnNVNEJSZlIzbjhvZjFTUUE?oc=5,,,
2026-07-21,AI 関連 日本株,ダイヤモンド・オンライン,｢バーティカルAI｣関連銘柄を紹介！ ChatGPTなどの｢汎用AI｣は出遅れたが｢業界特化型のバーティカルAI｣では日本独自の価値の創出と“AI主権”の確保が可能！ - ダイヤモンド・オンライン,https://news.google.com/rss/articles/CBMiU0FVX3lxTE1sY2JCRnEtUEp4WnpLaGtNblZ1OG9OZDlTWTBwZ0lBVk1hWlR1NzBvRFFWUGFybTFaSHRsV2xYa3d0ZDdoWGZ6NENVYWJhRUVmLXRv?oc=5,,,
2026-07-21,AI 関連 日本株,Moomoo,米国決算シーズン本格化、AI関連取引でアルファベットとインテルの決算に注目集まる - Moomoo,https://news.google.com/rss/articles/CBMiqwFBVV95cUxNQjhQRUZsVUdMMWJBY2p2YXJkaWlUSVB6UDNYTzg5N3g4VXE4TVlEeVJ0VHcwVjRTR0tYQjJMMFdLaGhONDFyY2M0UHBDM0xVN295VEdlUE5RbGZDbFc0U0lPc2d2aGoxb2ptclJIR0Y3QXBwRzhkdXRwamxtdTJuakF2UjVfTnM1OVNiODdyWFkzZ3gzelBXd05lLTlKOUtRR2E5LVBWOXVyWGc?oc=5,,,
2026-07-21,新高値 銘柄,株探,良品計画は急反騰で新高値、国内事業・東アジア事業中心に通期業績予想を上方修正 - 株探,https://news.google.com/rss/articles/CBMiYEFVX3lxTFBxSXhYVEwyUXk0VTdZUzBqOXZ2MEZxSGFFNEpNMENHaEhIeHdFa1RFakNGNHhrdElMVVZfd1ZsclNjY001RmdpaFIwYWZXaEdzSFVMVlpBVVQxZ294ZzFuaw?oc=5,,,
2026-07-21,好決算 株価,Investing.com - FX | 株式市場 | ファイナンス | 金融ニュース,BofAがユナイテッドヘルスの目標株価を好決算受けて512ドルに引き上げ 執筆 - Investing.com - FX | 株式市場 | ファイナンス | 金融ニュース,https://news.google.com/rss/articles/CBMidEFVX3lxTE5oNTAxX05XVlI3VFJOdDZKVHBSX2JsOUZabDlPbW41ZUdOTDNBSUI5SHAxTTZnUlp4ZDd4WWkzSmdNQmcwcWZsNWdpZjhQOEg3dDVCVUNmMDhQWERNYXNQY29ESzlNNENLdVJzNnlfR0lfYkdQ?oc=5,,,
2026-07-21,好決算 株価,Yahoo!ファイナンス,明日注目すべき【好決算】銘柄 アジュバン (17日引け後 発表分)(株探ニュース) - Yahoo!ファイナンス,https://news.google.com/rss/articles/CBMihwFBVV95cUxQeWprSG5zQTE5VlZINkNaS2ZibmNNWXNjaWpvVVptRWlZel9hNkdhLTlzeUxidXAyV2xkNW01aXZTT3RuMEdra3JEVlg5TnhwQzZPcXNzT3BxVnJMZmJPU2kwd1RaTnphSEg2T0NYSExfd3QxQ1JFTGVWeHFBQlE4M0p3bjdCQ2s?oc=5,,,
2026-07-22,日本株 注目 銘柄,ダイヤモンド・オンライン,ダイヤモンド・ザイ9月号は｢【高配当株】143銘柄｣や｢AI・半導体の本命株34銘柄｣など満載！ちょる子さん登場の｢スイングトレード｣や別冊付録｢イデコ入門｣も - ダイヤモンド・オンライン,https://news.google.com/rss/articles/CBMiU0FVX3lxTFA2aWw4THZTZExpY2o4amNyUzVPcTllWkhKWmF6dnViMWJaQTZELXUza2E3WnJDWnZMcjJiR2VCbnpBTzI1WTgwVS1RSVF3VnIyaEFz?oc=5,,,
2026-07-22,日本株 注目 銘柄,Yahoo!ニュース,【日本株】株価が下がりすぎた今が“買い”の｢人気高配当株｣2銘柄を紹介！ 超大型株で配当利回りが3.5％超に達している｢トヨタ自動車｣と｢武田薬品工業｣に注目（ダイヤモンド・ザイ） - Yahoo!ニュース,https://news.google.com/rss/articles/CBMif0FVX3lxTFBacm5IcVN0Z3VxNDVzbW1ma2ZiTlo0OERjSnpjR05NS0dFa01KVThyZ05wNUpGRWJ5UHkwdklNLWE3VWo0MmdTX0hFS0FTalM5NU1qX3N4Ym4ya2tNendoYnFOOWdLODRYMm5aM1lodlh0WVB1NVJuSmpWX282UjA?oc=5,,,
2026-07-22,日本株 注目 銘柄,ダイヤモンド・オンライン,【日本株】株価が下がりすぎた今が“買い”の｢人気高配当株｣2銘柄を紹介！ 超大型株で配当利回りが3.5％超に達している｢トヨタ自動車｣と｢武田薬品工業｣に注目 - ダイヤモンド・オンライン,https://news.google.com/rss/articles/CBMiU0FVX3lxTFByNWhvTUIyYXM1elRDeG9DT05YNmQwQ3pFWDZ3b1d1QlNfYVRUY0QyUDdhQTQ2UFZWSGFUVjlXUmV3eVVGWHFUSVgycFdNSXY4OTVB?oc=5,,,
2026-07-22,決算 上方修正,四季報オンライン,1Q決算発表時に例年､上方修正を繰り返す大手銘柄は？ - 四季報オンライン,https://news.google.com/rss/articles/CBMiV0FVX3lxTE5fZFlBYmZOU2ctekJ3WTBrUXdBNFluakRxczVFM0NyM0MzSUFVdlJsUGNxVDdLRmxwV1J6R3JYcUFaVWxfZWRWcGZyNVRxbVprTG5yU1l5dw?oc=5,,,
2026-07-22,決算 上方修正,Yahoo!ファイナンス,【決算速報】ＥＭシステム、上期経常を62％上方修正(株探ニュース) - Yahoo!ファイナンス,https://news.google.com/rss/articles/CBMihwFBVV95cUxOcTdyQ1pEMXhWRnh1RFBFeEEyak4xVXE3SkFQVG9DZkczTFEyZEF4Mlp4ZHVBek5udXZXX0tTdF9mSURrdWpwc29IMGxPb09iVEFJYmhaeW9ZU0F3SzhMZVV6bEtuckFLVG5oMDYtMW1zd1U4Ykl1U2pjTWRqaloyQjlBOGIxem8?oc=5,,,
2026-07-22,決算 上方修正,株探,ＥＭシステム、上期経常を62％上方修正 - 株探,https://news.google.com/rss/articles/CBMiUkFVX3lxTE9KSkZlNUdJS09fdng0VzA1ZWxMXzNxRmF2VXM5SzZrQ3VIQnotV3BDdUR6WGVyM0tyS3NVS0dpWVQ1Z1VtVjBkV0lvRk5kVmZtM1E?oc=5,,,
2026-07-22,決算 上方修正,Investing.com - FX | 株式市場 | ファイナンス | 金融ニュース,ゼネラル・モーターズ、第2四半期決算が予想上回り通期見通しを上方修正 執筆 - Investing.com - FX | 株式市場 | ファイナンス | 金融ニュース,https://news.google.com/rss/articles/CBMiZEFVX3lxTFAtSXE2a0NyZzg3MXFzX01zczZ2a2xldDRJMWFIV0QzcEpBQ20zV3dRcjFZMWFfSEJyX2JTX1FhTjRuTnd4QUh3NVk4bGluOG5ROFdselMwa09YRnVpal91VERrZ0Y?oc=5,,,
2026-07-22,決算 上方修正,Yahoo!ファイナンス,３Ｍ、決算受け上昇 通期ガイダンスを上方修正＝米国株個別(株探ニュース) - Yahoo!ファイナンス,https://news.google.com/rss/articles/CBMihwFBVV95cUxQZDBfMU1WN2VJeG8yQlNQU0p3Mm9HdEVYLWlubXpRSVVXZlRsWWlQU0YzbkZoRnpiWERkUEFzOFNyRy12MUJtTTVIakRPR1Z5S1BZdEkwTkl0S0VKMmY0TllKbnJfM2gzNmZPd2s5VUtnSHpFYTBXY2I5aUhxdjJPRmlBSTFUajA?oc=5,,,
2026-07-22,半導体 関連株,株探,【↑】日経平均 大引け｜ 3日ぶり急反発、半導体関連を中心に買い戻し (7月21日) - 株探,https://news.google.com/rss/articles/CBMiYEFVX3lxTFBlbkQ0RkttR0ZfREVnZkdrTzVTOVVOcVhFc3NQRDFYYi1rdnJyOHZmd3d4bzZKc0ZraDAzdXIyMURieTNVWkduMWhaeEtSMnRxa0lNVk9ZbHg4eU9BYWJhcw?oc=5,,,
2026-07-22,半導体 関連株,四季報オンライン,半導体株の調整で逆に資金が流れた､2期連続増益の17社 - 四季報オンライン,https://news.google.com/rss/articles/CBMiV0FVX3lxTFB2bXpjUHVwaFI4eVNvekhjb0VNcmYtenpqY2VtSEZyVVZCT01tV09KZTVHaGh3WDQtZmdRcHpTc25CSGdQV1R6a2hYTW5ib1JpZmZmeC1taw?oc=5,,,
2026-07-22,半導体 関連株,株探,半導体製造装置関連株は強弱感錯綜、ＳＯＸ指数下げ止まりで目先リバウンド局面か - 株探,https://news.google.com/rss/articles/CBMiYEFVX3lxTE5vTXAteFBGS2VTVGVoLTZnSURBV19kR2tnS1p1TmZnSWJtUnhzUUVUS0VuN0xWRXZjUzBCUEtmeWdMLVhNSDVDWXRuUVZhQWU4bHk1R3doYm1DOFp3SmI1bQ?oc=5,,,
2026-07-22,半導体 関連株,Yahoo!ニュース,下落が続くAI・半導体関連株をどう考えるか【三井住友DSアセットマネジメント・チーフマーケットストラテジスト】 - Yahoo!ニュース,https://news.google.com/rss/articles/CBMijgFBVV95cUxOZVJwdDNjZHNCUnJXTlI2ckc0QWFMSlpwUzFWUFlHd1lKM1U1NWhVNVNkZ01zMjF3d2FwSG9TU0ZUcURPak1MMWUyWGhrRFU0aVg5d3czbHREUXpwZXB5cE5zbWZ6NC1SRm13SzExUUxmUzVUVHF0aDlpZVNncXRINnNpYVYwMEhoV2VIOC13?oc=5,,,
2026-07-22,半導体 関連株,ダイヤモンド・オンライン,日経平均株価は下値メドの「75日移動平均線」を割り込むと調整がさらに深まるリスクあり！ AI･半導体株を避け、メガバンクなど内需系バリュー株を狙おう！ - ダイヤモンド・オンライン,https://news.google.com/rss/articles/CBMiU0FVX3lxTFBFRldLcWwxQWkzdG53OTNDNkFTdkZhOWxQNUJuWDJCZy1HOFFHWWY4aVZvMWpUSE1MaHJoX3FNcGdNdV8zZldObHMyOEdyd21wS0sw?oc=5,,,
2026-07-22,半導体 関連株,ｄメニューニュース,前週末の急落の反動や米国での半導体関連株高が支援材料に - ｄメニューニュース,https://news.google.com/rss/articles/CBMi3AFBVV95cUxPNTlRVU9sRnljRzQ2QTJ4OFBhTEM2ajk1VWNNRzFwOXJvdWtkcllnNHJ4MktQRGp6NHRLS3VKOUloY3ZYTENHb2JpTGJjVS1Kc2dRSkpScUNhSXJpR0pNTWNFWlM2S0J6UzVLeTQxVjdDSW9DbDVPd3lWNlJhSkEzX1lFOFdqNmx4djA2bTlhV2ZDendENXlKMXhmZ0lEQURjaVFGd2JYR0x3bTNTRTZxTkJHeEwxTEtCUlZ2Q3Y3d2xhTkhyT19uQUtWTlJ4TnZTQzd0UllhN3o4d3V50gGMAUFVX3lxTE9KWWoyczlYZTNwekhhSlRqUC1HZ2hfeUJhS0dQM0JtaVByc05NNDRzMkR6N3p5NWhzeFAzQ2JiNDhJNEV2S21zQmZuM3hZRWt1d0Qzb2ZKcUJHUDE1MUQ1Q05YX0NMV2JZQlJ5UUtWMG5GOE1URkFxeUpIX0RlZFlIcFVfRktTRVZ0S1lB?oc=5,,,
2026-07-22,半導体 関連株,日本経済新聞,NYダウ反発385ドル高 半導体関連株に買い、好決算も材料視 - 日本経済新聞,https://news.google.com/rss/articles/CBMibEFVX3lxTE9BS1A5YWNDTTZ6Q2F4N0YxUG9ZMmRzVlpiUnpfMUJxMC1pWUwxdHRYYkRDTmE4MkFGZmo1dG5hbF8zS1BuOEF0eHhEamppLUtLV1BEQXBjTGFiSS16M3ptcVJkNHpJcklkQlRzLQ?oc=5,,,
2026-07-22,半導体 関連株,日本経済新聞,NYダウ反発で開始、一時300ドル高 AIや半導体関連株に買い - 日本経済新聞,https://news.google.com/rss/articles/CBMibEFVX3lxTE5KZEZENTFpdDFCam1nSEg1RFZVa3o0Z3p1YmNlam5oU3QwT1Y1c3dUVk1rMHcyV3FCSjVEZWNuQkZMOXV3TVZOeXlQaU5aMS1sNFB5clhFZlBaZnZYYlQtYkpCMjRvUm1fR3RiVA?oc=5,,,
2026-07-22,AI 関連 日本株,四季報オンライン,21日の日本株は大幅反発､AI･半導体関連株を中心に買い - 四季報オンライン,https://news.google.com/rss/articles/CBMiV0FVX3lxTE9TRUdzc21ZdlJqNE1Fc3Y3NzlycTdXaHJmVzFDb2VNTzVmYUU3aEx4UUl5eW1RZWNjMnJ1dnRFazdaTW8wOG1tSWp3Y2pGNkZKOEtQbDBpZw?oc=5,,,
2026-07-22,AI 関連 日本株,マネクリ,【米国株】ハイテク・AI関連の調整は一時的か？アルファベットやテスラの決算が焦点の週に - マネクリ,https://news.google.com/rss/articles/CBMiV0FVX3lxTE0zY0pxMUplakJaY2tNT3h4SkhtYWdGSTMzN1RNM0MtRnp6Zy0yOW9tMlRWZ0JQcml4R00xVzJWcV9PaFp5Q1pJSk93YUx6MGZTU1IwMndBTdIBV0FVX3lxTE0zY0pxMUplakJaY2tNT3h4SkhtYWdGSTMzN1RNM0MtRnp6Zy0yOW9tMlRWZ0JQcml4R00xVzJWcV9PaFp5Q1pJSk93YUx6MGZTU1IwMndBTQ?oc=5,,,
2026-07-22,AI 関連 日本株,arabnews.jp,アジアの株式市場は概ね上昇、韓国と日本はAI関連株の売り圧力による下落分の一部を回復 - arabnews.jp,https://news.google.com/rss/articles/CBMiZ0FVX3lxTE9FQUR3U2EybWc4N0lzV0VRbG43dGE3U3gwa1JIWWwzZG9TcXZTWjBxRWlfcktVcjYwb3NRd1lDNHM3S1dxbXZKYzVQUlg5SlEwNldLSm9sQURPTEthT3puTFlFdXdDU2M?oc=5,,,
2026-07-22,AI 関連 日本株,Vietnam.vn,日本のAI関連株と半導体関連株が急激な調整局面を迎える。 - Vietnam.vn,https://news.google.com/rss/articles/CBMigwFBVV95cUxQQVJEV3ZGSG1oWGIwRnA3V2dkcmItVGY1cUI3bXRyaTFPSHNuMl9CbHpveDFZa2E1WHNBd3FCU0FxalppajJwNUtaUmZocGQzZHRIMURyQ1J2ZkVDdl9FWE9tejZlVnhwckRJQmlLblJ5djNOdFpBbFZvY3BZWk1hcUpXdw?oc=5,,,
2026-07-22,AI 関連 日本株,note,フアンCEO来日で日本株の地図が変わった。フィジカルAI関連 厳選20銘柄リスト【保存版】 - note,https://news.google.com/rss/articles/CBMiW0FVX3lxTFBKMjFPeklkd0tlemlDVUxjOXZpa0N3XzlqWmhVLUhCeHFvUFRfbGpfcE9MOHVqcHd4NG91QmZXVWVFYU5IS1p4eXhQUFdqMmhWNzVKUXdxOEFFcVU?oc=5,,,
2026-07-22,新高値 銘柄,Yahoo!ファイナンス,ETF売買動向＝21日前引け、野村外リート、野村タイ５０が新高値(株探ニュース) - Yahoo!ファイナンス,https://news.google.com/rss/articles/CBMihwFBVV95cUxNU0F3cVgwNmI1bkFjTkdLNHc5YW5UVlhaV1RzTnZsUTMwdHkycXBWUlZ6OHNCQ0NwaFlVQWswNlFTb2IzMGFkUGh6TUtrelRQcW5OT25qWXAzeUFZelZBdFl2NjBGblFqQzFMRFNLdWxwNXl3OHpWT0hqQzZ6NDRQRWdaQkhJWWM?oc=5,,,
2026-07-22,新高値 銘柄,株探,ETF売買動向＝17日前引け、ＧＸＵＳＤＶ、ＧＸＳＰＣＦが新高値 - 株探,https://news.google.com/rss/articles/CBMiYEFVX3lxTFBpZXN3cFlDTGlocmhnY2U0NEpBLUhlZFFjZDQ2UjRGZDdBemRRYVRkd2J3c2RRdWJzVFdnVFdVWFVXLVlRVldUZ3drTnVrWjhOb096X1Baa2pkZDZWMTZFTg?oc=5,,,
2026-07-22,新高値 銘柄,kabushiki.jp,米国株情報＞モルガンＳは新高値、トレーディング収益伸び第２四半期は増収増益 速報 - kabushiki.jp,https://news.google.com/rss/articles/CBMiR0FVX3lxTE5sMFA5Q0ZNdnl0NUdnd1h4em9VWWkyVGVLQ1MwYUc1dUhDb2M5X0Z5NElOLUtpdXEwTjc1Y21xSDdpMnhBY05R?oc=5,,,
2026-07-22,増配 自社株買い,株探,コジマ---大幅続伸、増配・自社株買い・株主還元拡充を発表 - 株探,https://news.google.com/rss/articles/CBMiYEFVX3lxTE84dDlPemRqc3I4bk1FNGlscGMtalAzMXpZdkprVk55SGxmMU5HZ2IxcEdwN3lDcTEydVBHck53N3FFdDM2RjdRelJjVnVKTEFPZ2g4eU9xakJZbU1xMWRLbA?oc=5,,,
2026-07-22,好決算 株価,Yahoo!ファイナンス,クラウン、好決算も下落 期待には不十分との受け止めも＝米国株個別(株探ニュース) - Yahoo!ファイナンス,https://news.google.com/rss/articles/CBMihwFBVV95cUxQRnBHR0puQkliT0tWZ2ZzaXdxUnhYWld2ald3WGNiOUh3NUhWWGFEWno4S0ZGeUZoQjI3QzNXUnU2ZE5NUHBfZkhHd3JiNGJNbDcxZHVjQ0xnY0xpZEV6VVg0M0pQUFJSY0lRWjBBdXN3UDF0NkJKSlFpQlJWdThDX19FVmR2aDg?oc=5,,,
2026-07-22,好決算 株価,トウシル,"AI株暴落、日経平均は「4,416円安」も…実はひそかに「前週末比34.8%」株価上昇している〈非AI銘柄〉の正体 - トウシル",https://news.google.com/rss/articles/CBMiWkFVX3lxTE1fSmRJZWJXZkZtQUlJTzNzNXdxbXV5STlQZjJfUHNIbXVKNWNVUnRPNVduR3NlaF9yLTF6Vm16OFdsaWV2d2czaUx0X2ZjV0U0RGdvcHFkRHFGdw?oc=5,,,
2026-07-22,好決算 株価,Investing.com - FX | 株式市場 | ファイナンス | 金融ニュース,レンジ・リソーシズ株、第2四半期好決算も3%下落 執筆 - Investing.com - FX | 株式市場 | ファイナンス | 金融ニュース,https://news.google.com/rss/articles/CBMia0FVX3lxTE4tSDVoTTY5NkVKRmJrQUdUOGY5OVI0Z0JLeDBMSlYxNzdPTzNzVlhrLUYzcHIxOTdvMlQwaUVrVkM1dXVSaDFzcWhSUkhNRWJoNlhEekgtdlpPcWhRaktmR1J2S3VrV3A1Q3Zn?oc=5,,,
2026-07-22,好決算 株価,Moomoo,ノースロップ、好決算も時間外で下落＝米国株個別 - Moomoo,https://news.google.com/rss/articles/CBMihgFBVV95cUxPX1gwQk5QSThLSHpVYzk0ZVFlNXMtUlBVVHc5TmZMaEViSGI4ZTdHRWh4T3RrYkp4ODNfbDhTelg0aXRWN0tpNHRPQTVtbU9mOV9KQnNaVzNWcm1wNUxMdy1jemNmeXhVNGpzNDFPekZ3YkY3Zm1QdTRxMGZGRXE4Q0FTeE9Rdw?oc=5,,,
2026-07-23,日本株 注目 銘柄,日本経済新聞,野村総研、国内事業好調で上振れ余地 AI導入支援で再評価も - 日本経済新聞,https://news.google.com/rss/articles/CBMifkFVX3lxTE54WVFnUTZzREE0SEN3cUdZVG9WSTNTcWEzeVNzd1AtYU1BaW5YYS0tZ1hsWm1ucFU2NEFORkJ4aDh5TVcyc1pkZE5rNmZnZVNySnY4Z2N3ajVhYUZ5TEJvcUxJMUQtelViYVF5TkRTcW1wYkhpRlY1M3hUTTRqdw?oc=5,,,
2026-07-23,日本株 注目 銘柄,マネーポストWEB,【注目トピックス 日本株】前日に動いた銘柄 part1三井金属、日本ケミコン、キオクシアHDなど - マネーポストWEB,https://news.google.com/rss/articles/CBMiR0FVX3lxTFBLZXFrNzJEUlFXRnhHUEF5c1JDZi1GaDNvVjNfQUoyZEpWdUc4TkMyRTEyNGZqNVJNSlVsNzhnVHhRelFoUkFR?oc=5,,,
2026-07-23,決算 上方修正,Yahoo!ファイナンス,【決算速報】フェローテク、今期経常を61％上方修正(株探ニュース) - Yahoo!ファイナンス,https://news.google.com/rss/articles/CBMihwFBVV95cUxNMjNsUVRwOEJfQ2ZUbW0tYW05ZTdEZzNjR1FLVHg5RnFQeENNYUVKOFV6VGFJOXgyLWk3cEdvM0c5MUt5TFY1dmxoamlBTC1kbUttYUMtNWRuWkd0VHdvSmxZR0RJVm9YcHBJcm15YkdyTVliWVR0VUdTS1FERFNQeHh2bjdVV2M?oc=5,,,
2026-07-23,決算 上方修正,日本経済新聞,決算:十六FG、純利益10%増に上方修正 金利上昇で実質増配も - 日本経済新聞,https://news.google.com/rss/articles/CBMibEFVX3lxTE51OWRYTDQ0SHZNVmJWZ3NGTXNrdGZYdUw4SzdCSklXR2hjdENpd0hOa0FoOG1RMmJESTlwX0FLeVQ2XzJ0QjVldkVEV1ZMTWt1YXltSG5lc1VncXF0ai1halZSOU0tTGY4Q3VqaA?oc=5,,,
2026-07-23,決算 上方修正,株探,フェローテク、今期経常を61％上方修正 - 株探,https://news.google.com/rss/articles/CBMiUkFVX3lxTFB1R1FUSWxvLVJsZ0M1VWlFS2x3RlFqNWZ2WnhvSm9IeXhtVmhlbVVHTUY0ZktuUVlZaTlNTjVGY09aZHdyX1FVeElDWUVXSFVaWFE?oc=5,,,
2026-07-23,決算 上方修正,BigGo ファイナンス,ブロンコビリーが最高益を大幅上乗せ、フェローテクは経常61％上方修正 22日サプライズ決算 - BigGo ファイナンス,https://news.google.com/rss/articles/CBMidEFVX3lxTE43akpwaG80bTltUDYwMUcyMzhGSEJDV0p5bTlJZmhEdzM2VXVzcFJCdFZDRkdQRFpBNXlUUTFwTEZvVFRRaFFpTjRDMmdGQ1l2ZG10NUR5WDZUQXdyZlA3OUFETW42UTEwV1NUbERJeDZNRVRz?oc=5,,,
2026-07-23,決算 上方修正,株探,三井松島ＨＤ、今期経常を4％上方修正、配当も56円増額 - 株探,https://news.google.com/rss/articles/CBMiUkFVX3lxTE9vSEFzZl9vOEdGTG80Z1Vkc0VRTGNGRGNJU3ZiY0dlR2x2WFRVTG5qc0dvUnlsTVN4bU9WRURua3licjlZaXNwNEtvZEtpRXBGcGc?oc=5,,,
2026-07-23,決算 上方修正,Yahoo!ファイナンス,【決算速報】三井松島ＨＤ、今期経常を4％上方修正、配当も56円増額(株探ニュース) - Yahoo!ファイナンス,https://news.google.com/rss/articles/CBMihwFBVV95cUxPZXBfdjlUR2h1VHJqTTNER2VOdlRodk9wdkxDRWM5a01uNHgtVFR2OU5hQzFxZVBDRndqNXNIZXVfWlh3ZVdGWDU4UFgxNjNlM3ViaHVKUjRyWk5PbXI5WkRNRzlZTUNUMGpnOEtuTWx5eHVEcmo1MkZWbzZqYm1qNlRTeHpYb3M?oc=5,,,
2026-07-23,半導体 関連株,ダイヤモンド・オンライン,【日本株】AIデータセンター需要が伸びる｢電子部品｣の本命2銘柄！ 光ファイバーの｢古河電気工業｣、サーバー向けコンデンサが成長する｢村田製作所｣に注目！ - ダイヤモンド・オンライン,https://news.google.com/rss/articles/CBMiU0FVX3lxTE15UzJKd21reE04d0ljekoxMFRpSUl1WlVlNU91cThPUGpJYnNma0cwR2FsaUl6UmdGLUk5S3otSkFqZ2pkN1hxaWw0bUcyZFluRFZr?oc=5,,,
2026-07-23,半導体 関連株,株探,キオクシア---大幅続伸、海外半導体メモリー株の上昇に追随 - 株探,https://news.google.com/rss/articles/CBMiYEFVX3lxTE5SVkhqMEZsWUg4SmpNYnBYekNlcFY3dUViTE14M0lIOFlIZFM2WnNaM0JMeDNVOTJFdmppUU5lNHYzNFM3RUJEdEZobXlSSWZyem9CbV9VTGE2V3NiOUw5Tw?oc=5,,,
2026-07-23,半導体 関連株,マネクリ,（朝）米国市場は3指数揃って上昇　半導体株を中心に相場全体で押し目買いの展開に - マネクリ,https://news.google.com/rss/articles/CBMiVEFVX3lxTE5oc3hwSkxucjBDRG5nS3RlNlBUZUVKSjBuUzFJTTNyWVBaQlNyRzBpcVdpeDJBckxkRkZyVUlndVZlcWpXVXpjVU90RlJjYUEyMFhmUdIBV0FVX3lxTFBQSXFLSG51dUM3cC1OR2RfMTdZRmg2amc3MXdVVDN4THR1OXpjMEpZTWo3RTNraGZ3dlpfWkJLbXNLU0NOYm43bExzbU9rcUhKT0VJbGZFcw?oc=5,,,
2026-07-23,半導体 関連株,Yahoo!ニュース,〔東京株式〕6万7000円台回復＝半導体株の上昇がけん引（22日前場中盤）（時事通信） - Yahoo!ニュース,https://news.google.com/rss/articles/CBMif0FVX3lxTE9mWVYtY1B1TzlqVDJSMVVTUmlBN3BJcmJjbUpGUWNFME1jZG1yYVFHRFlncHkwWFZwYU1TU2ZfUWlWcWdITU9MaHFaSmVzYTRZRVc5U3ZoaGs5b0stdjFUMXRMcHR5VWd6cTVZeTBscUgyQ0JxU2tVa2otMm1zVmc?oc=5,,,
2026-07-23,半導体 関連株,ニコニコニュース,下落が続くAI・半導体関連株をどう考えるか【三井住友DSアセットマネジメント・チーフマーケットストラテジスト】 - ニコニコニュース,https://news.google.com/rss/articles/CBMie0FVX3lxTE54aTRyVjJtejgtNW1YbWgyS3BhSFJTRUdYODlzY0NIQ0JlZXo3OGtVajdMVlE1c1JyMS03aWNQakh5SGZYQVdUelhheExFRWhWWllKbllFUmowUkx0b2RSYzdURzJROVRncjlPb3ppV0tEZUZHOXdjSmdvRQ?oc=5,,,
2026-07-23,半導体 関連株,Wedge ONLINE(ウェッジ・オンライン),激化するAI覇権戦争、急騰する半導体関連株価…日本の「勝ち筋」はこれだ - Wedge ONLINE(ウェッジ・オンライン),https://news.google.com/rss/articles/CBMiU0FVX3lxTE50bmpkY2c1MGRmdm5JM1BXZnBxeUliSHpxeldvYmNibmlndjBhc0Z3cnlWcnhuMVl5Ym1iUnNNTjJJT1M5ZmNOVWhpQVA3N2FrTkVj?oc=5,,,
2026-07-23,AI 関連 日本株,日本経済新聞,バブルか否か 日本株、AI相場の行方を探る - 日本経済新聞,https://news.google.com/rss/articles/CBMifkFVX3lxTE8yazNYMEJPZVJiRzZ0T1FCX3BDSE9oZEhWc0RxNzNGZGgzekdTSEptRXpmWHFqYkh0eTR5Y2hzUDQ3M09PbUtibHJJZjRZQW16a2lONDBnTmhUZDJpcFZYR0FWNzFaT3g3QV9rNGllYWZRY2JOMkl3LU5NMWZPZw?oc=5,,,
2026-07-23,AI 関連 日本株,四季報オンライン,21日午前の日本株は大幅反発､AI･半導体関連株に買い - 四季報オンライン,https://news.google.com/rss/articles/CBMiV0FVX3lxTE9MS1JKbXdvVWxFdVhndEFKcS1fZUV3ZktJblBJcjNaSTlDb2pORlJxeG1WQ3JZTHVKRFR2a19QaG01V0NSSzBJNmRXQWtqX1pLMUNWNzlSVQ?oc=5,,,
2026-07-23,AI 関連 日本株,Moomoo,AI関連銘柄の動向：導入が加速 - Moomoo,https://news.google.com/rss/articles/CBMimgFBVV95cUxNc1g0SzRPUUhLd2IyelpiR2RIR0FUTWgtbVlwOExYMHkwVEdhbERTM2JxVFF1UnE5UVVVSzRmVlJKb2NKQ2NCeldtTHJ3MDBFcC1QLXRHOG0xY2Zfa01wcUJMRVY5c0tjLXdOS0NGQlBvZUhQRzJyUmZoekpGbEIzQUpiVVd1N3dXMVRaMURJS3V2NllJdG91Ukxn?oc=5,,,
2026-07-23,新高値 銘柄,Yahoo!ファイナンス,２２日の動意株＞ＫＰＰＧＨＤが新高値、株主還元拡充を材料視(ウエルスアドバイザー) - Yahoo!ファイナンス,https://news.google.com/rss/articles/CBMihwFBVV95cUxQYTg4VHBjeGlOTFZndkxOR3pQaFR3eW5iZ0NJTHJnQ0dMYld1V0QyckU5bDE4aEJ2SjN6X0gwMnJFcnVFa2prTERocWJUYmZuTDY4YnFRWFdZNXVjck51Q3RXUDVvSGtBQ0FGSnlERHB0amJfalNCa3VBRmJsRGJqdVVLaUIyaTg?oc=5,,,
2026-07-23,新高値 銘柄,Yahoo!ファイナンス,ETF売買動向＝22日前引け、日経高配５０、金２倍ブルが新高値(株探ニュース) - Yahoo!ファイナンス,https://news.google.com/rss/articles/CBMihwFBVV95cUxOemlYWXh4a0VUSDZSUzU5WW5VRy12SjdDVFR0OTY1MXFLWjB2QzQzaE5PQXVZSWhYWEpGNHF5TGNjZi1Vc1JQVVdVcDdoRDIyUHBDemtTeDNZc29icGNvNmZJWjJ0U09iRE40OGZYTnc4aVIzRkR2dC1HbWQ0N2Jmb1NRZFh2NGs?oc=5,,,
2026-07-23,新高値 銘柄,Yahoo!ファイナンス,金・白金高と金2倍ブル新高値、資金のヘッジ需要【今日の市場はどう動いた？】 - Yahoo!ファイナンス,https://news.google.com/rss/articles/CBMiZEFVX3lxTE8tellOak1KRzdDOTdBMU5YZVA2Z2tFX2dUUlJjZ2pONTM3aE1jWktXWklHUWhCZ2hrQ0hfVzFBZEk4UGx1VUQ1Q1g4Rlk4RVlwV3p3SlBCSW9udExUNGxFa09vRTI?oc=5,,,
2026-07-23,増配 自社株買い,日本経済新聞,インソース株価が急騰 自社株買いや記念配当を好感 - 日本経済新聞,https://news.google.com/rss/articles/CBMibEFVX3lxTE1Gc2Q4WDV5N3BVbjRBNHB5dW1fbk1WN0l5NFdZTkJidFNNRkR0NnZ6cHNwbXc5RnpTTndYXzZSc1ZpSjdwNGxwYlVMN2oxZGJhcmRFYkI2MXdGSG5hREdOUWI0djNKWHlxcXVnaw?oc=5,,,
2026-07-23,増配 自社株買い,株探,インソース---大幅続伸、記念配当や自社株買いの実施を好感 - 株探,https://news.google.com/rss/articles/CBMiYEFVX3lxTE1LdDJDVHhpWVVmZzN5Q1N0VDUweWMtNHEtUkd6WlRVWDR1SHd2LTYwQ285bjI2blBUdXFzSjYxTXhwbHJUcjVPTnY3VjVkdE5xY295UjRsNS1vZHRoYTE2LQ?oc=5,,,
2026-07-23,増配 自社株買い,四季報オンライン,インソースが大幅続伸､3Q決算好調で増配･自己株買いへ - 四季報オンライン,https://news.google.com/rss/articles/CBMiV0FVX3lxTFBiUjZ6STRGRC02Z0lFTTlrX25saUpobnlkUk9LQkhVYnVXOFQyLXNVazczX3VCRl9LRnBUS3MtaENDRElwdlVqVGVWOXZINTJJWm1XWm1Ebw?oc=5,,,
2026-07-23,増配 自社株買い,BigGo ファイナンス,インソース急伸、10周年記念配当35円と自社株買い発表で買い人気 - BigGo ファイナンス,https://news.google.com/rss/articles/CBMidEFVX3lxTE91YXp2aEhNdlZ4U041c19GZktOU2Uwazkzbm9aMUZIY3FXOHVhdjJ4TkZST1RuazdiaHJfYTRWeW5TTmRSLXdLNXNpcHNtQUx6SmFuT0RmYjBZaU1aM0VfRk1GcmpQbU9aa3lLQ3lOQm8tYmZw?oc=5,,,
2026-07-23,増配 自社株買い,株探,インソースが続急伸、第３四半期増収増益と増配及び自社株買い発表を好感 - 株探,https://news.google.com/rss/articles/CBMiYEFVX3lxTE9VazdJNjl1MUFvTVc2TUtZbHQ4em9ZS2ZYZTdaMkF2QWdBUmp2ek9seXdDbmlpRC1kT1NKTWJmRjJLaVBvbC15X29YcXM5QkhXY2FoUERObm1vZUdFTHE4MQ?oc=5,,,
2026-07-23,好決算 株価,Investing.com - FX | 株式市場 | ファイナンス | 金融ニュース,テキサス・インスツルメンツ、好決算も「材料出尽くし」で株価下落 執筆 - Investing.com - FX | 株式市場 | ファイナンス | 金融ニュース,https://news.google.com/rss/articles/CBMicEFVX3lxTE16bS1BbkhuTDNiczNRTlN3VmUwOVBWbHFYQXIwaWNuUUJJMTRPTzlDMHNxaEhxalZNMXJnYTJ3Y0lhQ2hOSmdzU0IwREc3dlJtenhVLXhrV09DQzdKTzdXZWNPYkI2eFJzalg2eUlqLTE?oc=5,,,
2026-07-23,好決算 株価,Yahoo!ファイナンス,ＧＥベルノバ、好決算も反応鈍い 風力発電の赤字拡大＝米国株個別(株探ニュース) - Yahoo!ファイナンス,https://news.google.com/rss/articles/CBMihwFBVV95cUxOdWVyT1U4SHI0VFl4MHR2LWRLbHV3SndpZGV3OE92T0VmMVAwOFUwaTFQeGE3SzF6Z08xZ3UydWJCVzZKeGZSV21PZHA5Y3FZVXhaNzRNX3UtSllncFVURl9XSVd1dVVIa0ZfaG5OUUIzUTRVblZkbFFSLVgyNno3bExVa0tfSFk?oc=5,,,
2026-07-23,好決算 株価,Investing.com - FX | 株式市場 | ファイナンス | 金融ニュース,グラコ、売上高は予想を下回るも好決算で株価上昇 執筆 - Investing.com - FX | 株式市場 | ファイナンス | 金融ニュース,https://news.google.com/rss/articles/CBMia0FVX3lxTE82Q2ROZlhYczBkSUxpTTZLZXgzbC1XZzdReXh1OTc4ZENIdnJIOFBaX3V0VUEzbURpM3hBdUhxY3RVMHUzOUd1eDl0WXpxZUVWcmF6UGhLT1hzWGFaZ0o4MkR5ZmVHdnJGcGlR?oc=5,,,
2026-07-24,日本株 注目 銘柄,マネックス証券,半導体一極集中からテーマ分散へ？注目高まる宇宙関連銘柄 - マネックス証券,https://news.google.com/rss/articles/CBMiYEFVX3lxTE45VjhQLUlWTWtpR2NFME9EZk8wd1pjLTAtTHJCcmEzRkxDOTlIczNDenp3RGUyQ2NMNTNsM1JsSWUyYXBTa3dBTmdBTnh3LVQ0TDN3RFcwdGRSRU0tTUVIUg?oc=5,,,
2026-07-24,日本株 注目 銘柄,日本経済新聞,AI半導体、高値奪還には時間 韓国株で揺れない銘柄選び ヴェリタスEYE（7月22日） - 日本経済新聞,https://news.google.com/rss/articles/CBMifkFVX3lxTE1GYzFmTjFBSktMX0Z4bzZUNzZ2WFR5MUI0djdULVNmcnBFa211aHRyUFRaTS1VaTVvbE5DNjdMWGR5VVE1S2tnUTFQQTlHcndHeFByOE44NGxVQ1ZMR2hOVlJPbDJnSkhndzVDeUJ5XzJFX29oek0wSnl4d2JPQQ?oc=5,,,
2026-07-24,日本株 注目 銘柄,Yahoo!ファイナンス,【日本株】2026年・春の｢おすすめ10万円株｣2銘柄！証券口座乗っ取りなど金融犯罪の急増が追い風の｢カウリス｣、自社株買いで1株益が拡大する｢いちご｣に注目(ダイヤモンド・ザイ) - Yahoo!ファイナンス,https://news.google.com/rss/articles/CBMihwFBVV95cUxNZXo3YWtOd09TSU5HNDFuU0JpNVJSbjZzUklEN1pYWjZQWkU3S3pHQ2Q5UnFPeFhmTlJkTXE0a3FqLVhWRmUwMFlKQXRjTWEySFoyNHBIT0hIY2ZwNFlLZjgzU0s1Q1B6dUhOQzZLUjZ0NkFlQzVNanRYODV3OGdKc1JRODk1NXc?oc=5,,,
2026-07-24,日本株 注目 銘柄,マネーポストWEB,【注目トピックス 日本株】前日に動いた銘柄 part1巴川コーポ、三井松島HD、テクセンドフォトマスクなど - マネーポストWEB,https://news.google.com/rss/articles/CBMiR0FVX3lxTFBmNTFSOFEwMlJVWGt0OEQySENGNmh5emV3UkowZi02anhYR0lQaEhPQ0pmQzVQakFlcjQyRzdqTndZdVNnRWZJ?oc=5,,,
2026-07-24,日本株 注目 銘柄,ダイヤモンド・オンライン,「送配電網整備」関連銘柄を紹介！ AI向けデータセンターの電力需要が急増するなか、発電所から電力を供給する｢送配電網整備｣関連は成長期待の注目テーマ！ - ダイヤモンド・オンライン,https://news.google.com/rss/articles/CBMiU0FVX3lxTE9VWFJCUDE2VVpqWXMzSjZwSTRlQ29tbjVqRjNEX21OTmxEZzNnLTVQX1o0d19sT2tCUGYzd3l3eEZzcWZ3Sk92S0RkSmdpQmt3OHNN?oc=5,,,
2026-07-24,決算 上方修正,株探,ＫＯＡ、今期経常を一転16％増益に上方修正、配当も24円増額 - 株探,https://news.google.com/rss/articles/CBMiUkFVX3lxTE1fQnBzdV9aMWRvOENCczNudFNONWtwcmc4VVdWMUxHMHZINlFIS1FNVGkzd1lTbFFJbkxqMm5jYU5ZZGN5T3E0eUdZV2hKS284M1E?oc=5,,,
2026-07-24,決算 上方修正,Yahoo!ファイナンス,〔決算〕ブロンコビリー、12月期業績予想を上方修正＝既存店売り上げが好調(時事通信) - Yahoo!ファイナンス,https://news.google.com/rss/articles/CBMifkFVX3lxTE9tMEdIU21HajQxUEREVHVDYWpyY2YyUnVCek1BUElUZ1k3S2dQQ215bmlEdnMtVkRwZ2l3SmtXQUhkMGd2UjlRcm4ycWhyaFAwTE5tRmpUN2RrSzQtZDFjSnVSSzlxTGZRODlYQ2o4QzBJUVA4ME91NGxUc09ZUQ?oc=5,,,
2026-07-24,決算 上方修正,BigGo ファイナンス,信越ポリマーが3期連続最高益予想、KOAAI需要で一転増益修正 - BigGo ファイナンス,https://news.google.com/rss/articles/CBMidEFVX3lxTE9aMDJLcXFPQ01TbW1TV09La3hFNG52YzZLNWoxbFdLalZkbW1MeWc4LUltejBzbVRyVU1aY3h3Q3pLUmRiSmdyel9ReGZkUTFxeWplR1loMHNmNk9YdVRoVldtTUlnR1UybEJSNUM1WDd3VEds?oc=5,,,
2026-07-24,決算 上方修正,株探,アーバネット、前期経常を9％上方修正・最高益予想を上乗せ - 株探,https://news.google.com/rss/articles/CBMiUkFVX3lxTE1MdDZieXdmaTBrNmcwR1VrUDlrdDFRXzM4QVcyanU2RlUwcTNHRHpCYjMtZ2hsdnpPWmdia1dJRzRNY2hKbXMxYUZOWUozT1JlSlE?oc=5,,,
2026-07-24,決算 上方修正,Yahoo!ファイナンス,【決算速報】アーバネット、前期経常を9％上方修正・最高益予想を上乗せ(株探ニュース) - Yahoo!ファイナンス,https://news.google.com/rss/articles/CBMihwFBVV95cUxPQ3lDaEVYLUc3Q09CRzFYV241RXNpdlpvVDlUTTdHaDZoU01CVHdZcEhDOUxZTEIzR1k1Um04Yi1ZWUMtRENta1FPNTdLTGM4dkFyWm9vclB6aVRlQW9jbm1TdUxFTW1mOUtfV2NYZF9WYlUycjdsQWNVam9IcG5haGg2aGJJaUk?oc=5,,,
2026-07-24,決算 上方修正,Yahoo!ファイナンス,【決算速報】キングジム、前期経常を33％上方修正、配当も1円増額(株探ニュース) - Yahoo!ファイナンス,https://news.google.com/rss/articles/CBMihwFBVV95cUxNZ1E3Z3U2M2VsZHhBTmZGaWtGVDRkY21LblJ3X2lpY1c2MnZPNV9STVVjXy1CTjZ3XzBMVnh1cFlta2V4ZldPQ1FRenhxSEdmMXJLYmtKcG5HZ2JXdXVOSUJQcm54blRCMkF5b0VoNHNlbXhpWkZFTXNkTkdiY2ZqNUl0ZkpDbXM?oc=5,,,
2026-07-24,半導体 関連株,株探,東京株式（前引け）＝反発、ＡＩ半導体関連の一角が買われ一時９００円超高 - 株探,https://news.google.com/rss/articles/CBMiYEFVX3lxTE9aRjViRXo0WTRyUWxrX0VtY3lXLWxQT1oyeUE4Ym0zZnBDLWRGTlFaemppOHA2alpMNW5haW05VGQ4VzBrcmlDOEdtQjdveTlfMVNCQm1RR3NzTVVsRUIyeA?oc=5,,,
2026-07-24,半導体 関連株,四季報オンライン,23日午前の日本株は上昇､AI･半導体関連株の一角に買い - 四季報オンライン,https://news.google.com/rss/articles/CBMiV0FVX3lxTFBjYU5qT3VUcmpPSEcyRGp5TF9tVkg4ZDRWeDJZN1YxSHBXaVQ0T01YN29nbjk1eHBZcVlreUVCa0FLUE9USklBZG8zTU1rZUtNOXYwOVdqYw?oc=5,,,
2026-07-24,半導体 関連株,マネクリ,【米国株動向】AI半導体の勝者は1社ではない。バリューチェーンで選ぶ注目銘柄5選 - マネクリ,https://news.google.com/rss/articles/CBMiVEFVX3lxTE9XLWNxcXQ0RVlBZmZuaUtMdjVfVzh1b1p1MXdtWjA2WmNocl9wMTlWQ0lLN2YzWGR0U2Q3MGlwYlpTZUtMQ1d4Uy1Qb01BWWVlVzgzZNIBV0FVX3lxTE5jRnA1T2pwR2ZlVEFVTWN6LXFOTTU1WGtKbGFHckxvQmRIZ0RHdUVpWHdsMmU1ZE05ZXltQmFaNm0wa0kzS1VSQ0owa3RZVkYwNUJ4M2U3OA?oc=5,,,
2026-07-24,半導体 関連株,TBS NEWS DIG,電線株の復調探る投資家、AI相場は半導体一極から多極化へ－決算転機 - TBS NEWS DIG,https://news.google.com/rss/articles/CBMidEFVX3lxTE5DbnMyNFVzTFhzQ05ZbUoyb3Uwd1BQbUswRGk3UnFRTkFYZTJyV1duaFNHbTRFZXNtdXBzSDc2bGVXWng0SS1mRWc3NTdqX0RiTDE2SWF4RElwUWRMYW9HWkQ3ZFBNazQ2TDBKdjlhb04zcW9N?oc=5,,,
2026-07-24,半導体 関連株,トレーダーズ・ウェブ,〔Market Flash〕半導体関連株は落ちてくるナイフか～ＳＭＢＣ日興 | 個別記事 | ニュース - トレーダーズ・ウェブ,https://news.google.com/rss/articles/CBMiXEFVX3lxTFAyaUJhSUpseE9aYW5HdTdfTUREYmlxWTlnMXJWdUJGY2Q2UGdWS003dzhHV1BHOFRlTlMwTE53eWNWSXZOUjE3ZTFkZHJCdU13d3Jua0VUUEc3VnB6?oc=5,,,
2026-07-24,AI 関連 日本株,トウシル,【割安高配当株ランキング】AI株からの「資金シフト」に期待…アナリスト評価が高いバリュー銘柄TOP15 - トウシル,https://news.google.com/rss/articles/CBMiWkFVX3lxTE1JRmFPcVU5Mm12X0JmRmItQTdDN3F3X2l0NXpWR1ctdW1fbmZKalJKNExHVERaUGVoY1NERVpVT2pJSGhiOE82MlptWWRDMzB0M2hGLVZzaUt6UQ?oc=5,,,
2026-07-24,AI 関連 日本株,マネクリ,【米国株】ハイテク・AI関連の調整は一時的か？アルファベットやテスラの決算が焦点の週に - マネクリ,https://news.google.com/rss/articles/CBMiVEFVX3lxTE9qbzRfS19XMDBTV0k0UDRQTFFVZUdUN0tmYU5ZT1Q4YW84NHg2eC0zTGtxTndJSlYzSzUyWEVPclVBdXlrcmRNeDdXTk0yY0l2S3RVedIBV0FVX3lxTE0zY0pxMUplakJaY2tNT3h4SkhtYWdGSTMzN1RNM0MtRnp6Zy0yOW9tMlRWZ0JQcml4R00xVzJWcV9PaFp5Q1pJSk93YUx6MGZTU1IwMndBTQ?oc=5,,,
2026-07-24,新高値 銘柄,Yahoo!ファイナンス,ETF売買動向＝23日前引け、ｉＳ米増配株、高配株米ドルが新高値(株探ニュース) - Yahoo!ファイナンス,https://news.google.com/rss/articles/CBMihwFBVV95cUxPakMwNDc0N01SekZHQVhlcll0NUtmZ2pneEdkLXBEQXEzekx0RVBMTjhPYmpvRWxxQnN0MmVQcW0xMlV1dWFMX3B5SEt4NDFyOWhqR1YtazZEZmw1LXp3UW9sQWJyb2VUSzRxRGt5djJ1UEdCaWI1UE9MUG91eUMyZ3lmX25rSGs?oc=5,,,
2026-07-24,新高値 銘柄,株探,三井住友ＦＧは続伸し新高値、国内有力調査機関は目標株価８１４０円に引き上げ - 株探,https://news.google.com/rss/articles/CBMiYEFVX3lxTE12djctY096NURRU3AtMUJFUzluem1PTWxaVUhQNU1lYzJrVFI1ZlE4NFpCSWJyd3I0XzNPaUdnNEVaUl9vYjN6ODRqTmRpcjk1QUl2ekZzdGU1R0pwVjVLSQ?oc=5,,,
2026-07-24,好決算 株価,Yahoo!ファイナンス,ＴＩ、好決算も下落 株価を正当化するほど印象的ではなかったとの受け止め＝米国株個別(株探ニュース) - Yahoo!ファイナンス,https://news.google.com/rss/articles/CBMihwFBVV95cUxQTzRpR2hZcFU1bVFMQmgzZ1ZLSGdQNmJxb01nQVJ1VTIyclFnV3lKT3dGYThkWk4tOExfMUtRNm1RRVZpYklXalZyOElXQlF0VnBmUW9SRDcwS05iVWNrd1AzbzRpSWpxZS1NVHBMQkFYTUo1VXNLQUM4Q3JaelFSZ0JDUFVyaUk?oc=5,,,
2026-07-24,好決算 株価,東洋経済オンライン,"【年末7万5000円も？日経平均の今後】AI・半導体株""調整”の背景／グーグルが「好決算なのに売られた」理由／中国発の懸念材料／政府「戦略17分野」370兆円投資の影響度／大きな下落リスクはもうない？ - 東洋経済オンライン",https://news.google.com/rss/articles/CBMiUkFVX3lxTE50VkJIUG83aGNMUjE1b0ZXRHhDS2dISDV0NGg3bngwNG96NWV6dEVaOGhRUDZwdVBTcjlnekNCX0FQMnJQWURkTjlHMS10X2RCZGc?oc=5,,,
2026-07-24,好決算 株価,Investing.com - FX | 株式市場 | ファイナンス | 金融ニュース,エバーコアISI、好決算を受けノーフォーク・サザンの目標株価を引き上げ 執筆 - Investing.com - FX | 株式市場 | ファイナンス | 金融ニュース,https://news.google.com/rss/articles/CBMidEFVX3lxTE11Q2pBSXptc1BZSHBfYUZSZFExQl9hRWtOanhQQXZfRTVlX1VlTWhQRXV0aTRkTGhVVFNNY3lVY3VjVDBlcEJVYUV1UVhXWHU3bFM5NmJoYV9VbzVab1U0U0h6ckExWi1Wek1iSTlFOXZTdXJI?oc=5,,,
2026-07-24,好決算 株価,Investing.com - FX | 株式市場 | ファイナンス | 金融ニュース,スティーブンスが好決算を受けTriumph Financialの目標株価を引き上げ 執筆 - Investing.com - FX | 株式市場 | ファイナンス | 金融ニュース,https://news.google.com/rss/articles/CBMidEFVX3lxTE5DeUk0YUMxTkVaaDR1N19feEhzZUVrOHVLOWdxbU1zbUpVRzVwMFhMSzFWMUpoMThIeWJYMmJDcnBzZV9UZlpMMUFxcURsTWN6YTAwQUU3ZXphNnMxWHJISDdjUGl4WktlR2ZFdjZjQXlsWDRi?oc=5,,,
2026-07-24,好決算 株価,Yahoo!ファイナンス,ノースロップ、好決算も時間外で下落＝米国株個別(株探ニュース) - Yahoo!ファイナンス,https://news.google.com/rss/articles/CBMihwFBVV95cUxOTmgzLW5ObHZHeTY5cTBqNUstMjN6elI3enpYMTA2LVJsZkliclNWdEo2U3BkT0tkcEpfY0xzYUk0UXplWXRrWmkyTE5OYmlFc2Yxa19UQW9vMUMwV2d4MnNjZTJWcGNhZVlTaXVaODIwOTZWMWhQTm9zM0VYSzhXM2w0R1JZR1E?oc=5,,,
2026-07-25,日本株 注目 銘柄,SBI証券,〈2026年6月〉株主優待 新設・拡充27社！注目銘柄をご紹介 - SBI証券,https://news.google.com/rss/articles/CBMif0FVX3lxTFBtdlZ1SU8yRC1VV3RTWVFhdTM4LWZGWWxPb2UySFE0aVRyM0J6ck9WRkplRzRsLTZxZFIwU0ZkV2NxSGVGYkVXay1HcUMtTTNoVjAyX2lTeE1nVHVidUdCZnhGNGduX2JnVXQzbzVURjh4YXRrSUZpYVdvM1c0Rzg?oc=5,,,
2026-07-25,日本株 注目 銘柄,ダイヤモンド・オンライン,来週（7/27～7/31）の日経平均株価の予想レンジは､6万2000～6万6000円！ アップル、マイクロソフトなど米･主要ハイテク株の決算と中東情勢の動向に注目 - ダイヤモンド・オンライン,https://news.google.com/rss/articles/CBMiU0FVX3lxTE5WSUhhNVd6b1p1dEhIdmNSenp1QnFiUlhaYlVyQVZrajRrRGU2TG4yaEdURk9sSlA2UlUzVGM4ZzJNa2xGSzVvQlRiS2s5eGk2NnM4?oc=5,,,
2026-07-25,日本株 注目 銘柄,マネーポストWEB,【注目トピックス 日本株】前日に動いた銘柄 part1日本電技、三井松島HD、KOAなど - マネーポストWEB,https://news.google.com/rss/articles/CBMiR0FVX3lxTE53ODJhbGV0THBLX2IyQk9XMTZORXdFSjh2dlE3SzZWeWhBSmtqN3NXRWRYRVZVSTJneG9pMy00dHVhREpSZ0dv?oc=5,,,
2026-07-25,日本株 注目 銘柄,Yahoo!ファイナンス,【日本株】2026年・春の｢おすすめ高配当株｣2銘柄！配当性向109％も財務は健全な｢エーザイ｣、高配当で下値不安が小さい｢シェアリングテクノロジー｣に注目(ダイヤモンド・ザイ) - Yahoo!ファイナンス,https://news.google.com/rss/articles/CBMihwFBVV95cUxOblFSMXp1MXE4U3V2MnE5THJJcm1yY282ck4zX1g5SjBCaUZEMnZEVVVDR2k5LXJRWmJmdlJ0WUNuZWdLMXZ0bjNDRC1rQ2ItbUtycS1PTWo2QllfVjhkUk5jaGp6WmgzUFJYdFlrVENrRkQxOUxNSU42LXdTelBZXzlsOE1nR2M?oc=5,,,
2026-07-25,日本株 注目 銘柄,Moomoo,注目銘柄・デイリー技術分析パルス｜2026年7月23日 - Moomoo,https://news.google.com/rss/articles/CBMiqwFBVV95cUxQN0dXVExUYXlIdmY1Tjd3c3VxY21CcWI2VHRpbi1oUlhaN2d2bnIxY1JYTDF0Q0Y1Y283LXhBeHpndjctZGtFeGJtZnd1dlgxV29RTDFkUUE0QmQtT0hjTDY5TVk4a2VZSXlCMkpxOGpjUThEYWNFSDJlVjZyT1NkM2EySUlRdk5VX3lDMUFyeFhoWmozUDRWSkxwN0Q1MkJPRGd6a0R3MG9PbDg?oc=5,,,
2026-07-25,決算 上方修正,株探,川崎汽、今期経常を一転24％増益に上方修正 - 株探,https://news.google.com/rss/articles/CBMiUkFVX3lxTE9ZbWZsdTU4WXEwS3BvaGNuOG1iUXpqd2psUGthOTBVbmxUZTNwX292MzNKbTRJNk1xX3FKV29TTllzaDFjXzZYYS1jMFpCUVhULWc?oc=5,,,
2026-07-25,決算 上方修正,Yahoo!ファイナンス,【決算速報】東海染、上期経常を50％上方修正、通期も増額(株探ニュース) - Yahoo!ファイナンス,https://news.google.com/rss/articles/CBMihwFBVV95cUxOTi1jTVdxR3Z1OGtuTFNnRU1sc3FKTEw4M3V4Qzh3bXJyY2FzVGNwQ2dfcHFqcnJwWFp5dkw4a2d1Mk0yUUE2ZFllSEpKXzBFejBobzFKVDV5MVBhY3pzTTEzc3h1SE5SMXhxWTJqV3RmLTB1QnQtbWpLenRuSzdtckdWcEVDeUU?oc=5,,,
2026-07-25,決算 上方修正,四季報オンライン,KOAが急反発､27年3月期業績･配当を大幅上方修正 - 四季報オンライン,https://news.google.com/rss/articles/CBMiV0FVX3lxTFBxYV91ZW0wRWhYRXJTZHYyRVo3Sm13ZEc5V09qc2JaWGZocXVBbUxUWG9xbHZjcmFac2VFOXhTX0JrUmVoaHo2ZXp3X296RUtLcmxQOXV5MA?oc=5,,,
2026-07-25,決算 上方修正,株探,キヤノンＭＪ、今期経常を5％上方修正・最高益予想を上乗せ、配当も実質6％増額 - 株探,https://news.google.com/rss/articles/CBMiUkFVX3lxTFB1emlOOGhPcThkQ19CRnRKUmlTWVlPdVZzcjVRZWVWczQwaHAxSUtNbFlzaXNWZVRiOFZieTlCZU5nSWhENTRfOU1uY24tTTdwNXc?oc=5,,,
2026-07-25,決算 上方修正,Yahoo!ファイナンス,【決算速報】正興電、今期経常を6％上方修正・最高益予想を上乗せ、配当も5円増額(株探ニュース) - Yahoo!ファイナンス,https://news.google.com/rss/articles/CBMihwFBVV95cUxPRXUtcmJHV2FuZER3X0tNc2t4MjBqMTlCcl9xRjlXNU9Mb3dmRm1JZGgwOWFtSXVQcTFXWFg1eG5MU1BydWRBOVBXSlZ2dDBOZlJsYjhyVjNKN3h6TUhBV1NXTjBUMWNoMHFZVEJvVEVUWjdMREtLN0VEdkVvRHRneGphdGhwYk0?oc=5,,,
2026-07-25,決算 上方修正,株探,ＹＫＴ、上期経常を4.5倍上方修正、通期も増額 - 株探,https://news.google.com/rss/articles/CBMiUkFVX3lxTE9XVmpVRkxTOEgtc0Y2NWxHeFBrbU10U2ZMamY3c0lTT1N2WTItSl9jSng4ZENxQzRxNTBnRWo1cTVBTlJteUhra0dEeXo5cmh6Mnc?oc=5,,,
2026-07-25,決算 上方修正,Yahoo!ファイナンス,【決算速報】ＹＫＴ、上期経常を4.5倍上方修正、通期も増額(株探ニュース) - Yahoo!ファイナンス,https://news.google.com/rss/articles/CBMihwFBVV95cUxQUFk3NXRTVDZwbFRKSVFNVUYydTdtV1Z2M1dQdk4xbzJwWk9ZeElGa2dtV1BzcTRSdEh3RDBRTk03T3JSSG5vX08ydU9lNjFaOHZWX1hWdUs1Mkl5NjgzMjdING9GREZHTGVNVE1waXJfNXNTWFd6SUR4V1NaTWV4QjF6amZZbGM?oc=5,,,
2026-07-25,半導体 関連株,株探,前場に注目すべき3つのポイント～半導体株の動向に振らされやすい需給状況～ - 株探,https://news.google.com/rss/articles/CBMiYEFVX3lxTE1JTmRsVUFBX2s1OWIyLXRLX2NnWVpZcUR3X0VNYXlqRm96cVN1ZWd3RnZnc1RnWlhiVUZtMVNvY1BYRXpOanNIckE4R3VtMUdscDFqbFpxNTdSZ0ExYnVieA?oc=5,,,
2026-07-25,半導体 関連株,Yahoo!ニュース,韓国Z世代の4割が半導体株に投資…資金の22％は家族が支援（KOREA WAVE） - Yahoo!ニュース,https://news.google.com/rss/articles/CBMif0FVX3lxTE9OX04xUHZLV1duX2R1YkQ5WGdVZzZtS1YwNGxqdnNkOTJJUzVoZUJiWGxydmtiRkNrVXo5VUNVbXo1Sm5iaHJTeURTWTJiNm9ibzBjNnREUnZzTVVyNVhVYmxGU3ZlcHprSTNYY0xqeTZKVVFKNlFRVTRaRmkzbnM?oc=5,,,
2026-07-25,半導体 関連株,日本経済新聞,「半導体の反対側」で復活ののろし エンタメ・ゲーム株の逆襲 - 日本経済新聞,https://news.google.com/rss/articles/CBMiowFBVV95cUxPb0tHMXZ0Q3dta29LdTlIajR6NktCRjctc3d6QUtTVmdDVVI0QnFBNjZmcHZpTXZhZFZGU3BfN0FIWkZMc1BtaUNWbmpTZUMxdUV4VllGNF9WNXAxQUNocWhnelRsZ3Nub1d0aU1QUU5lYlZKTnYxSlJUeE9fYXYyMVJ2c0JZWV8tZjltNVJaUm9ULTJZVy14Qi1RR0NFUzRTUGMw?oc=5,,,
2026-07-25,半導体 関連株,四季報オンライン,23日の日本株は上昇､AI･半導体関連の一角や銀行に買い - 四季報オンライン,https://news.google.com/rss/articles/CBMiV0FVX3lxTE1KSHFyUjJDNmc0dnhSWDNwWVJSRXNJRWRxN1ZObHVGWWMzTFlZcFdMU0pqRlFsQlg1dUNES1J6NzdIZWZ5US1RSnY5dFJhdFVHb1g3aEFuQQ?oc=5,,,
2026-07-25,半導体 関連株,トレーダーズ・ウェブ,〔Market Flash〕AI半導体関連は押し目買いの好機か～ＳＭＢＣ日興 | 個別記事 | ニュース - トレーダーズ・ウェブ,https://news.google.com/rss/articles/CBMiXEFVX3lxTE12Q0NSbHBERFk0YzNtcDAzY09XNkt5a3VIRHpUM2JmUzN1dnp3VU9hNi0wRmxkak5jMU41TXlqSWNRWjB3R3BMSUpqRDZ2Smwteno4VTVUWmphdUpk?oc=5,,,
2026-07-25,半導体 関連株,Yahoo!ファイナンス,半導体株の急落が需給調整サインに【今日の市場はどう動いた？】 - Yahoo!ファイナンス,https://news.google.com/rss/articles/CBMiZEFVX3lxTE84bXo3QUVJVzNtTm5vVWhuYmJmVmhhaGJ2VUJ1V1hIeDM2bV94UEtyaGd5bXl1UVYtVUhjWVV4Snh2YzYtb2JmQm5wSXZJMlZxRXBYcVJkVkdYNnBTcHlmSnBtXzQ?oc=5,,,
2026-07-25,半導体 関連株,Yahoo!ニュース,日経平均株価 一時1800円以上の下落 AI・半導体関連株中心に売り広がる（テレビ朝日系（ANN）） - Yahoo!ニュース,https://news.google.com/rss/articles/CBMif0FVX3lxTE5rQ0xtYlR6MjNQZ2tBVDU2TVVIWDlCZFRtMlpvTTNKNGt6SlVUVldhaG1idU9iUGthVW4yTjBqUEl1MlpWWjZiQTZyRUw2dExDM0NJV0ExMlhLckRGSXNwWXY5eldjX3pTOXY2b2N4MlJsSVdqOGpKSi1ZUnlfWkE?oc=5,,,
2026-07-25,AI 関連 日本株,arabnews.jp,AI関連の支出への懸念から、日本の日経平均株価は2％超安で引け - arabnews.jp,https://news.google.com/rss/articles/CBMiZ0FVX3lxTE5pbkV2eWxNcVAtZ3dDX1NIV1JHVTdtNUtsQ2Z3andQVndpV2FEUmR0dW1KNFlmcnY0dXNsTmthOTVZaktNOTg2YWFYLUxfN05GV09UbUN3TTZRbDRSNWlDRmE5akhNM00?oc=5,,,
2026-07-25,AI 関連 日本株,トウシル,AI時代を支えるインフラ関連の高配当株5選！「新恐怖指数」で読み解く変化の芽 - トウシル,https://news.google.com/rss/articles/CBMiWkFVX3lxTE1uanlFTlh6WW9uTVh5MHd3bjBsZHFSZ2diVlptdEdZTS05VG9SVk9CVnV1Y0JCaTB0Ym5SZWtTaUhrYmxoWlp1Y3F6dnVwYktpVGlUVUtHcmhqUQ?oc=5,,,
2026-07-25,AI 関連 日本株,nomura.co.jp,日本株さらなる上昇の余地はあるのか？ 5つのチェックポイントと年後半以降の見通し 野村證券・池田雄之輔 - nomura.co.jp,https://news.google.com/rss/articles/CBMiX0FVX3lxTFBaM0h6RHBuWjVHR1JrVzRuZWQ2bTZITnpRLVlyTTc1X3I4R0luN0laaWtrY09MczBjZjRqRFgtREM3dmdYVEdZMjVvN2xCOG9vS0xhcEwydFNLQnAzd1hF?oc=5,,,
2026-07-25,新高値 銘柄,Yahoo!ファイナンス,ETF売買動向＝24日前引け、ｉＦ高配４０、ｉＳ米債３月が新高値(株探ニュース) - Yahoo!ファイナンス,https://news.google.com/rss/articles/CBMihwFBVV95cUxQeGRXTThsYkFjYlJuRDRBZ2ZPSGxPNHMtLU94bDlMREhrYnI5MmQ2dHNHM0E4YkNOcndNM2w2eGtiaWlOX1M5ZTJoYUYtenFaNmg0akY5UGVTUnQtX1pOWUFEU3I3MHY2WWtDN1JzamJ0VmNEc1NRV3VJM2VDS0FwZ0NkcXhObkk?oc=5,,,
2026-07-25,好決算 株価,Bloomberg.com,米企業、好決算相次ぐも株価の反応鈍く－高過ぎる期待が重し - Bloomberg.com,https://news.google.com/rss/articles/CBMid0FVX3lxTE5PdEhoVUNMeldrTGczQnlyY1h6Q3BMcVVFUkhVR05BUmN2OGFqR1FoQUx4dElFcnRyRTFWeEJ6Z01HWWdZak1faVBPbGliVkhlcC1DdnFNRWZUdkZFRkN5LW5sdDRob2h5OFNxWEozRXFZYmF6Q193?oc=5,,,
2026-07-25,好決算 株価,TBS NEWS DIG,米企業、好決算相次ぐも株価の反応鈍く－高過ぎる期待が重し - TBS NEWS DIG,https://news.google.com/rss/articles/CBMiZ0FVX3lxTFA5Sjg2NzUtMkZlOVlUVktiQVhMMjE4VkRWQUx2V0Q1UVZrRlVNVG9CX3dBZmp6RG9nQXE1Z0hGREo2WXIxT0E4TUNHSnZWUzJRcXRQN0NwZmFzb2ZvMjkyamM3NVEyQkE?oc=5,,,
2026-07-25,好決算 株価,Yahoo!ニュース,米企業、好決算相次ぐも株価の反応鈍く－高過ぎる期待が重し（Bloomberg） - Yahoo!ニュース,https://news.google.com/rss/articles/CBMif0FVX3lxTE9CSkJvclB0MU1RQTVDR2xoRnJxT3d3U3B3Unl6UXozQlYwRFBXYXcwWmozd2RKd1dzV1p6VDVLa0VCbFVOdnNOQm5DaGhjaVdXNzlJbWZ3VFVrUlZYUkNtdFVQbGNkNURvS1dZTEFDWUk4MWpNRGZYa0IyZXdheWM?oc=5,,,
2026-07-25,好決算 株価,四季報オンライン,SEHDが大幅反落､好業績･自己株買いも利益確定売り優勢 - 四季報オンライン,https://news.google.com/rss/articles/CBMiV0FVX3lxTFAzN0cySWo3dGQzd2F3V1VtbHE0OWU3bE02MW14Qzd4MjhGdk1uR0pveXdBTkdLYng4OXZnLWVHb1BlWEFReUR6RzhyN1BQeXJ2Wi1yVVdJOA?oc=5,,,
2026-07-25,好決算 株価,Investing.com - FX | 株式市場 | ファイナンス | 金融ニュース,RBCキャピタル、好決算を受けブラックストーン株の目標株価を引き上げ 執筆 - Investing.com - FX | 株式市場 | ファイナンス | 金融ニュース,https://news.google.com/rss/articles/CBMidEFVX3lxTFBoMk5NcDZlQWtsUEJJS1ljUXNtVjRzZkJDQlp1N1cxYlVsb2drQXZ3ZnhMdXNuZFM1MThjb200ZkVnWDBrZENDdDhKemJzcElDVE1lbXExUWdzU0V0bmxxY1NSX283b1U2RERtRURmTnBmaHZ0?oc=5,,,
2026-07-26,日本株 注目 銘柄,ダイヤモンド・オンライン,【日本株】利益も配当も成長する｢未来の増配期待株｣の2銘柄を紹介！ 利益の7割を海外で稼ぐ損保最大手の｢東京海上HD｣、シャッター首位の｢三和HD｣に注目！ - ダイヤモンド・オンライン,https://news.google.com/rss/articles/CBMiU0FVX3lxTE9BNHNkTWZJa0lrc201VGloYXNmajctRUtKWDUtQS1aNkJhZ2dNeV81NUxRc2wyNWh3bjk1djBsUDZzcHJoVVdDQXlLaDRWOF91b1Y0?oc=5,,,
2026-07-26,日本株 注目 銘柄,Yahoo!ニュース,【日本株】利益も配当も成長する｢未来の増配期待株｣の2銘柄を紹介！ 利益の7割を海外で稼ぐ損保最大手の｢東京海上HD｣、シャッター首位の｢三和HD｣に注目！（ダイヤモンド・ザイ） - Yahoo!ニュース,https://news.google.com/rss/articles/CBMif0FVX3lxTE12N3RLSFpJUkpWZVJZRUpNNTNqM2U4YmNha0pNVnZOTldxMVM1M3ZncUpSR2lTMWNuVV84aU9KWV9BeHNxdzNjTkV2X0tpZ1JOZ08xd3QxUndIZlVVZXpfWGs5OWxMMlk4b0hhN3NhTXdWSTZJazhqQzhFYVBkTlk?oc=5,,,
2026-07-26,日本株 注目 銘柄,四季報オンライン,長期株式投資氏が注目！最高益予想でも割安感強い飲料株 - 四季報オンライン,https://news.google.com/rss/articles/CBMiV0FVX3lxTE1Uc3FsQjc4ZlhCZVBwM2JzcE5CYVNrZG1LeWtaaFpucU8tUEhDdXVSdlhGTXZkN1ZDZUdQOW8zaUhYWGtHVlp0Zno3VGI1ZWdXVXVkOC1SSQ?oc=5,,,
2026-07-26,決算 上方修正,Yahoo!ファイナンス,今週の上期【業績上方修正】銘柄一覧 (7/21～7/24 発表分)(株探ニュース) - Yahoo!ファイナンス,https://news.google.com/rss/articles/CBMihwFBVV95cUxNSUYyLVBKUE1weVVmTnRodE1FS2JabjNVN1FZNi15VXN2QXd3SmR6NXRISl92MjZrUEhzNGJtMjRNdHhndW1UZlVfVzdueENzSHRoU1huM0ZxT2JENGpoYVhfbnYtLTlWdVJxd0VGQkpMVmw0Q1N2Wi03VVRQZHNydk4yMFZ5S00?oc=5,,,
2026-07-26,決算 上方修正,Moomoo,ウォール街本日：インテルが決算上方修正にもかかわらず急落、ナスダック総合指数は下落、ハイテク株の売りを誘発 - Moomoo,https://news.google.com/rss/articles/CBMipAFBVV95cUxQYUQ2QjFRNlZpd1B1MDlUNDZMY0tJdWV5ekJmVVhkQ2RxQ2J1bkF3TnFqMGNFUnMxbXJIVG9CQ2ZCaHQtTzZJYlVPZ1Y2SWd2VXlMbjIyTnBlTk9PaWpoSVMzQ1lpdGJhZzdOanA4WFhZNXJYdU5MMmdvR0FZczdfdW5wSXFsT2lZX3JZN0lrTlRWeGJQNkRyRnRqemFWYWtRVXdRWQ?oc=5,,,
2026-07-26,決算 上方修正,Yahoo!ファイナンス,今週の通期【業績上方修正】銘柄一覧 (7/21～7/24 発表分)(株探ニュース) - Yahoo!ファイナンス,https://news.google.com/rss/articles/CBMihwFBVV95cUxQSlZBajZkcDRScFR1aWhCSk9MNWlybmVqUU5VZ3l3bG9VRXFmd2hvdDFtNUw0eUI5RG9EbVltTDFtaGE2dTNVbEZid2R6ZjlvRGQ2blBWQkh3UFV6X2pSUmlmWmlJWGVTSHVUSGhOSkJCSEZSRDhrOVN1akxrbzFaQ3RrRjdmRTg?oc=5,,,
2026-07-26,半導体 関連株,日本経済新聞,「半導体の反対側」で復活ののろし エンタメ・ゲーム株の逆襲 - 日本経済新聞,https://news.google.com/rss/articles/CBMifkFVX3lxTE1TbFpEVlFCa0NJanZZZmVrVVEwOHB3dEVsQTVUVWRJdktSay1mQUI0WlBpdzJXZTNnTmN1SzN1VlhRWFd3VEdaT2FtTFFXMm5VY2t1eW5zUlp5YWotY2Z5eXBiVDZDbnJyRVRrUUU0YkJmY0RGTERyNktHVjFVdw?oc=5,,,
2026-07-26,半導体 関連株,マネクリ,"（まとめ）米国市場の半導体関連銘柄の上昇の流れを引き継ぎ、日経平均は307円高の66,422円で反発 - マネクリ",https://news.google.com/rss/articles/CBMiVEFVX3lxTE1FNHBXY0Vrai1tUmZxMm5Mb0QwMUdlYjU3TE55QU1adEJYVFRUQU9XaEllNEg0OXhVWUxnYkpjdzdla2hJbjhBc3JCcDBjNlNkekZkMtIBV0FVX3lxTE5QU1pQZU1EWU5sMGVMelVpUW5pZTZHNTZMdmxZSzJETmUtUnZFaV8teW5GVEdEYlpnVnBHaFVxNmpRYkN1Qk45OVRUTXgtc3Vqa2pMVGFFQQ?oc=5,,,
2026-07-26,半導体 関連株,Yahoo!ニュース,韓国KOSPIが一時6%安、4日ぶりに反落－半導体株売りが重し（Bloomberg） - Yahoo!ニュース,https://news.google.com/rss/articles/CBMif0FVX3lxTE9mYUV1OWVINTNObWk0SGZZSGlYM2ZjYkxuMVRSSURoUzZqT09oLWU1SV9PQm9VLTc5bktVSy01SExWZG1WQzl0ZGFPbkMtVmF6WlQ4OG9CQ1pvcDN0UUZycS1lRWR0MVdtd0hTYTNTZkYxYXQyMXFVSTZEOEVDdjQ?oc=5,,,
2026-07-26,増配 自社株買い,BigGo ファイナンス,バンク・オブ・アメリカ、配当を14%増の0.32ドルに引き上げ──ただし主役は400億ドルの自社株買い - BigGo ファイナンス,https://news.google.com/rss/articles/CBMidEFVX3lxTE9HTzRFN0pUeEtMTjNNNDRNNDlkTEs2Xy1TUkEwZlhFYkJhSVU0T215NXZZUmUxT1djMmdwZWU0RWJKXzBXNFhlMjk3SzllZzBRZ2haSTJrbDQ1R1h6TDdNZXMzT3RmNTlpemM0MW1xNTc3VXJ6?oc=5,,,
2026-07-26,好決算 株価,TBS NEWS DIG,米企業、好決算相次ぐも株価の反応鈍く－高過ぎる期待が重し フォトギャラリー | TBS CROSS DIG with Bloomberg - TBS NEWS DIG,https://news.google.com/rss/articles/CBMifEFVX3lxTE1BUHhoV182V2hGY1ZhejFsVHo4VUpSc0Z0MW5KbmtZai1IdnNhdU4zYzdkUlZ4U3Z5RUdhLUs1Q1ZxUWtybnhiMFBnaHdvRUtBbTJrSnVfNUFhMndMd3BjaGpnd3RvbksxMF9BV2RfOUJDTzlUeGF1OFo4X3Y?oc=5,,,
2026-07-26,好決算 株価,BigGo ファイナンス,インテル、好決算も株価8%急落——ウォール街が問う「ファウンドリー大口顧客はどこに？」 - BigGo ファイナンス,https://news.google.com/rss/articles/CBMidEFVX3lxTE9TSk1SY0NnOW1WVG00TUR5VEJYZTNRalJJbzNqZ0NXTDRXTW1EQTc4azMtb3lOSkd5Ql9ONmc1WDcwcHhHNVNBSzVfaHB2MnRHQUI2VVRMNHZvVnF6dDVVSUJic01Qd00wSTZ1UDM5SUJWOGRW?oc=5,,,
2026-07-26,好決算 株価,株探,モービルアイ、決算受け大幅安 好決算もＣＥＯ退任を嫌気＝米国株個別 - 株探,https://news.google.com/rss/articles/CBMiYEFVX3lxTE5rRFBVcnZFQ1NTaHVYV0NJa3hpaEhzZG9LSjZXTnFaZG5NMzUwbnZKYjVJLWdIcHAyRlNDRUlYTDQtbjJmTDNhZS1ycDZKMTZDakRRc1VJTkUtb0dtZU9yMQ?oc=5,,,
2026-07-27,日本株 注目 銘柄,Yahoo!ファイナンス,長期保有におすすめの優良高配当株 - Yahoo!ファイナンス,https://news.google.com/rss/articles/CBMiaEFVX3lxTE54OUJfdVVwQWtuc2YzMWVyRXFpSWFOLXNWZ1RvR3NIaE92SUE0REl4VEFGSGdSSXF4RHd0Z0hWLTNCcl9vVFlpcllYUWNzemkyVTV0TzNsWkVkMURGSjQ5TXZiTGpQR1lv?oc=5,,,
2026-07-27,日本株 注目 銘柄,ダイヤモンド・オンライン,【日本株】今期･来期で｢利益＆配当が伸びる高配当株｣の2銘柄！ ともに利回り5％前後で、当期利益予想が前期比10倍の｢グンゼ｣、前期比3倍の｢ダイセル｣に注目 - ダイヤモンド・オンライン,https://news.google.com/rss/articles/CBMiU0FVX3lxTE0yT0dtUnIzQ3QySExnYTFCdE9ldG83N1FLOWI4TlFkNmIwVmJDX2QtczVkR0JWU0U2S1U0SlluU2NoVTZwYzRxQjJkbEp5Y2xHU3Nr?oc=5,,,
2026-07-27,半導体 関連株,Yahoo!ニュース,AI半導体株の命運握る「長期契約（LTA）」 真価が問われる2027年（金賢） - エキスパート - Yahoo!ニュース,https://news.google.com/rss/articles/CBMiiAFBVV95cUxPR200N1JLVEhFakw5U3RzR3Y0U0NLb3UtRU1aNm0tZk4xRjZSM212bGhpaXJoWGxrZ2ZEWUdTbUU5OGdHaFhLRGdqcF83WU1BSUdhMzRPZDVrMHRfS3dSbUloMVphWmprV1d0MV9rUVdQcGNydkF4OUxxazNMQnRaYUlVLWRtWmpm?oc=5,,,
2026-07-27,半導体 関連株,Yahoo!ニュース,日経平均の終値 きのうより1811円安い6万4611円 一時2000円超下落 AI・半導体関連株中心に売り広がる - Yahoo!ニュース,https://news.google.com/rss/articles/CBMif0FVX3lxTFBFWDZMVjA5VFZ5UWVnaG9FSFdTemIxVmhjb0d3el9mUURCN0hMaUZGcklhZ1hYM2hNUWxDWnZocVhQVktYeENrdnRNZVM1WGExZkJzV2dnb0VEUnlVOVIteEhMSFdRLWhEUnJpVFV3TGZmZlBVQXlIN0I0LXJkOVk?oc=5,,,
2026-07-27,AI 関連 日本株,nomura.co.jp,AI一極集中に隠れた相場のドライバーとは？ 上昇余地を秘めた「出遅れ株」の探し方 野村證券・西岡伸 | NOMURA ウェルスタイル – 野村の投資＆マネーライフ - nomura.co.jp,https://news.google.com/rss/articles/CBMiX0FVX3lxTE5hVlhLaWxVMjBfeGdDTTgyYnlHMWhkTG5WLUt6MFFBTUpCWkpnUUNUQkQ0d1c2X2YyLWlQdFp0WjlDQ3k0NGVhT2NFU1BMZ0g0SHRERmtjNnN3Q0FlNWxB?oc=5,,,
2026-07-27,増配 自社株買い,Yahoo!ファイナンス,川崎汽船(株)【9107】：掲示板 - Yahoo!ファイナンス,https://news.google.com/rss/articles/CBMiWkFVX3lxTE1jc2NzZjBYSnR5ZG9WMXdORl81ZkFkZ1FfTEhVRWFwbV9FZ1FGRW9rdDFaVFNraVM2VHZtcGhDTHl6TEdEREl3TjhHTXUtMTltTUp2S0t6ZnRjQQ?oc=5,,,
2026-07-27,好決算 株価,Yahoo!ニュース,サイゼリヤ、6年ぶり「価格改定」検討で株価急伸、純利益12%増の好決算も追い風に（ハフポスト日本版） - Yahoo!ニュース,https://news.google.com/rss/articles/CBMif0FVX3lxTE9hRVdNQjl6UWwzNEp4enE2QnBSWE1qRFBwemVINDdSYTBmdDhnZW12X2hPRHUtbGNNZ2YxeUExZDRkLTRjM2ZWLWh1eFZ4Vy10Q3lRVktNS2p6TFlrVUtlYTlmelZKUjVrV2Z5cUZNVFZaWUdULW1LUTFHd1F6Sjg?oc=5,,,
2026-07-27,好決算 株価,バロンズ・ダイジェスト,決算シーズン到来。好決算だけで株価上昇には十分と言えるか - バロンズ・ダイジェスト,https://news.google.com/rss/articles/CBMiTkFVX3lxTE0wbENqM1RHNGlDdDhwckY5NnM3WHRrVDNPLS1UX29kRURPYmZzUGNaMHZOWERWbTRlVHlfd0JJb21rV0NUSXZheHFfcFBFZw?oc=5,,,
2026-07-27,好決算 株価,Yahoo!ファイナンス,本日注目すべき【好決算】銘柄 川崎汽、ブルドック、Ｔホライゾン (24日引け後 発表分)(株探ニュース) - Yahoo!ファイナンス,https://news.google.com/rss/articles/CBMihwFBVV95cUxOb3dDNWdhOHVvV1hCbjJiNWVORkhMb3dXTExycG10Qy1rc2hEM1hBLWJGUldDbHFVdS1FdHhSNzE4U3JXSFFjZHU2c3V0WV9lNHppYlNqeENuSlBOZ3VNdC1kMzZIdlRCajV4dWFnS19nMHB3cHYyRFl3cmxVZGtoTmczenhPZ2M?oc=5,,,
2026-07-28,日本株 注目 銘柄,Yahoo!ニュース,【日本株】“TOPIX除外”回避に向けて増配が期待できる10銘柄！ 配当利回り5％超ながら、さらなる株主還元に前向きな｢青山商事｣や｢リケンNPR｣などに注目！（ダイヤモンド・ザイ） - Yahoo!ニュース,https://news.google.com/rss/articles/CBMif0FVX3lxTE9PVWpkRkFwelQ5N2JSTFR5M3FPM1RjX3JXZUZoTEgtcGJ3RC0wajNwWERkOFc5QXJEVHYwY3ZQYWxFY3JadHNXLVFaajhBcnQtYkFyRThocXVSM2tOaWR6UXRyNmRfaHJES3JxMnMwa3dVV05FeEpBbVdUTUFYQ0k?oc=5,,,
2026-07-28,日本株 注目 銘柄,下野新聞社,「キオクシア」「スペースX」など注目5銘柄の取扱いを開始しました - 下野新聞社,https://news.google.com/rss/articles/CBMiW0FVX3lxTE9lbGxOUmdIU1Q0akJsUWZUdXRFUjV1bXdMRmFCSUdUY3NYQjVfVVNQRzZRam1KNmUyQ19ITkhpWkxmRFdJb2lVVF85dHVxZDM3SEswcVR4dGNfY00?oc=5,,,
2026-07-28,日本株 注目 銘柄,マネーポストWEB,【注目トピックス 日本株】前日に動いた銘柄 part1 RS Technologies、富士フイルム、セイコーエプソンなど - マネーポストWEB,https://news.google.com/rss/articles/CBMiR0FVX3lxTE9ldHAzNUdYY2dwT2dGMl9MMWhrYmFuU3piOVhvNHJjUTN0Y0VzVlpheERMNGdNcGlOTk5jS3ZvQmNNem5zeVpv?oc=5,,,
2026-07-28,日本株 注目 銘柄,ダイヤモンド・オンライン,【日本株】“TOPIX除外”回避に向けて増配が期待できる10銘柄！ 配当利回り5％超ながら、さらなる株主還元に前向きな｢青山商事｣や｢リケンNPR｣などに注目！ - ダイヤモンド・オンライン,https://news.google.com/rss/articles/CBMiU0FVX3lxTFBIZnJkcm9yUzJ3Z1R3SHpQMUw3VkE0a0N4SmktNC1kbzJRTFAyRlVGU2lJU2NTLWkwNk55WWFpeWIzaTJnZENCR3VOUkhFaFJlOU5F?oc=5,,,
2026-07-28,決算 上方修正,株探,キヤノン、今期税引き前を2％上方修正 - 株探,https://news.google.com/rss/articles/CBMiUkFVX3lxTE9LVW5fek9Qa0JjRTNNNmt3TXJaRzlRbzVGXzZUaTR0ZnozTGlJbF9fVTMzeVFTYnNFNVZwazdoUHcwcUYwaFMwVUFiV25TU2dxV1E?oc=5,,,
2026-07-28,決算 上方修正,Yahoo!ファイナンス,〔決算〕キヤノン、通期利益予想を上方修正＝円安が追い風、米関税還付も(時事通信) - Yahoo!ファイナンス,https://news.google.com/rss/articles/CBMihwFBVV95cUxQVVJIeXRNd0gzaXlVZmFSOUROdlVBYlpieDJNdmRaN1FlV2E3Yk1QY0Z3M0U0U3JuRFBzaWc2NTBhTmVTYlNDcENZek9DOFNGQ3lYUk4zN2k1VW9JUXB4STlCUHVnQzdCYnhERW8tQkMwRno4OFhhSUs4OHRHZUxzcmkwRjZEX2M?oc=5,,,
2026-07-28,決算 上方修正,BigGo ファイナンス,パランティア、第2四半期決算で「堅調な上振れと上方修正」へ——オッペンハイマーが85%の増収を予測 - BigGo ファイナンス,https://news.google.com/rss/articles/CBMidEFVX3lxTFBRMzJ6c0VFLW8wRGIzQmsyM0NqbzV4YVl3MlRyTHp2cEY5N2dxMjF6YUsxS1NKQTJuUVppUHdMbnZaZGc1a2VpYXBmd0F2Z2kySkJjM1JtSjJtMjRCR0YxaUdBUnIxUDVPSkpvNm5lZEVDX0hV?oc=5,,,
2026-07-28,決算 上方修正,Межа. Новини України.,F5が通期収益見通しを上方修正、決算は予想上回り株価が上昇 - Межа. Новини України.,https://news.google.com/rss/articles/CBMiY0FVX3lxTE1uWk9wNWlvZGkwUTVFcEhlVVhQYmxLNGwzTmtCWjZmOHJTZVl4b3lLZzFwYXF4a2VlUGVQSElqejBJZGdNeFNPUzI2cjlwcVc5Y2pNSGU5c0xOUXJYdnpoZHFZMA?oc=5,,,
2026-07-28,決算 上方修正,四季報オンライン,川崎汽船が5日続伸､27年3月期業績予想を上方修正 - 四季報オンライン,https://news.google.com/rss/articles/CBMiV0FVX3lxTE5PLXdIZW01M1JJVThuckk0VEZoQXREWlV4STZvU005QkNJb3IyZ3F2QjJyUUVJLThaaU5MTTctV0d2eG0xaGtYVk5QX3JmODVWQzM5QVdaSQ?oc=5,,,
2026-07-28,決算 上方修正,Yahoo!ファイナンス,【決算速報】神奈交、上期経常を36％上方修正(株探ニュース) - Yahoo!ファイナンス,https://news.google.com/rss/articles/CBMihwFBVV95cUxNcEVFcE1ROEc2bXhWUHkyVDBQQS1Tc3JWWjJWSVdRYzZNbGtsSVZwWjNTV204SU9CaEczNXBfZXc3a0sxNzlpMGJaVWd6RG9RdTUtcXI3bEpvc3FfaHdKX2hJSGgzWkwxNWpuOVFuX1VESDRIeVZHb3pCcGV2eUVkc3JrNEtXVDQ?oc=5,,,
2026-07-28,決算 上方修正,BigGo ファイナンス,SLB、データセンター収入80％急増で見通し上方修正、アナリストが目標株価引き上げ - BigGo ファイナンス,https://news.google.com/rss/articles/CBMidEFVX3lxTE0xbVVveEhtTER2YXkxVUcyYUdxMnF2bGZwV2hsN1p0VUNoZ21vM2VGaC0ybXpXcXpPRU5OYXNGVXRJdmtJR1ZoOTNFaW1NU2xmZG5FdjRMZDM2cGdDemlseGxiVGVqLXR5V29jQWNDeTU1a1dr?oc=5,,,
2026-07-28,決算 上方修正,Yahoo!ファイナンス,【決算速報】フジオーゼ、上期経常を12％上方修正(株探ニュース) - Yahoo!ファイナンス,https://news.google.com/rss/articles/CBMihwFBVV95cUxNdEhtMF85QmlVTDNBaWJVTTRQSnhnbDMyV1h6WGRuVDREa1pFRWZBTWZkQU5GSmJJdGJveTNWOXg2RUloNVZPdkZaay1lQkJUQjBqSk5WUWdoV3BYODB1cmNfTlhfV0d4blM4ZGpYLUthNjRvRzk0RzZycHdsc2dWSklYbm52Qjg?oc=5,,,
2026-07-28,半導体 関連株,Yahoo!ファイナンス,半導体は決算前で調整、関連株に警戒感【今日の市場はどう動いた？】 - Yahoo!ファイナンス,https://news.google.com/rss/articles/CBMiZEFVX3lxTE1oMjBraVFLZ3ZFWU5QeFpENE9kczVFTkpfdktpYWhnbFdIcjJLR0dadlVhMjUweURzcVFtUGIxQklnVTR4SlUzVzZFY0VYNC1lQjNRMmo2a2p5bXJQZEVHMGZHSXc?oc=5,,,
2026-07-28,半導体 関連株,マネクリ,（朝）米国市場は高安まちまちの展開　原油安による買いと半導体関連銘柄の売りが交錯する展開 - マネクリ,https://news.google.com/rss/articles/CBMiVEFVX3lxTE1KRlliRkNLWDFtM0Z6eDVTWFp6T2g0RVVlQ2tKQzBRaFl1Uy1hWFptWVNnZTVlUWRsS3ctOHpmRnNfdGh2SjdFRkJSTlExWkJkN19nTdIBV0FVX3lxTE9UZkJLS2hoWnk1Wm9WSXVQN0JWbkpRa1l6SzdfYXlwN04tZkRJZzJudjZHV0ZQZ1JLOEMzLS1TelNSOG4tY2tSSng5dmQxZlZ0OWVCOVBTQQ?oc=5,,,
2026-07-28,半導体 関連株,株探,前場に注目すべき3つのポイント～半導体やAI関連株にらみのなかで自律反発狙い～ - 株探,https://news.google.com/rss/articles/CBMiYEFVX3lxTE9ON1JBaEdoWWkwLWJfTjVmN0NlREpwZkY5RUVRaXNXWWg2bHh0aEhFbEVLU3Q5ZVBhNElhYnozNjZta1BjZjB0ZmMwUG54WjA2OUVKWUJ0M0llcVNtOW4zdA?oc=5,,,
2026-07-28,半導体 関連株,Yahoo!ファイナンス,日経平均は反発、半導体関連株の下落が重し／相場概況(フィスコ) - Yahoo!ファイナンス,https://news.google.com/rss/articles/CBMihwFBVV95cUxOc0x0VVdKLVczUGdEaTZURmNQR2RRcVZuVDVVZTN0U1ZFcW9PMnBqbTZoZkVsX1Q4N3lCaEJJcEZCTXU0dmVYRVMxMkwxbUFMSmxqOVh6RVQyRUc1QXg3cnkta0NmUVl3aXg4NWR3bTROLUY4Z1VabEIwZWphZW91U0pfbVg4bEk?oc=5,,,
2026-07-28,半導体 関連株,ｄメニューニュース,半導体やAI関連株にらみのなかで自律反発狙い - ｄメニューニュース,https://news.google.com/rss/articles/CBMihwFBVV95cUxPU2xfQnpMdFoxOVprN0pqbFRZbG9uSTczQlhkSDV1NEpzNEk3ZG1wV1JoLUxGaElXTzhkRUNBNDZSamJPNkxuMU9FVEZqTmU2R3ZqUjMxakswb2xqa3ktQUVVTVlKSGFraFZ2VVduZi1Ma2VzQ1lBWnVCUmhWMDlhWDFCYjN6WUXSAYwBQVVfeXFMTjNPdEFKMmxzTkdNTVRlRGs4N2tEUmk1NWpiUGQtcFRqZXAzRVhnNnNlci1jMGl2b213Q1dEUERvY3BqSC02Y3dxeW1ZUzFwTTZnaUVKU0hVbF9meV9qV2dqcTRjNzVsSnlNNjAxbno0N3pLVnk2S2JEdFZzbEJZMXBFZWdpWm5DSmpvNUs?oc=5,,,
2026-07-28,AI 関連 日本株,トウシル,決算ウイークは「AI株急落」に警戒？…いまの株式市場では「好材料」が「下落要因」となるかもしれない - トウシル,https://news.google.com/rss/articles/CBMiWkFVX3lxTE9ZcHlsejQ3c1EwLXcwbl9IZG5qX0I2WWVEVDFiQmVOTnBpZ3RXT2E2MVlZZC1tbTRZT1hySHpIeHZ6YXV6QWRpY1hWU2cyeEM0QWwzdndna202dw?oc=5,,,
2026-07-28,AI 関連 日本株,Yahoo!ファイナンス,今日の株式見通し－軟調か 米国ではAI関連への売りが続く(トレーダーズ・ウェブ) - Yahoo!ファイナンス,https://news.google.com/rss/articles/CBMihwFBVV95cUxNT3FvbEloVmxmWkhEbkJfSFFKY29QX1h3Ym5TX1R5eHJCcVA3V2xNQmkyaDNXVmNCaGhFYjhCQ0lGaWZITVpXRGxTSGZ3SUpEOXNBcG5hNTBPTmdSZ2N5ay1sOWdTeFE4dHc4Rk9rNGwyU252T1k5VVhwOTNHLUkyeURtTkpFbUk?oc=5,,,
2026-07-28,新高値 銘柄,Yahoo!ファイナンス,ETF売買動向＝27日前引け、ＮＴ中小型、ＧＸ日経株主が新高値(株探ニュース) - Yahoo!ファイナンス,https://news.google.com/rss/articles/CBMihwFBVV95cUxQbXo4cDJKS2JhelNNbFN6cTRJNVhFRExHeUVoVjZFd1R5eUdwRVdVR3RXQUxnWDZZZHhCbmNqUXJMRElUTWpfWjFEZUg2UlA1ZW9ZNGpNbmdRZGZYdzNLTExBTXAyLUJMYS1aUUNjRldwaGtGdV9Qal9kRDBJOUc2c1RiUEUydm8?oc=5,,,
2026-07-28,好決算 株価,Yahoo!ファイナンス,本日注目すべき【好決算】銘柄 円谷フィＨＤ、コーテクＨＤ、フジオーゼ (27日引け後 発表分)(株探ニュース) - Yahoo!ファイナンス,https://news.google.com/rss/articles/CBMihwFBVV95cUxQOGZWRzRvRk16WVVodUVGeGVwVzREcUNiNHdFdmZndi15UHFiNlNsNTFaMG5VcUhja3NHWWZFbkpNOUlfb19uUWZsd2U1d2Y0dmphODMtSmFVNVFDakxiWDZMQnVjM1VqOFBvVnM3bkJOMnlNbTRRNVMzTnlLWEg3XzdGcjdxeDA?oc=5,,,
2026-07-28,好決算 株価,Investing.com - FX | 株式市場 | ファイナンス | 金融ニュース,ウェルタワー株が時間外取引で急騰、好決算と目標株価引き上げが追い風 執筆 - Investing.com - FX | 株式市場 | ファイナンス | 金融ニュース,https://news.google.com/rss/articles/CBMid0FVX3lxTE9qQjJ1ZWdNdFpYdEJjQzVnbFZGcjg0MDBRMmRoTVhNQndCTlBaVmRyNXlHUGJST0QwN3hNS0JsUnhFSGloNmFlcHRwQzBpcDA2UUdGN2kydGZEbWxmZEYwLW1pVEZRVjB5ZlRYZ0hFcHFaaUZxUmFr?oc=5,,,
2026-07-28,好決算 株価,Bloomberg,CATL株が急伸、自社株買い計画と上期の好決算を好感 - Bloomberg,https://news.google.com/rss/articles/CBMijgFBVV95cUxQNnE3YWVLYV9ReklzZmhBd05BcDIwTHZ0REkzZ21BdXhDdnZYWXZqNExKT0psQ0M5OG85c09reW5rVHZRXzJOQlZ2MTBOQlE0ekZFZG83VUJuS3ZNRS1GazhibG1Yay1XdnJhVFB3b09xdG9QaGU1eFFrVUNwWXdEekhIN1BULXZtYWNaZUxB?oc=5,,,
2026-07-28,好決算 株価,四季報オンライン,株価続落でも四季報は増額､1Q決算で見直し期待の厳選6社 - 四季報オンライン,https://news.google.com/rss/articles/CBMiV0FVX3lxTFB6Yi1xUGs2ZkduUlRUUVpjbHBlUUpvby0tT1U5dUo5aks2Q0dlNUp4ZUF2cU12azVSam90QWFWcDc5dENKRm5fWk8zZElnbGJ6WHhQSE92dw?oc=5,,,
2026-07-28,好決算 株価,kabushiki.jp,コスモバイオが反発、好業績と株売却益を材料視 速報 - kabushiki.jp,https://news.google.com/rss/articles/CBMiR0FVX3lxTFB0dWFDVnBmcl9iY3h3dWVhaE05OEJMcG5yQUNMRkRaM3cxOFZkVzBwN2JsT19xSHoxaEtTS1Q5Wk4xMXlYX1Bj?oc=5,,,
2026-07-29,日本株 注目 銘柄,Yahoo!ファイナンス,テクニカルで選ぶ注目銘柄：いすゞ＝ストキャスティクスが好転する中、２５日・５日の両移動平均線を上回る - Yahoo!ファイナンス,https://news.google.com/rss/articles/CBMihwFBVV95cUxOeUFWRDJoR3NNenFwRThWVmxNNjNpTXhzT2t5aEpHcmN1MWdOQmZvLUw0U3VMYkV5Z1hJSDNsQ3VvZV9KcVRnWGVZa0RrZFFfS3BibUhHa2Y3Wkc3dEQybFU2dVpGSXFkQlJCQjE5bXNqT05jbjlIOG1LbTFyM1AxdlFuNnpvdEU?oc=5,,,
2026-07-29,日本株 注目 銘柄,みんかぶ,円谷フィHD、IIJ◆今日のフィスコ注目銘柄◆ 投稿日時： 2026/07/28 09:26[フィスコ] - みんかぶ,https://news.google.com/rss/articles/CBMiRkFVX3lxTE1jRXVMb1BNUlV6dWtaWUpURlB5U29sdkVGSktBaGV0TE5ENmlwXzlzSVB4YUxPOW5JU3NnbTI5emdaRzgyNXc?oc=5,,,
2026-07-29,日本株 注目 銘柄,ダイヤモンド・オンライン,成長株「大化け候補」ランキング【5年後に伸びる150銘柄】23位楽天銀行、21位村田製作所、10位イビデン、1位は？ - ダイヤモンド・オンライン,https://news.google.com/rss/articles/CBMiTEFVX3lxTE9tMnRjVVNJZk9HU3o1eE9HZWpZNkJaa3Fzby1YOVB3UE9qNHNVU0dxeXFma3JFUndvSjJnVUVfUmJQdGpVZC1xcGZKQXTSAU9BVV95cUxNZFpLZ3JKejhUWlMwanFpS2d4NUlqVGFVckxnbFMtenhEdG1tbmVCQ0QxY1pVc0xsOWxPX191dlFydzNaMHFGalhDMmJmVnE4?oc=5,,,
2026-07-29,決算 上方修正,株探,シマノ、今期経常を5％上方修正 - 株探,https://news.google.com/rss/articles/CBMiUkFVX3lxTFBZamR1RmN1ajY0OVFQR2EtQmVFV0tkLXBtQVNGYTIxY3I2MnZidGhYZHoycFhQOFA2ZTA4UWdOT2VwcGhsT2ZpbWh4cDJBcFdDQnc?oc=5,,,
2026-07-29,決算 上方修正,Yahoo!ファイナンス,ケイデンス・デザイン、決算受け上昇 通期見通しを上方修正＝米国株個別(株探ニュース) - Yahoo!ファイナンス,https://news.google.com/rss/articles/CBMihwFBVV95cUxPWV9KVndKV0NKaHZVd2hHVzdhQWVzTWd4WGlUMUtEdVc1QmNyVTlkc1R6dkJMQTFGLUcxOXVlTDM2emJEYlhKY2JkWFl3dEotYWp3d1BKcUc1ejV6MmRFZGJycUxHVEUwNW1hb2kzeXFORTdNd0J1VXlmc2N6SERXWF9DbTNubGM?oc=5,,,
2026-07-29,決算 上方修正,Answers（アンサーズ）,大塚HD、1～6月期業績予想を上方修正…後発品参入遅れ、主力品好調／武田薬品「エンタイビオ」4週間隔投与の追加を申請、小児適応も など｜製薬業界きょうのニュースまとめ読み（2026年7月28日） - Answers（アンサーズ）,https://news.google.com/rss/articles/CBMiV0FVX3lxTE5VbGtDRGxVUjdtOHB4QUstOF9HbUkxeGdfOUMxTmFnQzhNeFhjM1ZKNHVoVmN6bEhpWHpKYTNLOHZYWmRqWndDeW41UVIxSi0xd0NtbE9Ddw?oc=5,,,
2026-07-29,決算 上方修正,株探,スクリン、今期経常を4％上方修正・最高益予想を上乗せ、配当も8円増額 - 株探,https://news.google.com/rss/articles/CBMiUkFVX3lxTE0wc1ltVmhxVUFHVnVxeElkZkRwa3BHNzJ6MmtGd2FNSDlUQ1F0Q3ViMUh0SjZGanp4UExaVmNEQzVxWkZsQ2N1UC14dkFEQ2llWHc?oc=5,,,
2026-07-29,決算 上方修正,Yahoo!ファイナンス,【決算速報】テセック、今期経常を2.2倍上方修正(株探ニュース) - Yahoo!ファイナンス,https://news.google.com/rss/articles/CBMihwFBVV95cUxPM29EbERJZFNqXzA2OWxEOTE5OEs5ek9xb3RjU1kzc1E1bWxLQ1oycHc1NWVKb1FQZzd2Y2V5cFUtd2lxVHhkUEJBeUpSd0dnQnU0Q0VMVGtXM21FemhoV3I2WHNnZnM1Q2NONEdNNHhNRTIxaDJBRm4zaXBueHpVX3drREZSQ2s?oc=5,,,
2026-07-29,決算 上方修正,株探,ＲＹＯＤＥＮ、今期経常を25％上方修正、配当も20円増額 - 株探,https://news.google.com/rss/articles/CBMiUkFVX3lxTE1TU1cwOEV1Yms4bXpqMnZuWHR5WHY4QXNCeDVpTG1XVmFzdkFDb3dveXdxNnBxS0NPeElpLS0xU1p2OW4xbGgwc3JYRmVXcXlOVHc?oc=5,,,
2026-07-29,決算 上方修正,Yahoo!ファイナンス,【決算速報】阿波銀、上期経常を8％上方修正・最高益予想を上乗せ(株探ニュース) - Yahoo!ファイナンス,https://news.google.com/rss/articles/CBMihwFBVV95cUxPUURJSVEtQUZQTUpxcXlqS3RicEp4WTFDX2pBUkdNRS1uSGxic05CRVluVHBHSHdUa2JPTUFkZWhiNlNyX0FDVjNlNUpfM2RHZDJMbDNaeXNsWWcxSGp2eE1XSFc4SHVkWUJzeTlLaWpjeVZtQm5wdkVBOU55b1M3QzNBTE1iWTA?oc=5,,,
2026-07-29,決算 上方修正,株探,テセック、今期経常を2.2倍上方修正 - 株探,https://news.google.com/rss/articles/CBMiUkFVX3lxTE5wMW5kVXQ1anRya29ZLWQ2TGlqU1hRaDJyQTFJaVV4OHBUeGhJZURZTWdiUlkzV0MwT3NhQ2RjSjlsc0haSThIZ0FCbGRYejlOOVE?oc=5,,,
2026-07-29,半導体 関連株,株探,前場に注目すべき3つのポイント～半導体やAI関連株への売りが警戒されやすい～ - 株探,https://news.google.com/rss/articles/CBMiYEFVX3lxTE1RQXNiSXJHMzhlR0tUZy05UTY4aXFaRGVEckF5aENOOC1vYlJJS1FKQVAtYWdTWUh1RDUzTXAzY1A3V3ZiVzJkNlcxamtsM0tSUGVMMTh1V2pRRzlXTTZXMw?oc=5,,,
2026-07-29,半導体 関連株,トウシル,［動画］半導体関連株、なぜ急落？​シリコン・サイクル、どうなる？ - トウシル,https://news.google.com/rss/articles/CBMiWkFVX3lxTE9ZdUw3Z3owa21PLVFZYWdEWDhRVjFEVlpDWXJadVg4aHlhTnYtdm05TGJLUUZTcXV1dU9zbWtIMlVsOXZtZTU3Y0k5WE5zUk9FWF8yXzVicXEwdw?oc=5,,,
2026-07-29,半導体 関連株,SBI証券,韓国発の半導体株急落が再び波及 - SBI証券,https://news.google.com/rss/articles/CBMidEFVX3lxTFBEQ0tyd05aWDUtdjV0VWpHZTU0M0VaMERIUHhsTVFQNFVFOGk5aU1oT0w1WmRZRkFfSGFMVU1GV1JUeGVSNUhkV0xVdGRXZzZNT2kzQzlIbTNiVEJuOTc3aV9JWHJueXJNX1dKa0U2Q2lMMkx1?oc=5,,,
2026-07-29,半導体 関連株,Yahoo!ファイナンス,〔東京株式〕急反落＝AI・半導体関連株に売り（28日前場）☆差替(時事通信) - Yahoo!ファイナンス,https://news.google.com/rss/articles/CBMihwFBVV95cUxOdFBJTi1taC02YzJiQVdvX0V3ckJnQ05YTzJpbVpXTDkxWEc2UFJSckdwRHpNem1XX0FBazRTZUlkTU1VVTI3RFdRdWRJRk1LSjBzZDdaMU84WmpVYk9MLVRDQ1Y1TUhncVpfaW80dVU2UUU1MlJuODcxT05McHZ2am1nZVhRSjQ?oc=5,,,
2026-07-29,半導体 関連株,マネクリ,キオクシア等半導体関連株の見方は？日経平均反転の条件は？広木が解説！ - マネクリ,https://news.google.com/rss/articles/CBMiVEFVX3lxTE9BdTREUXJheU14dzMwbHNNNWF1VC1OVnB5WDctbTIzTU1rRVJNbkx3QW16SzIxZng1REdXVVBKN2swUzEtVVFGSGtTZFE5NjZ6eGVDMNIBV0FVX3lxTE5nOWlBcW9HVXRFVDRhN2dWaTBIQzVVRFhsUEJMZkZPeHRTLUhSU3o2UTNyQlZDRjNpVzlFaHlJUG5XODdKXzRZT3RNQVQwTUJTc1o2bjF0NA?oc=5,,,
2026-07-29,半導体 関連株,Business Insider Japan,半導体メモリ株は頭打ち、テスラとグーグルは揃って急落。それでもAI関連株は上昇すると言える理由 - Business Insider Japan,https://news.google.com/rss/articles/CBMiwwFBVV95cUxNcG9YN2xhUGo1bkZpOXdPZkprMmtHMWN0dk54UUc3YVdKdVN2UGFIXzBtUzlSZGJma1RUM1dSeTk5RUUwOXJPTmk4RzlkRllsQ1M0MlhFRzF2dzZNc3ZEcDkxUWxLX0lhZFJDTUVkNmo3QUtMNFJiTHA3RzhNVVZzVGJySEkyX2pwbmFJOThwY01zMmtraEhQYzNNLTFBS3ZzbmQ5NXlUNG4tOVJscVM2cTNtLUFFcHpKNWM4TjZlOXcwWEU?oc=5,,,
2026-07-29,半導体 関連株,QUICK Money World,米国株は続伸、原油安が支えも半導体株には売り (朝の材料チェック) - QUICK Money World,https://news.google.com/rss/articles/CBMiVkFVX3lxTE9VeENfUkd4WnMtQXBQMTZRMlVHY1VXNDVPMkd1SkI5SXYyY3ExQ2lKYUlWWk14YkhaTEVaTU1JamU4LVRnTDcxTlUtcjNPM0RoRXBOdmV3?oc=5,,,
2026-07-29,半導体 関連株,日経CNBC online,日米AI・半導体関連株と日経平均の行方 - プロに聞く きょうの注目テーマ - 日経CNBC online,https://news.google.com/rss/articles/CBMiVEFVX3lxTE5pVnNpS3NlWlMxTHd5R3lpanhWWEl2LXhwejJtWlVXRjVBb3cxcW1kUVVKVnl3RW1ETW9UdlJmSzBfVUU4ak5CdkNRcEtteHZSR0YwOQ?oc=5,,,
2026-07-29,AI 関連 日本株,ダイヤモンド・オンライン,株価下落加速装置「デレバレッジ」継続で“AI祭りの後始末”には時間が必要？安易な逆張りを避け、需給の悪さに震える日々と無縁の銘柄を発掘しよう - ダイヤモンド・オンライン,https://news.google.com/rss/articles/CBMiTEFVX3lxTE4tSnhEUGRwVm40NmtxcHlZbEREbXlRVkI1cXVQUDZFc29tQ2dCVmxzXzM1bWJ3RTF3dDZBelBsbmNtTWY0Q1ZwRFVFa0vSAU9BVV95cUxNc2JoY1R3SnBsankyT2dBNUlmUm5ESGQ2MWFWancwcDc0SHhoeWNOR0ttZGhhQ05HMXNIZVhzdVh3Rjh3aFRSY0RYZl9PMG9V?oc=5,,,
2026-07-29,AI 関連 日本株,Yahoo!ニュース,ゴールドマン証、AI株の成長ストーリーは健在－国内決算で反発余地（Bloomberg） - Yahoo!ニュース,https://news.google.com/rss/articles/CBMif0FVX3lxTFBKOVprcmdqZ19obkhKQ0Y3bzVxV3NPSlUwc0V1U0FMX01zOUpLT2hGdV9ieGZKRlJicTlQbmxRZUE4R2c3dEdzTUw3N3YwVmotR3paNVF3R2JPUkxnRFQ3RDl3Q3R6dVZwY1NhNXZkdFgtc1E0bTdHSDRaU05TU1E?oc=5,,,
2026-07-29,AI 関連 日本株,四季報オンライン,28日午前の日本株は急反落､AI過剰投資へ懸念強まる - 四季報オンライン,https://news.google.com/rss/articles/CBMiV0FVX3lxTE9MM1B4bVNVN050WUJ2LVlaYkZoX3drMGJaaEloMjdtaTZ3M3JiZ01vZnFxQkg3MVdqVWx0RF9ka0tFVlJoWWFPb0RfOGlUMU9FeHFJR0xaOA?oc=5,,,
2026-07-29,AI 関連 日本株,ロイター,アジア半導体株が急落、競争懸念などで ＳＫハイニックスは公開価格割れ - ロイター,https://news.google.com/rss/articles/CBMigAFBVV95cUxPU1hrQkhjS1dPYV9jSWRRUjlCTTgwSDVwZkYxS3A1MWJYd0oxNW1FVGtoRl9mTVNTcEVyRndDbjdRVkU1NmFFRlV1c0NlOHBPMS1MSFM3OEdZcmZuM2U3MXNia2N3cGV2YjEtUTdEeXBoM0FLZHZEdzh3dW9kaUthMw?oc=5,,,
2026-07-29,AI 関連 日本株,Moomoo,アップルがエヌビディアを逆転：AI関連銘柄のトレードは第2フェーズへ突入か？ - Moomoo,https://news.google.com/rss/articles/CBMitgFBVV95cUxOV3BSSnl4bGwzdjh5aUlwT3g4NXlpNXlodWUzblF4QWtucVVGSWhpVlhRelNPdlpEbWhWSF9FRWVVbGZCaEVJRGVOaFQyVTNBQ3M0YVFaTHdHdDNHS0NCR2FsakRQLVJYVVV4SzZFVHdKcU1iY1pQNE4zVjJSVVV3RkZZREpsdnE3MURiUU5QQU9mMU9jNFdCUDg0N2RveEYwTjdXRG5QMGZYek9nZWhIbG94eDZ4QQ?oc=5,,,
2026-07-29,新高値 銘柄,Yahoo!ファイナンス,２８日の動意株＞ＲＹＯＤＥＮが新高値、利益・配当予想の上方修正を好感(ウエルスアドバイザー) - Yahoo!ファイナンス,https://news.google.com/rss/articles/CBMihwFBVV95cUxOVE1PdTN3VnJ1a244NGdHWjJNSDd5Ykp6elBzUTUzOHBZZGFneGdGVnF3V2hFd0pha1MtbExaaFJpVHZ4YlpoU0hwRllvZzBNZmdlamQ3R1kzVklDaGVobXAwWXhkMVBIR09OeGMtQjYzT3Q2bkliMGhCSl94NnJ1ZzN3aXRObVE?oc=5,,,
2026-07-29,新高値 銘柄,Yahoo!ファイナンス,ETF売買動向＝28日前引け、ＭＸＳＰ等ウ、ｉＳ米高配当が新高値(株探ニュース) - Yahoo!ファイナンス,https://news.google.com/rss/articles/CBMihwFBVV95cUxQMFc3RVB6d2JjTjJlMU9qYUtKdXlTaTd3VnAtdWN5dE9NUnFBU0J4d2lfbFd4OUNzRC1WMDRtUHZzUGN5bnRVRHpaVTJkWGltcnZ5ODdyNEY0T1o4QnlrZUcyZ0xzYmtiVmxraXUzQUdaUDUxSV8xZ0RCQXRUY1dmWGpjX3ZDY0k?oc=5,,,
2026-07-29,好決算 株価,Yahoo!ファイナンス,本日注目すべき【好決算】銘柄 テセック、大同特鋼、キーエンス (28日引け後 発表分)(株探ニュース) - Yahoo!ファイナンス,https://news.google.com/rss/articles/CBMihwFBVV95cUxNMGtDZFZSdG9paXBFM3NJeTlsaG1uQnFmbDRaR3EyaHdGd2FhOUdZQ2FPWk1xc0JvRzhzdGplUHJoYmYzR05qdFVwTEZkc3hnbm82N1U0R0NsOHFkanFwOFFLanAzZmF1VENWS1gxdDEzVl9RRUJzemJnX203b253N2FXMEFZYVU?oc=5,,,
2026-07-29,好決算 株価,Investing.com - FX | 株式市場 | ファイナンス | 金融ニュース,ロジテック、好決算も弱い見通しで株価が急落 執筆 - Investing.com - FX | 株式市場 | ファイナンス | 金融ニュース,https://news.google.com/rss/articles/CBMia0FVX3lxTFBza00wdFdwREN3bTRTZVVoOW5meDVrakJWSjgzMzBsZV9fdzRnMVRJUjN5UXRubWJUdUZJTkt4MTA3NzZtMHFkQ09Jb3RyODRuQnZ3dkUxcW1EQXMzaFdSempXVm1VSVFRMzJV?oc=5,,,
2026-07-29,好決算 株価,ig.com,キオクシア、急落株価に追い討ちか 31日決算 業績見通しもハードル - ig.com,https://news.google.com/rss/articles/CBMilAFBVV95cUxPeWNtNjBNMHl4OVZmYjdDSXJ2OGFiVHBiS2lSSXZTZy0xQ1hlcDhKbEk3MWhkY1J3MEJLUDF3UUpXR0pJR01VUDI3SUxBU0dRNkVmVUpzVDRLREcxOE1acFVveHdjNWJGMDFCR21NTTRqZlZFWlE2X01kWkJnQVZiNFJDb1puRGpVWjVVZFRqcW40UDJv?oc=5,,,
2026-07-29,好決算 株価,Bloomberg.com,欧州株は堅調、ASML続落もユニリーバ好決算が打ち消す - Bloomberg.com,https://news.google.com/rss/articles/CBMijgFBVV95cUxPVk9jMVJpWFIwWGNCVS1CTVpVbWllbVZKbmtGak9IM1llVkdyeHA5T0hGU2pUVC1UZDlrQzNBMTBRd214UDlXXzlQRzN4VlI4RHk4cDM2ZzhjSDhCQlNlMkhPMlRyYS01TzZydXpBM0VfM3NPYmZLczlQalBwYUh3TmRqenVlSnJzYjB2X09B?oc=5,,,
2026-07-29,好決算 株価,産経ニュース,NY株続伸、537ドル高 好業績銘柄に物色買い - 産経ニュース,https://news.google.com/rss/articles/CBMidkFVX3lxTE90MGVvYkFHaWpqRmt1bzJ6U2d0WkJBcTI0UGc3UFgyM0hMUUpXSTdndXhTSXBuVThQUWhXTWlOc2ZDaHpscVJaUlhxWWpZak9SUnVhSWxfY2xkZ083VnpOOVFnV24xbUdsZlNWMzczUkhMWktzcmc?oc=5,,,
2026-07-29,好決算 株価,note,決算当日の急騰を見送っても、勝負は終わっていない｜日本個別株デューデリジェンスセンター - note,https://news.google.com/rss/articles/CBMiW0FVX3lxTFBCUDV2VFdxclkwVEx0UWhzaEREaDR5TWh5U0loclF6OVJ5VXVueS1neGFld19udVNmNk1NOTJxN2d4VGszVWpxR1d3dUpMelI4bHlWLTVFZFNKRVU?oc=5,,,
2026-07-30,日本株 注目 銘柄,日本経済新聞,高島屋、インバウンド好調で上振れ余地 還元強化も期待 - 日本経済新聞,https://news.google.com/rss/articles/CBMifkFVX3lxTE56clNfYlpCdk9RMHRoS055eGNWSlNJOHZGM2Q3bkdqQkotVmVVZ0xqYkQ0cnFuajI2eG1iN1lCV1A5alRGVlYtUERhLWFDMlNfWDJtMWluaV8tZl9GVzROXy03TFE3TWRwdHNPTURDWGdqd3RkckgyaUxJaE9vUQ?oc=5,,,
2026-07-30,日本株 注目 銘柄,マネクリ,【日本株】今こそ注目したい、出遅れ高配当株投資 - マネクリ,https://news.google.com/rss/articles/CBMiVEFVX3lxTE4tbC1JSm9WZW9yMkZpLTFuaUZIclpycjJSdDFhdFNEMjN1NTRqVDNONVktVzlxaTVVdE1VNmt5YVk0cE14eDFjdVlpU1dXZlAzVlBRSNIBV0FVX3lxTE5jVFVza3Mxc1BWOUhaeE9jS3dqUXU0OUwxaFNKTThqQWdfODlpYnZpSmluSTR2SDlvZGN0OXdaX0YzeUpQNEYzNnVKS3hXWmZnNUVhMUpQRQ?oc=5,,,
2026-07-30,日本株 注目 銘柄,東洋経済オンライン,日経平均株価は6月の高値から1万円も下落…｢転換点｣の今こそ注目したい相場テーマ＆14銘柄 - 東洋経済オンライン,https://news.google.com/rss/articles/CBMiX0FVX3lxTE9sVGpidDI1YzZZZ2pYQ0RYbmthbEdoSXltenFuT2NvdUw1dURabDBKS0xGZTVVak5YNmhHTmlnQzQ1Q1A0OVFEdWdFRHYySjY0QTR1NFp1SUFMM29Fek40?oc=5,,,
2026-07-30,日本株 注目 銘柄,Yahoo!ファイナンス,テクニカルで選ぶ注目銘柄：ニトリＨＤ＝日足一目均衡表の「雲」の上限を突破(ウエルスアドバイザー) - Yahoo!ファイナンス,https://news.google.com/rss/articles/CBMihwFBVV95cUxOQmhmd254S1RaUTRJZFBmQy12NlNwNE5PY2NFZFIwZFBTQU9HYVg3QXVvcENDZElMZ2p4dmFMR2RqSTN6ZE5nVUxMSml6OGZYcTVPMDVYR1VkLXljRy00VnZyZ1Nqa0FjNVcybWMxZXF1UGc1clNXbXRfckFwQklnUGNFblB4bTQ?oc=5,,,
2026-07-30,日本株 注目 銘柄,マネーポストWEB,【注目トピックス 日本株】前日に動いた銘柄 part1カプコン、円谷フィHD、コメリなど - マネーポストWEB,https://news.google.com/rss/articles/CBMiR0FVX3lxTE9vdVc1aXZUXzJJc3VfUkNWUGFCU25YbVo1SUxDMjJLVGl1Y2h2MHl0cUcwUllfRy1XLWppRmlqbm53aDZVRTdr?oc=5,,,
2026-07-30,決算 上方修正,Yahoo!ファイナンス,〔決算〕日立、今期業績予想を上方修正＝送配電やIT事業好調(時事通信) - Yahoo!ファイナンス,https://news.google.com/rss/articles/CBMihwFBVV95cUxNLTVkSzFTejNDTG9OeFFObWZwZm5iMnpMUDVld09LdklkRUZiYjF6RlJrbFZRaTB1dFMteFd5T0dHc2N2eTJyNGt1RENNTVE5N1V4TE9STWhrc2FNMHdwMnROeXNWRXhLX2VzQWFhS0Mwekw1MVpjMzdDLTdfQVlRMklIUGFhMjA?oc=5,,,
2026-07-30,決算 上方修正,株探,アドテスト、今期最終を42％上方修正・最高益予想を上乗せ - 株探,https://news.google.com/rss/articles/CBMiUkFVX3lxTFBiTnM0bm9rY3lzMkJqVks0ZWxYSkx3dEhuTy1RaWN5b3BwbU9MSHJZWE9IUnJoc3BpQU44ZWx5SmtUUmF3dHExLUJKM1FZSU44eVE?oc=5,,,
2026-07-30,決算 上方修正,Yahoo!ファイナンス,〔決算〕NEC、通期業績予想を上方修正＝国内ITサービス、航空宇宙・防衛が好調(時事通信) - Yahoo!ファイナンス,https://news.google.com/rss/articles/CBMihwFBVV95cUxOSWtQOXlqbGZQSjNNV1NsLTc3SkgxMGtPWXhiQzRLdlJmQXJXNFkyemRFcHdSMkdsb2Fadk1YY2hUV2JEWjFjc0NHZnlybTJDZjBKNzhoYVF5Yy1Tb3dVTDVaVTFjdDdwYnlHRHVobFQwT2toa2k0aW4weHRQNjhwN1dESTNoNTA?oc=5,,,
2026-07-30,決算 上方修正,株探,日立、今期最終を6％上方修正・最高益予想を上乗せ - 株探,https://news.google.com/rss/articles/CBMiUkFVX3lxTE82b0VnQXh6Y3RzblpPVEtJOWp5b0JXVnFrLV9QMEZBYWJqakRvak4wSUgwMHFqeHc4M0NIa1Z2ZlJpVzBYTmpvcnNnakhscWp0ekE?oc=5,,,
2026-07-30,決算 上方修正,Yahoo!ファイナンス,【決算速報】コマツ、今期税引き前を9％上方修正(株探ニュース) - Yahoo!ファイナンス,https://news.google.com/rss/articles/CBMihwFBVV95cUxPUDdaV1N3NE1XMDNpU1NVZ19jQWNpNTkwN2FRT3BrcnRickNLeXdGMmZaeHBpVmV6OFlrcmpOcjFFMHdPbWE4MllmdG5POWtJWlhHamhBamtaWkY3UUhiY0wteF92STlBLTRuWGpOS3Eta1o0QnNmeUpXQXJMTWpwREJPeWJ5akE?oc=5,,,
2026-07-30,決算 上方修正,株探,コマツ、今期税引き前を9％上方修正 - 株探,https://news.google.com/rss/articles/CBMiUkFVX3lxTE1XLXZaOXZqUlgwQnRlYkZxYldPWW9UREt4czlxSE1NOVRYZGFEWV9vd3dXcm0zd2IxTmt1MzZld28xR0hwb2hHMTI3NkJMVUpEbkE?oc=5,,,
2026-07-30,決算 上方修正,Yahoo!ファイナンス,〔決算〕コマツ、通期利益予想を上方修正＝米関税、中東影響は限定的(時事通信) - Yahoo!ファイナンス,https://news.google.com/rss/articles/CBMihwFBVV95cUxOWmh4ajhrT1JlaWxHVHZqYTJ0UmktcHE3WTdWaXlOX3lQT21OWm16WHFGdEtYZGdCSVNFTkJlT0pyeHZ5YmVrQVZVQkZKeHZ1NWo0OWhqVVV2N3ZiWXA4NmVFSVRZY2w0WGM0U21KWUVVSDNYSE0wcWtsRTRSS3BVM0hPcWw0N3M?oc=5,,,
2026-07-30,決算 上方修正,株探,大井電気、上期最終を一転黒字に上方修正、通期も増額 - 株探,https://news.google.com/rss/articles/CBMiUkFVX3lxTFBnLTFPUGFNNVFrTldJMGZqcFlOYWdXX2R2VGVyTXBIQ3RmVXY5eDJ2VFlwdVRFSGZPMDVLMU9EZ0ZMM0pHdHhIYmVUWWY5ZGJpZkE?oc=5,,,
2026-07-30,半導体 関連株,第一ライフ資産運用経済研究所,急落する半導体株の行方 ヒントは4年前の海運株？ - 第一ライフ資産運用経済研究所,https://news.google.com/rss/articles/CBMiW0FVX3lxTE5yVmF3RlFqV2ozVmFZT2lfQ2daUnM4V0dPSXNGZS1JTFNCRGM5bDR4cDA1MjVvcVMtUUhHUkxyaFVEb0lVeFo5ekt4Y3B3T1JWNU9tRXpLeDhjLTQ?oc=5,,,
2026-07-30,半導体 関連株,Yahoo!ファイナンス,〔東京株式〕大幅続落＝半導体株に売り継続☆差替(時事通信) - Yahoo!ファイナンス,https://news.google.com/rss/articles/CBMihwFBVV95cUxNRmFPVEtmazRTclRyei1KajByUDZTejh1YUFQZkpVNmQxcndLSzllSFh6NTlFZk9rSG9Ua1l4Yk1QUTRGeE1fNm8xSHM2ZUFSdE4tc3l4c2xvM1dtWDJyMGlZNlNERlp6NWdCTlUtM2k3UjBKTHZHX3BhUTlsUFdwMTZPSW1QM0E?oc=5,,,
2026-07-30,半導体 関連株,Yahoo!ニュース,調整色強まる半導体株、「AIバブル崩壊」は本当か？台湾・韓国データが示す相場の真実（ビジネス＋IT） - Yahoo!ニュース,https://news.google.com/rss/articles/CBMif0FVX3lxTE9Zc0pJd01TWnhxaEdUNk54ZnpnU3hsc2NrSGpCeEdCTDZaM1NXQ1l3amtNQVFLT3dNNGVBVF9EYlE1TXZoUXgzam1rcnFjbVpwVXNfYTd3Q25Wa3FkTm9FQTVISXJoVVNfMGVkRGRhMlpHdnJQLXdJTE9ObV9PUGM?oc=5,,,
2026-07-30,半導体 関連株,マネクリ,（朝）米国市場は高安まちまち　景気敏感株の買いと半導体関連銘柄の売りが交錯する展開 - マネクリ,https://news.google.com/rss/articles/CBMiVEFVX3lxTE1RVXN2MDZpa1JQUTJqbW9PaEk1ZHdtcnVJc3dwWTlsYkNENUc5V0NSdThuX0R0X1QxT1h5cnJYZXRQY1dGRmIyVlBRSmZUUGVlanB4ZdIBV0FVX3lxTE1NTm9lb0tuRmpsdEVwT0cydUh3ei03NWRfU3B1SjhvVmxxV01UWmVlQVlzSjV3SEZ1al9wdkliZmtoeko0UEdzb1l6N0oycGZ0MWV0LXNkQQ?oc=5,,,
2026-07-30,半導体 関連株,株探,キオクシアが５万円割り込み一時Ｓ安、半導体メモリー関連株からの資金流出が続く - 株探,https://news.google.com/rss/articles/CBMiYEFVX3lxTE50OGx1SWZZbkN6TEkxYkxQWTdQVHA0V0M0aDlMb29rTkRTemdvMnVsWjE4REZwMTVBYmN3dWRNbFVMRGVyM2o4ZElyaDJiR3VvZG1OMXR2V2lfX0MwN09wQQ?oc=5,,,
2026-07-30,半導体 関連株,Yahoo!ニュース,"米半導体株安でストップ安、キオクシア▲18%下落の44,550円。何が株価下落の背景か（LIMO） - Yahoo!ニュース",https://news.google.com/rss/articles/CBMif0FVX3lxTE54UHNLTzZZZzF5WUw2X01DTXh0N2ZwU004cF9HVmJMeERRdUNEVEdPZEZGN19JdkkwMXd1Q0txMlJkang0RktTZF9pc2NlZmgxSWR5TnlhVVlSbGJhc2JzN1BNNHFhQ2czS1QxMjc5SXZZbVB0ZHFodk9ZY2lqdTQ?oc=5,,,
2026-07-30,AI 関連 日本株,ビジネス+IT,調整色強まる半導体株、「AIバブル崩壊」は本当か？台湾・韓国データが示す相場の真実 - ビジネス+IT,https://news.google.com/rss/articles/CBMiT0FVX3lxTE9xRGhuSXZnTGhCeDRoWHNiZzVJSEwtQnFtcFN1YXdCMTZSYkJnVmhTRDRqakFEalMtT3BsdkJHaVVBcldmWXh6SFFtLVdBQlU?oc=5,,,
2026-07-30,AI 関連 日本株,日本経済新聞,日本製鉄株が映す勝ち組条件 「非AI・割安・好業績」 ヴェリタスEYE（7月29日） - 日本経済新聞,https://news.google.com/rss/articles/CBMifkFVX3lxTE8wUTZaTTBIMWJSaDIzT0g4ZFd6OGJIbUNYd0Zyc0VQNTJ3cXBzR1ZSbGM0T3Bjd0RBUm5xTjNCalNKSURlc3YwcG9iaVRiNWtyNEE2ZVhWTTFxVmJwOFVYeGFqTW8talpFbndMb1NqN0x0cFp1VThtUzQtSTBtUQ?oc=5,,,
2026-07-30,AI 関連 日本株,四季報オンライン,29日午前の日本株は失速､AI･半導体関連株の一角に売り - 四季報オンライン,https://news.google.com/rss/articles/CBMiV0FVX3lxTE0tajJPLVVlTUp0OWQ3MjhibExUUjdHTFYyNmN0WDVROGN6U0luTkQyd2FSeTVWVEpFeUdOeE5YR3V1cW5zLV95UWg4LUY4WERtY1RsR01HWQ?oc=5,,,
2026-07-30,新高値 銘柄,Yahoo!ファイナンス,ETF売買動向＝29日前引け、ＧＸデジ日株、野村ダウＨ無が新高値(株探ニュース) - Yahoo!ファイナンス,https://news.google.com/rss/articles/CBMihwFBVV95cUxQdWd1WWJNVlBZVXNlb3RiR2dwR0RyaGh0ck5hbE1LSExfMHVsR3NDVmJsNGJGUk1abnVHY2kyRDJTbWwzYTJWbmJEX0JEdmpGOTlUdTU5TVdkRmwyUDJORE5oM3NzeGc4VWVkQUhUT0ROSEttN3BhSU5KbWFEQVpybEc5TVdXZ00?oc=5,,,
2026-07-30,新高値 銘柄,トレーダーズ・ウェブ,マネーフォワード－新高値 米ソフトウェア株上昇を好感 SaaS関連が高い | 個別記事 | ニュース - トレーダーズ・ウェブ,https://news.google.com/rss/articles/CBMiXEFVX3lxTFBFQnZ5clJOa1pCZjFLY1h1alRXOVNmYzZvVldNU084NmE4eVFhZmpKWWJqbjlSNG82aEdwYnlOUUk2dGVXdUUycmc5am1lbl9xY29wdms1VmtkMU96?oc=5,,,
2026-07-30,好決算 株価,日本経済新聞,日経平均、米株急落とアドテスト好決算が綱引き（先読み株式相場） - 日本経済新聞,https://news.google.com/rss/articles/CBMibEFVX3lxTE5EX1Y4am1EM2ZPaUlnam0ycHJpbXJMbGhyazQwTFJrQ19lVnRaQVVSR2VaTE5Tb2poWG9LckNYb3dpOW45T2gxRGtQTGtyTm9VbnhjTEhQWUVtRFJyTVZGbUlUUXNfdEJLczJsTw?oc=5,,,
2026-07-30,好決算 株価,Yahoo!ファイナンス,アーム、好決算も時間外で７％安 高い期待には届かずとの評価＝米国株個別(株探ニュース) - Yahoo!ファイナンス,https://news.google.com/rss/articles/CBMihwFBVV95cUxOTVl3dFJHRHlGTW5kZno4MkVjZlVVczAzamVtYnhOYXJUcXVuMWtmTkR1X3ZaZTFhRl9CMjd1S2xmNmZKakpsSkwxdF9jLVdYSDlEVGt5UEUxYUI0Z2tFY1Nsdm1sLUxOR3RsWkJCRlRPZzZzZ3M5UWFDM1RoUWZwWGI2dGNOTk0?oc=5,,,
2026-07-30,好決算 株価,日経CNBC online,好決算でも株価下落のAI･半導体、高過ぎる市場の期待値が剥落 - 日経CNBC online,https://news.google.com/rss/articles/CBMiVEFVX3lxTE5adEJ1RXZfZ3dWT3IwY21qV1JUNXFlel9zb2F5eDd2XzZkY2ZZLXdHYllibjQwaEpFQS1IRmlhclZoY01VSVQ3TGpJbEJ2T0FxSkVkRw?oc=5,,,
2026-07-30,好決算 株価,Investing.com - FX | 株式市場 | ファイナンス | 金融ニュース,スターバックス株が急騰、好決算と業績見通し引き上げが追い風に 執筆 - Investing.com - FX | 株式市場 | ファイナンス | 金融ニュース,https://news.google.com/rss/articles/CBMid0FVX3lxTE14MkVaNjdsWHN0Mm1WRmJLbW1oNUFfZm9ldEhvMHc2RXI4anhqQVd0OFFtY1BIWldHbTJLQi1ha3dqdHA2cjFBVHVIbXZnanR4U3NIU0h3Mjh3dFBpcDNjMl9EZHdOdC0zQnhTQUVhWEdLQmVvWmNR?oc=5,,,
2026-07-30,好決算 株価,四季報オンライン,コメリが急騰､4～6月期好業績や自己株取得を好感 - 四季報オンライン,https://news.google.com/rss/articles/CBMiV0FVX3lxTFBXR0hXc0MtdmN0Z0d0eDEzcDU5STVjQzlBVC05aGxoRE9VR2t6T3p5RVJtZFBUbVU0WDBmN2wtUk5PMGZFUW56VlA4dmxxbm9MSEQ3MzVTMA?oc=5,,,
2026-07-31,日本株 注目 銘柄,東洋経済オンライン,出遅れ銘柄の逆襲で日経平均株価は秋にも高値に再トライへ 注目は自動車､銀行､IP…半導体も底入れ - 東洋経済オンライン,https://news.google.com/rss/articles/CBMiX0FVX3lxTE5EN2hNNGhNYUxCVldiUG5BZE5xdzc2cXlOSTZEdEtnY1Uxd2lsTDEyS3FYamxUT0tLQ19EQ0JjblhweWNiS050aHZkM3NZdDFNY1BXb2F5azExVzFmMGxV?oc=5,,,
2026-07-31,日本株 注目 銘柄,Yahoo!ファイナンス,テクニカルで選ぶ注目銘柄：日本ハム＝日足一目均衡表の「雲」の上限を突破(ウエルスアドバイザー) - Yahoo!ファイナンス,https://news.google.com/rss/articles/CBMihwFBVV95cUxPWnhiUjByTnZfU2lHMVd6ODdKaHFTUXdBdzYzRG1ReVE4c0VKUGFoZkRzTzkta18ySl9rVy0ydG1EUDllOXBrMkE1SFEzMmF4aU1VcXk4V21xdGhtNldYREw3aFUyVmxjb09EVTU2MHB2V0U4ak5VRENDcGVDOFg1czR4d05vWEU?oc=5,,,
2026-07-31,日本株 注目 銘柄,kabushiki.jp,テクニカルで選ぶ注目銘柄：日本ハム＝日足一目均衡表の「雲」の上限を突破 速報 - kabushiki.jp,https://news.google.com/rss/articles/CBMiR0FVX3lxTE1ReHFnOVVURzdKYmtqZ25BU2E3NUZBV0R1UDh1SDlmTXRDYVhiOG1KSk1DWmltZElycEpRdV96dUFoLWZHUXpv?oc=5,,,
2026-07-31,日本株 注目 銘柄,マネーポストWEB,【注目トピックス 日本株】前日に動いた銘柄 part2テセック、テクノフレックス、シリコンスタジオなど - マネーポストWEB,https://news.google.com/rss/articles/CBMiR0FVX3lxTFA0VFRmV21pZWJnY09RUjJueDY3dElNTE5lT2F4Q3lqRHEwdXhELS1aNWs1WVZiVFZ3aGdiZk1DYmQ4Nk12T1JB?oc=5,,,
2026-07-31,決算 上方修正,株探,東エレク、上期経常を6％上方修正・最高益予想を上乗せ、上期配当も23円増額 - 株探,https://news.google.com/rss/articles/CBMiUkFVX3lxTFAyb0ZBRWVoR0FNdlV6Y2c2NXJaby1HOG43NjlDRGN2WWtiLU1EZFdzdlFRNjFUSExOal9tZm9SdkhXOW5DdnZfS3lqdFAwS0U1b2c?oc=5,,,
2026-07-31,決算 上方修正,Yahoo!ファイナンス,【決算速報】ＪＴ、今期最終を13％上方修正・最高益予想を上乗せ、配当も30円増額(株探ニュース) - Yahoo!ファイナンス,https://news.google.com/rss/articles/CBMihwFBVV95cUxPakNPcnVoSE94MTVvT0p5VEEyRFJSYUpYZHl5NGgxcFlWdmRzYldKSkE2bERZcmVTTlpNeGphbDVoMElkZkZTUWlXU3ZaM2Q1TUFyMGY4akxEell1YXNMRExTejZ6cDRMc1JlQVNoc0pPdER1QnJqbHR0MmdnTXR0M3F2SUMwQlU?oc=5,,,
2026-07-31,決算 上方修正,Yahoo!ファイナンス,【決算速報】京セラ、今期最終を13％上方修正(株探ニュース) - Yahoo!ファイナンス,https://news.google.com/rss/articles/CBMihwFBVV95cUxON2t3Sk9LVVUxR202UjMwQW1RS0YxczlwWF9oVzBRcUlJaWl6U2Uxd0laTmtIWGVhTHVEMDBlNG53T3IwZEx4Mk15eXp5SDhqaFFFajEzLXJqcFdBZXlzV1dJUlY0bjZ3RENJOEtBQkV1Z3JBOFY2Mm1XRWhXRWRWdWJPVm9TVmM?oc=5,,,
2026-07-31,決算 上方修正,Yahoo!ファイナンス,【決算速報】セレス、今期経常を18％上方修正(株探ニュース) - Yahoo!ファイナンス,https://news.google.com/rss/articles/CBMihwFBVV95cUxQLXdQXzRLa3FNQUdDcmE5MWxnU2t5WUppQVQxbTFzQnVfakhDQzdaalhJbldBQ0NwQVZSUlRzbmRFYjZFUktuV29iZWVGMEZzcnlFamhuQUpQaDVlSVdYRWs4VmJ0bGVBbVlQNG56NHYxSEdsQzlfVFhpdXFYUGFYUjFtMjY0cmM?oc=5,,,
2026-07-31,決算 上方修正,Yahoo!ファイナンス,【決算速報】みずほＦＧ、今期最終を8％上方修正・最高益予想を上乗せ(株探ニュース) - Yahoo!ファイナンス,https://news.google.com/rss/articles/CBMihwFBVV95cUxPUGx1T09wdmR2Tnhzb3FpeEhPZUlMN3F0UFhLT1QyVTY1OF9xMUJtTDFiS2ptZFdFQ0hWZDJESWk2MFZMMHpSVnBLcklVaGl1UkFDSzJkcUpYTERZekl5di1hRWpVRXlGdUN5NWlLNGV1WWV5MHBzc0VsMzAzRU5acHc5Q25hOEk?oc=5,,,
2026-07-31,決算 上方修正,Yahoo!ファイナンス,【決算速報】湖北工業、上期経常を38％上方修正・2期ぶり最高益更新へ(株探ニュース) - Yahoo!ファイナンス,https://news.google.com/rss/articles/CBMihwFBVV95cUxNTmpsdVh6dFJzdTg3V2tadDdnSjB5cXVGaHUzRzZtY1VRanhSdFY1cHpJcC1NRUFfcklGQmFfUzNXbnFpR1lpcVJaZ21VRzJObk55Q0lBMzF4X1NaSXR6OE05VS02a0g3NG5uRVg5ZHZHM0FZYVl6c3U2Qkk3NjdxeUJhTkotMlE?oc=5,,,
2026-07-31,半導体 関連株,ロイター,米国株式市場＝大幅高、マイクロソフトが急伸 半導体株も上昇 - ロイター,https://news.google.com/rss/articles/CBMigAFBVV95cUxOdG80WTd1cXFDb2NXQ0J3VFNqS2JVTFhrT2pwQUtydEhNM25xdkJUNlM0OFh2RHk3RUhMVUg4SWVvWTcwakxWTW5XSEQ4UG1JbVJSR2JtM0JGRjlhMnJ4X1VQdm5kLURYel9VXy1RUE90RkNYbU5WZU1lclB5bENHNw?oc=5,,,
2026-07-31,半導体 関連株,Yahoo!ニュース,AIブームで「本当に儲かる銘柄」は半導体じゃない…億トレーダーが注目する「意外な銘柄」とは（クーリエ・ジャポン） - Yahoo!ニュース,https://news.google.com/rss/articles/CBMif0FVX3lxTE9BdTBwN3ZQdjZtc1hhcl9hTlgwQ21jODVhQXRRdDkxdHRhaGdiX3NrVWJYX2tYQ3lBX21XRUhJejUwWm95TDUwSUQyNFVFbk9NeGJ5bnN5akVWWFdQSS1fOGxXN3NkZDAwOHVuUUFNVm9qMUFGb3NhcU10M3dhcXc?oc=5,,,
2026-07-31,半導体 関連株,四季報オンライン,業績修正を受け上昇！保ち合い上限を突破した半導体関連株 - 四季報オンライン,https://news.google.com/rss/articles/CBMiV0FVX3lxTE1jMmkzY0RMb21MaHZidGVRcWJ0VkRRMXV4WGM4dGV2N3hEZ2tpOTBoUlN0T3g3Ujd1RmgxMTVWRWdkZ3pwRkRMZVJzZUxFRGhMQlZsYmlhaw?oc=5,,,
2026-07-31,半導体 関連株,nikkei.com,NYダウは反発で始まる マイクロソフトが急伸、半導体株も上昇 - nikkei.com,https://news.google.com/rss/articles/CBMibEFVX3lxTE5JVzNoX1JIVHVBTjhFeEp3TnhnaUNqLVptVWlrVFB3R05EY2diZW42ZzA0TE10TDItTEZGT0NsaDNEWUptQnhpR3pacVVvNUxIeDJlTy1lcUhmS2E3RFZncG96aWQzdURSUmpwZQ?oc=5,,,
2026-07-31,半導体 関連株,株探,半導体関連株に買い戻し向かう／後場の投資戦略 - 株探,https://news.google.com/rss/articles/CBMiYEFVX3lxTE1STTh2VF81V0RXdU9Zb3FVNlFBNE9xSUVnd3lCeDBzekJ6SVJmQWlsYWJCQVpidkx0UDNfRjd2ZGRtelZnWFRtdVd1OUMwR05PSkVVR3c3UEdJWmV1LUdhUA?oc=5,,,
2026-07-31,半導体 関連株,NHKニュース,株価 値上がり 半導体関連の一部銘柄に買い注文 - NHKニュース,https://news.google.com/rss/articles/CBMiX0FVX3lxTE11TjhJdmdHWjRrWVJzNzljbWE0WHllZkwyNk1RNEtLVXAxRk5VVUR3SVZhTmk1X1dONHQxN0tMbHprUFAwX2RfdmV2TGhvUmh3ZGtCX0gxbjFMVHVoOXk0?oc=5,,,
2026-07-31,AI 関連 日本株,外為どっとコム,【見通し】株式明日の戦略－良い意味でAI株離れが進む、地合い改善につながるか - 外為どっとコム,https://news.google.com/rss/articles/CBMiY0FVX3lxTE5YVnQ1TnBLU2hpLWJCQkFPQWRFV2pRYXBIVHkyb2YxcnE5NzVlLVd3T1ZsaXBmVUZJM3p2OE9sR2tXeUJpVTRwYkVWdGtlNW5XRmRJMGU0cy15U3ZLTWY5S19WNA?oc=5,,,
2026-07-31,AI 関連 日本株,ニューズウィーク日本版,中際旭創、香港上場初日に10％下落 ＡＩ関連株の売り圧力で - ニューズウィーク日本版,https://news.google.com/rss/articles/CBMiWkFVX3lxTFBraklpVTlhM0trY3ZYVE83NGpUU2FRb1FqNl9DYnVlTG9LcWpBYlU4SjNrQVl0eFlaOG1JQU8wU0FrMTN4TmhaVHF2SS1laVcxNWxVdlpSd3pZZw?oc=5,,,
2026-07-31,新高値 銘柄,Yahoo!ファイナンス,ETF売買動向＝30日前引け、ＳＳ米高配、ＧＸｅコ日株が新高値(株探ニュース) - Yahoo!ファイナンス,https://news.google.com/rss/articles/CBMihwFBVV95cUxPTUpaMGhhckY1OHBDTDFfYThsX3AxUi1KT0hEa01Pb3Q0NVFuY0tKMmlZVm9sUW11d0tEaVY2cWlwRHgwU3p5UXF2ajZQY2RCc3NlX25fT1ZiV0xwU0M0S2ZpZ1AyT0lPd0ZIUUZhT3ppLWFjejdRQWxIQXFFZGVQNW51TWthLTQ?oc=5,,,
2026-07-31,新高値 銘柄,Moomoo,本日の決算でAAPLが新高値を更新できなければ、前回のサポートラインの再テストを探すことになるだろう。 - Moomoo,https://news.google.com/rss/articles/CBMiowFBVV95cUxPTU5ocURKZ0tTUGJVblQ4VmFpQmY1elIxOFAxVUE5cUo4cFJDM2xMaWlCSGZrNDFDeGlKOEJ6Zl9Rc09KZWQ2MVBkd284MnZNTk1CMkFjUEpvVVppeFN3ZW9OM05LcHRIb1VtZTlpVFVIMWZHTjMzSms4MVBSXy1uWXk4RGtyejItR2lNZ3BZcjRmMnRqUWt3T0oyeThPaEhLcjVj?oc=5,,,
2026-07-31,新高値 銘柄,みんかぶ,ETF売買動向＝27日前引け、ＮＴ中小型、ＧＸ日経株主が新高値 投稿日時： 2026/07/27 11:32[株探] - みんかぶ,https://news.google.com/rss/articles/CBMiSEFVX3lxTFBLRDg3OUgwd2lyZjZuZHNmd1Y0eU96OTc2eFhBR1pfbmE3VUJxekZTMXVWNHZ6ek81eTc0YzJsMXAxMkQtVkZjLQ?oc=5,,,
2026-07-31,増配 自社株買い,kabu-ir.com,建設技術研究所、上限３０億円の自社株買いと増配、期末配当１１０円へ - kabu-ir.com,https://news.google.com/rss/articles/CBMiVEFVX3lxTE80SFV2SkRUMy1Rb3ZxV3QyeU5hZ1FTcHV2NWh2TlBZN2M5dGVsVEhka1FpSjFZVEItMTZkSE11SnJYQURLQ0FNcnhGZ2liR2d2RUJaWQ?oc=5,,,
2026-07-31,好決算 株価,Yahoo!ファイナンス,３０日の動意株＞小森が高値更新、好決算と増配が手掛かり、半導体関連企業の買収も(ウエルスアドバイザー) - Yahoo!ファイナンス,https://news.google.com/rss/articles/CBMihwFBVV95cUxOM05Kc0x1cVFNcjdLNnNqaW5zSEQ3MVdjRWZNaFBNTDRHZXAzUUtuaHNxR2xZZzdmd09xbFRoaEV2MW1KaGJ4SnNxUG1KcXJXYkpaRjNWdmpVSVlVYU5LVWtNMVRBbVROTlBfYXo3ckJWSjVheVlaMFNBN25JemVReS1lemRyNmM?oc=5,,,
2026-07-31,好決算 株価,SBI証券,決算発表本格化！好決算が期待されるのは？ - SBI証券,https://news.google.com/rss/articles/CBMibEFVX3lxTFBSRW1TYmlWNDhJRW0zZTBMbmpiWmlUY3kzUjdvR1k3aUlxZFc5T1FkYkJLQ1lEZFBDMkt6ckFIRWVvMi04VXpkZGsyUWw5ZnFYcTBIRU5MTGtfSGNFYWFTcDc2RmFQMlVpenF2UQ?oc=5,,,
2026-07-31,好決算 株価,nikkei.com,AI・半導体株が急反発 キオクシア決算前に好業績期待（30日の株式市場） - nikkei.com,https://news.google.com/rss/articles/CBMibEFVX3lxTE1zSl85R3lvRm4tbTJET0VwN0JxLWtiZXdDS1JuWFVOZnpuYk5Eb1hxU3pZVWZ4aFF0N3pCbEdTWG9raVZOb1hMSDlTd0tSemZBcElOUDd0bVdnbFpPVzdaMVYtb0oxTWhQRndhYg?oc=5,,,
2026-07-31,好決算 株価,Business Insider Japan,好決算で株価回復のマイクロソフト、危急の課題は「計算資源」。優先すべきは製品開発か、目先の販売収入か - Business Insider Japan,https://news.google.com/rss/articles/CBMiqwFBVV95cUxPRHptZGRUSkVPVVl3RHlvM2FXcWxwcEJ0S0k4Qm8xeWdqYUxkNmdrQ01kSi1kV1NDSzlCZndpZjRkbDJGYlFHUHhEWGxqejFVQjBrRHJzS0NTQWMtUUtyeFNCcjY5MG9RMkNqWXlOb21CaUxWOGw5RUdZTFdwaUNza0lLdkEyRzRWelhUUE1yZ3ZOcGVMS1NPXzNhbE52R3gyQVBmWjdqMWJQZ0k?oc=5,,,
2026-07-31,好決算 株価,株探,日経平均1300円高 サムスン好決算が不安和らげる 韓国株3%高 - 株探,https://news.google.com/rss/articles/CBMiUkFVX3lxTE5EbXBaSTg2elBpTjFTWllQR0stejl0bHRUWkE0eS1INTVQRFNSSWZEWHBKeDV0b3REalBMTTFUWElnNWV4b2VoR1laZzhzbnBWSnc?oc=5,,,
2026-07-31,好決算 株価,Investing.com - FX | 株式市場 | ファイナンス | 金融ニュース,ベンチマーク、好決算を受けLithia Motorsの目標株価を引き上げ 執筆 - Investing.com - FX | 株式市場 | ファイナンス | 金融ニュース,https://news.google.com/rss/articles/CBMidEFVX3lxTFBHSVZDdlB1WWN2VUZ1aUxzZlIxX2VWRWxIdWk2UmJqQkhJSDlnZDRaODFmYnNjUjNEVGl3aC1fQWdqUTRuX2xZN055d3NRRTV5aXpTZ0tMVzNzb0VOYjBVVlR2U2hYRE12aXFocDFjNGRnQ0xk?oc=5,,,
2026-08-01,日本株 注目 銘柄,Yahoo!ファイナンス,テクニカルで選ぶ注目銘柄：日立＝日足一目均衡表の「雲」の上限を突破(ウエルスアドバイザー) - Yahoo!ファイナンス,https://news.google.com/rss/articles/CBMihwFBVV95cUxPRzBtOVVaM0puWGdQd3ktRjNPMWZQTE9zS0dXSkJXNmk0UHhEbVlqcWptbjY0akFzSVN1a3dNVmliSFd2Sm1SYnVzOW5CcDE0YkxrdC1RZTZPOXAyM0RING5fZUJCeS1ESGhsSlY4TjRmNFBJMmNWZlcwREVmQUtVdUJNZEszdjA?oc=5,,,
2026-08-01,日本株 注目 銘柄,四季報オンライン,やっぱり来た｢夏枯れ相場｣の中で注目したい2つの銘柄 - 四季報オンライン,https://news.google.com/rss/articles/CBMiV0FVX3lxTE1WQ1JidUdLVzc4aFE4TXdTV3JSVkNHT2xnRDE0b1o5VTA2VUFCeENhaEJsdktzbW4wS0xEb1R1dk80bUJNTGxZc1JGMjc1aU5RbWFmSlpSdw?oc=5,,,
2026-08-01,決算 上方修正,株探,ソニーＧ、今期最終を4％上方修正・最高益予想を上乗せ - 株探,https://news.google.com/rss/articles/CBMiUkFVX3lxTFBzSkNrYnV1aXBxb1dITzgyZjMtN3BOeVlZQzhEQ0dfaUhPX1BrNzk2cjRJZWZUN0lwa19ORmxzNmZEOHBacFc5dldPRVd6ckg5aHc?oc=5,,,
2026-08-01,決算 上方修正,Yahoo!ファイナンス,【決算速報】田中精密、今期最終を40％上方修正(株探ニュース) - Yahoo!ファイナンス,https://news.google.com/rss/articles/CBMihwFBVV95cUxPRWd3dkk3S1hPTllJVUZIemh6Q3V3cGxhRFR2Mk9SLXp6ZWNBTGRWZkRHT2RLUFpmZnBvR0hEU3VNT2YtUkJNeFZIaHlBck1uN2FlZ1QtN0Vnd0FVbE5nYTQwenJ6ODlWa3dpWm53eHZFMFphOXkzUFU4WWlLS1VXbEJZT2ZPakk?oc=5,,,
2026-08-01,決算 上方修正,Yahoo!ファイナンス,【決算速報】村田製、今期最終を15％上方修正・5期ぶり最高益更新へ(株探ニュース) - Yahoo!ファイナンス,https://news.google.com/rss/articles/CBMihwFBVV95cUxQU1JKOXB5UDdOXzRLMHdCOHlMS2d3dXg5dHIxdXNSaVF1QmdxYnZqZE9faTVzU1dSTzdLZXp4RmlGQ3NpS09PODNiT2pDTkllX1ZwTkZYc1NWZkFxWHdnZW1DdkZab3NPVkJSTVlxaU9YeHFXOGRXSzBaLXZ5bm5kRnVDMHZYUzA?oc=5,,,
2026-08-01,決算 上方修正,Yahoo!ファイナンス,【決算速報】三菱ケミＧ、上期最終を46％上方修正(株探ニュース) - Yahoo!ファイナンス,https://news.google.com/rss/articles/CBMihwFBVV95cUxOYjN5YUJZSXZwazZjbTJtekdUUjJUT2JjY3ZBTVJWNDBnV1otS2R2SVVFWi1yYkJFeU9oVVhkanVKRTdIRHI0bXQ3cUtEX1lyeXFNOGdDN1E5WE5mN3I3V3FyNEg0SDdSZTNBOE1uclNrUmd3QXc4b1p4OE1LTkEzTGpWWUlzMDQ?oc=5,,,
2026-08-01,半導体 関連株,日本経済新聞,半導体株、米ファンドが示す売り一巡感 米テック決算で投資懸念後退 - 日本経済新聞,https://news.google.com/rss/articles/CBMibEFVX3lxTFBXbjJmSElsV2tjYXA2TGZLR2x3eTVWZ2MtMWQ1ZGw5ZnF3NHhjMDF2M1VzVjMwX2lOR1YtbjlIYmpBSmhucUw3QWtiNFQ3LU16dzA2djNiTE5fdXZTWHlld0pnNlJHT1kwN0JIbQ?oc=5,,,
2026-08-01,半導体 関連株,Yahoo!ファイナンス,日経平均は大幅続伸、AI・半導体関連株に見直し買い広がる／相場概況(フィスコ) - Yahoo!ファイナンス,https://news.google.com/rss/articles/CBMihwFBVV95cUxNTEFsTUp5UVVob2dXbzhWdE5GQjduZW85NEZTeGl1SUdHS2RDZmRGSUo4ZjdJaUoyQXp6ZUJYeGZiN1VrNm9XWngtZ0xpeFpHTExXZmpja0EzVUR5MkhSaEkzd2tYanhvcldrV19VTXBEblQ0bHhnSUlXWGlwS2VGUEVWaHdZRUU?oc=5,,,
2026-08-01,半導体 関連株,Yahoo!ファイナンス,今週の【早わかり株式市況】反落、下値探るも半導体企業好決算でセンチメント改善(株探ニュース) - Yahoo!ファイナンス,https://news.google.com/rss/articles/CBMihwFBVV95cUxNR2RieGV4aTZMVFQ5cGhyN1lEWmJvR3JlazE4NHZNUm9FeEppU0VCRHN3OVNuV1ZYejZ5azZ1cWNsSU04SWVOdDhaMHAyUFVjWHpwTlkwdXBXQ19KOXBOWlduMnViZlphdk9ZeXVCVGw3eWxIRFI1aGp5Y1J2UUlMUVU3aDNEYmc?oc=5,,,
2026-08-01,半導体 関連株,マネクリ,（朝）米国市場は3指数揃って上昇　半導体関連銘柄に買いが集まり相場全体を牽引 - マネクリ,https://news.google.com/rss/articles/CBMiVEFVX3lxTE1HSlRDdGNhV1pwaEVmampGRjlNWm9ZX3BYTWtNOFBFQURTR0VYdDRaMHkzbk5DcXBzay14VXFBX2hadUxXZExObzQ1R2NRaXlkYjlObNIBV0FVX3lxTE01NF8xcWtGak1QTXlPTnRaOHpSbUFzcGJlcHJhaWNYOEE0UkpHWVNHT203aHU5bk11bHJPdHJfaHpvRHk1aElJYlUwMUM4V2dwd213UWJhSQ?oc=5,,,
2026-08-01,半導体 関連株,nomura.co.jp,AI・半導体株懸念を象徴するSOXの20％安 安定化に1-2ヶ月要する傾向も 野村證券ストラテジストが解説 - nomura.co.jp,https://news.google.com/rss/articles/CBMiX0FVX3lxTE9qVjlEUWJuZjhEdVQ3YzlyenBFOWtaY2doZm1TN0Q5MkxRQmYwT2h1ZkpXSFlqSnh4Y0tzOW96cWFzT2prMGY5M0ZNenN6YVNTQXVrangwQkVLejVTb1pv?oc=5,,,
2026-08-01,半導体 関連株,みんかぶ,キオクシアがＳ高カイ気配、米ＳＯＸ８％高でＡＩ・半導体関連の買い戻しが加速◇ - みんかぶ,https://news.google.com/rss/articles/CBMiSEFVX3lxTE8yUFNHQVlNX0xQS0V1QlhWQmZrWTBicEJHa0VIM0t3Um9KZ2hIVG5RQzUwOUZMME1XdXhqakdZRENyLW9NZUEwcA?oc=5,,,
2026-08-01,AI 関連 日本株,外為どっとコム,【見通し】株式明日の戦略－AI関連が復活して4桁上昇、来週も注目企業の決算が目白押し - 外為どっとコム,https://news.google.com/rss/articles/CBMiY0FVX3lxTE9pMGR6aXJ1UVhCOXVZRTZIUk5ySTQ3QmpRY0kzNEg2Qmd5SG90eHdoSWFFaTBMYVhDeTRhRXhNNXk1azZEb1BqVmhMcTdzMjFfZ2M3eWhqT1BFZ2I4aWVRWllEbw?oc=5,,,
2026-08-01,AI 関連 日本株,BigGo ファイナンス,半導体・AI関連株が全面高、米ハイテク決算受け買い戻し広がる - BigGo ファイナンス,https://news.google.com/rss/articles/CBMidEFVX3lxTE5NVlRFejU1T2lMVzl3eFpjcE9RQTBNLUdaaHZnSEE0MHduWWJCYng0VEQ2UENXb2lPRlRLMy1oVDNSSThwVXI1QWVsRXRCN2p6SklHYjhqU3g3TG9SZG5jWmVaZ2ZGT0xaRjRTdXhmU0h3LWJV?oc=5,,,
2026-08-01,AI 関連 日本株,株探,前場に注目すべき3つのポイント～半導体やAI関連株の買い戻し～ - 株探,https://news.google.com/rss/articles/CBMiYEFVX3lxTE8waGVJcE5MSFl4bkF4MnV0bk5ELUsxczFGdlA4aXU0ZUxfOGZId3hYa0JiTEo4bEhUU2h4bk1yTkpFZHZVNFVsUEdXdTZFRXoyNkJEWDRDN3NyVjctcklCdA?oc=5,,,
2026-08-01,AI 関連 日本株,Yahoo!ニュース,【日本株週間展望】値固め、堅調な企業決算やAI投資への懸念後退（Bloomberg） - Yahoo!ニュース,https://news.google.com/rss/articles/CBMif0FVX3lxTE9KdkZBS3FmNG9uR0R3N0dqQ2JEU0NRY2NRWlJvV1FGd0hrN0s0REpLMWxBMEVucU5EcE9ZeUc2WFlzNmQ4R09wbmtGZ2t5S0ZVUWU5c3c1Y2tQRzRWckJOMGo4ZUQ0VVppcDlVVnJDT3pTR19vWDgxbnJ6c3dfZUk?oc=5,,,
2026-08-01,AI 関連 日本株,TBS NEWS DIG,AIトレード失速でゲーム株復活の兆し、出遅れ銘柄に資金－成長期待も - TBS NEWS DIG,https://news.google.com/rss/articles/CBMidEFVX3lxTFBPNHFtc0ZRV0ZKQml0RVR0dUNQMHQ4SjBrMFl0b2J4a1BHWU4wdWgtQTRkS043VW9KYmx0V0N4SG9ET2QyeThzTFlIdTd0bzBUdGxkUmhRRlVOTzluZkRKVUJDSTg3cERUY0FsS0pUTDNqbS1k?oc=5,,,
2026-08-01,新高値 銘柄,Yahoo!ファイナンス,ETF売買動向＝31日前引け、ＧＸＬＥ日株、ｉＦ米＄ブルが新高値(株探ニュース) - Yahoo!ファイナンス,https://news.google.com/rss/articles/CBMihwFBVV95cUxPa3NDcVdPSGFxYy1ZWXZBSXRkSnBEY1FuWnFxNUZoaURURlRkWHVNM0ZWejRYV1BsVzQ0dGREQklSbDRvOEtNLVNBRzlSR1BqeTdFcGxaeWQtUFNRY3Nqd2dzRnRobWlMbE00dmh1YnpCZ3o2Yk5vMzFBVktJTGxmSXoyQ0xabGM?oc=5,,,
2026-08-01,新高値 銘柄,Yahoo!ファイナンス,マネーフォワード－新高値 米ソフトウェア株上昇を好感 SaaS関連が高い(トレーダーズ・ウェブ) - Yahoo!ファイナンス,https://news.google.com/rss/articles/CBMihwFBVV95cUxNZDlCZkxEMXJHNWlXM1dha1ZWU0NacUhLaWJBQ1M0Q2JPdmlId2J4Q05hdmxNSWdxNC1SaDN6VXpqX210RnU5T1lEdWp0SWVKUFdveURBWEZSZ0toRFpTd0kzbk0tM1hpaGluN0t5Y3J5cS1oRTdZNERndlRKSnhGV0NXbjJPOFE?oc=5,,,
2026-08-01,新高値 銘柄,Moomoo,マネーフォワード－新高値 米ソフトウェア株上昇を好感 SaaS関連が高い - Moomoo,https://news.google.com/rss/articles/CBMiV0FVX3lxTFAya3NiRm1aUEZwZzNwQ0Z0Q0xHdnVReGVGMTFWT2oyeWRPOC1Odm43NVJ0djFDWU1TZzc3eVBhLVYwRGk2Rk9YUk1UX0w3WE14R3lUTEE4WQ?oc=5,,,
2026-08-01,増配 自社株買い,kabushiki.jp,建設技研が続伸、増配と上限３０億円の自社株買いを好感 速報 - kabushiki.jp,https://news.google.com/rss/articles/CBMiR0FVX3lxTE9wMjhob1REMFJrTDRfdllxeHlkMktzN3QxcUxMYlNqZ0lQdDVZZEt6YWstcXZEeTIwMUZEN2ZBQXV6d0E1OXdZ?oc=5,,,
2026-08-01,増配 自社株買い,Yahoo!ファイナンス,建設技研が続伸、増配と上限３０億円の自社株買いを好感(ウエルスアドバイザー) - Yahoo!ファイナンス,https://news.google.com/rss/articles/CBMihwFBVV95cUxQWWlqRlhOQ1h1N0dnS2ZSY01JOHhNck5IeFE2NzI2d2hmeDVVSEpGSV82WmpKLUZqU2tlZldsTXdnNHpFbllJSTNlNGVvR3BFa2RGdmY1SkxTT05JQ0lreE5jeXk0SXU4NWxCbTRSZUtpVGhjMU5SSjRhX0NhamIwdFZ6a1QzUFk?oc=5,,,
2026-08-01,増配 自社株買い,BigGo ファイナンス,日本化薬が120円増配、エンビプロは前期上方修正 7月31日注目銘柄 - BigGo ファイナンス,https://news.google.com/rss/articles/CBMidEFVX3lxTE4yZnYxSU1JUnVTYXh3ZlpUQkF4cm9wbC1NcmdXd1d3RUE4d09HZWMxVXRqNmJWbnpkeDZnaU83T0RwNW9BMHBsTGhfVE5vekdnbFlROHY4ZDl1c21zR0FHdU93ak5JUTJzRXVYZHNfcmVrS2xW?oc=5,,,
2026-08-01,増配 自社株買い,kabushiki.jp,建設技研が続伸、増配と上限３０億円の自社株買いを好感 速報 - kabushiki.jp,https://news.google.com/rss/articles/CBMiR0FVX3lxTFAxbjNqQ2tHRjd1eVBDaHg5YU9CSFExTWZ0dXpWUnNaOVRNMU44Q3cyT0tXZXMzSUF3QzFFZ0dUdW41UVpPV0J3?oc=5,,,
2026-08-01,好決算 株価,Yahoo!ファイナンス,リビアン、好決算も株価下落 「Ｒ２」の好材料は既に織り込み済み＝米国株個別(株探ニュース) - Yahoo!ファイナンス,https://news.google.com/rss/articles/CBMihwFBVV95cUxNaVo3VlBrTHJxUDNwUGlTbHl5MkJZNUQtT003T1JrZ3hYQzktWnlYN05nR29fb3lyTXdHZnZxekJ1TEtHRWNQRWplaG5TMWVraC04TDFCcjhQUlRlYmVPU0JmQUMwamxEVV95LUkxYmlWVDk3TmZqeDhJcVRiamlIaXdtVUtwQjQ?oc=5,,,
2026-08-01,好決算 株価,SBI証券,日経平均は底打ち？好決算銘柄をスクリーニング - SBI証券,https://news.google.com/rss/articles/CBMif0FVX3lxTE01U2JmUHRFbHJuNFI0RkZQT2x6WGFkazB2M1FlbXpUVXdXUWxlemtJZ010TTZUczZEWFJGckRmbXl3WE9LNU9wNkFSM2tCNGtMNkxreVd3RWNXR19VcWQ2WmZQazRaYVp3azJvYWVOWGJFa3dZY3dVLUxxX3lsMlU?oc=5,,,
2026-08-01,好決算 株価,日本経済新聞,日経平均2494円高 米テック好決算、AI・半導体株で見直し買い - 日本経済新聞,https://news.google.com/rss/articles/CBMibEFVX3lxTE1SQmJ6ZFBjSGRIVHpFSHd1ZEpPelcwVG5hWDRXNmxHTmtEVlBwYzNja1k1NmV0STc5UTNNQzFkZ1B6dlExR0IwOTR2X2lGTEVkb0gxRkFtTm5weHB2SGh4V21NQVNuZGxpMGlEMw?oc=5,,,
2026-08-01,好決算 株価,Moomoo,アップル、第3四半期好決算も株価下落 — 知っておくべきポイント - Moomoo,https://news.google.com/rss/articles/CBMipgFBVV95cUxPeFlYZl9CVlQ1SHBGT2NWcFhfSlMtQWo1V3A2T0F4OVUxTDh4WTdnUG5Xb1p3Q193SjRNb2xOc2lyck42Q25mUFltQk13MEQyN1pacEY5b25yRGwxZG5aQzNRVi1ROEdxRnBTQThiOXZaaHNNRmNmUjFsX05mLTFnRzcydDd4RFlBQ2N2elF3OGtCWTM5MFkxWFpPdkwwWjVla0djN093?oc=5,,,
2026-08-01,好決算 株価,ロイター,日経平均は大幅続伸、ＡＩ・半導体株高で 好業績が支え - ロイター,https://news.google.com/rss/articles/CBMigAFBVV95cUxOS21LbG05T2xPeDlpN19INW1WcVRMRHpIV1FzazVIZGkzSVRxbEhWMEU2N1dDcUtGaW5wNExDcUhidU9QeC1yRHA4ckkzRTJvYm9objFsanRiWEY5UWU1ZnpRYUMxS1ZJclUtMEpwVlpkeDF4RXVhNjVLTFhfQTRaUw?oc=5,,,
2026-08-01,好決算 株価,Bloomberg,レディット、好決算でも株価下落－AI新契約なく失望売り - Bloomberg,https://news.google.com/rss/articles/CBMid0FVX3lxTE00eGZza2FfU3NEczRYdzBFQzZOeWg1b2wtWHQ0QS1DTjZ2TkctV3BWLWQ0RjdoUS16VFdCb1ZwMldBRTFXTmV6Q1VydFFTWWhhaS1vMUFCRWk1V2p4clVBZHN1U1FUWFdxeTVBYkIwS1Y0UHVXQm4w?oc=5,,,
2026-08-02,日本株 注目 銘柄,ダイヤモンド・オンライン,【日本株】AI相場の次なる主役｢フィジカルAI｣の本命株を紹介！ 工作機械大手で業績が急回復中の｢DMG森精機｣と、エヌビディアと提携の｢ファナック｣に注目！ - ダイヤモンド・オンライン,https://news.google.com/rss/articles/CBMiU0FVX3lxTE91eDI4Y2VybUVidXpJdlRIOHNCR0NaemszWmQybllMeUJrc1lSMkc3MUprcnByVkRiS1ZaSDU2MEg3YkdKa3ZpSmo1aTJiUFRWZ2hB?oc=5,,,
2026-08-02,日本株 注目 銘柄,Yahoo!ファイナンス,【日本株】AI相場の次なる主役｢フィジカルAI｣の本命株を紹介！ 工作機械大手で業績が急回復中の｢DMG森精機｣と、エヌビディアと提携の｢ファナック｣に注目！(ダイヤモンド・ザイ) - Yahoo!ファイナンス,https://news.google.com/rss/articles/CBMihwFBVV95cUxOa2drNHdmeDRLVlJtWUN2anZQeWZnUGZ3c3RrZXRGSkQtTl8tY2w1RV9fZzFhNlczbXM1SGJ5Y0ROb3QzVTEydWFCYWV6TW8tUXZobEQzUXMydGFITWVidWRVaEI2SUNjQXNzeGQ2XzY2Y0xEM1A0YUlSVFdteFJJa2lMcVZlQms?oc=5,,,
2026-08-02,日本株 注目 銘柄,ハフポスト,注目5銘柄、NISA活用術、後悔しないFIRE。資産2.8億円超の長期株式投資さんが教える、初心者のための実践投資法 - ハフポスト,https://news.google.com/rss/articles/CBMieEFVX3lxTFBORGF3Rkh3aF9KakplQS1YTGZIQjVvTVBHZ1FiM1lFZWMxdkFkVFE2S2REREF1NmVNODhuTzQ2akg1YmJIeE9od1htcC0tS3AwMTltV0hPWTlFbFBWNmgzWVNLbV9ZYmhLZDEwYl9KU0hRZDlHamJoVA?oc=5,,,
2026-08-02,決算 上方修正,株探,郵船、今期経常を一転18％増益に上方修正 - 株探,https://news.google.com/rss/articles/CBMiUkFVX3lxTFA4bkhYZndEX0FCN1ZGUDdrR2I5S2lzZk9RY1ZjeEYxSjJ6azJLVmRESWlxTk1qMlFxeWNaR2x4RUJJNDRQQV81UG9fRVZJVURGdlE?oc=5,,,
2026-08-02,決算 上方修正,Yahoo!ファイナンス,【決算速報】郵船、今期経常を一転18％増益に上方修正(株探ニュース) - Yahoo!ファイナンス,https://news.google.com/rss/articles/CBMihwFBVV95cUxNT0dSWVZxNWNEbkQzRllIVHNydjJYZDZhMHFRWjlwek1XRDk1NWxnSXE2TFFHUVpmN2dBMml0NTlXdjJhZEVxeGlEdlBPVTFDa2p6UHltOW0zTWZQQnJYd0pEUldLSEM4QThaUGNDbFc2RUozV2Vnb3k4WWYyWWNHNEctUFh3WXM?oc=5,,,
2026-08-02,決算 上方修正,Yahoo!ファイナンス,今週の通期【業績上方修正】銘柄一覧 (7/27～7/31 発表分)(株探ニュース) - Yahoo!ファイナンス,https://news.google.com/rss/articles/CBMihwFBVV95cUxNM0xMWVhUMEpMSUhFWGRnOWhKWW1ZblViRGEzeHJkX1Q0dEpZTEJVMEZ5VENpNnV1eHRtZ0JlcV83Z0V2M25EYzZidUJXZERIUjlHTEV6Z3hERVBVcDdyU1psdUdORkd5Yl9YUld1Y0ZlSnJlZmxJdExpWE9zaVNGV1NjSnNUUlE?oc=5,,,
2026-08-02,半導体 関連株,株探,【村瀬智一が斬る！深層マーケット】AI・半導体関連株のリバウンド機運が高まる - 株探,https://news.google.com/rss/articles/CBMiYEFVX3lxTE4tYmFPVmE3NVVkQUJRZEpqZ1NuZENwLU5XRE00bEJvMGNZM1NCdlFiX0dTQUltUkVfYnlsSElYRE9oUVRLRnNHbzZCdDh2SUczS3JiMzhpX0JLODJ1SFdDRw?oc=5,,,
2026-08-02,半導体 関連株,Yahoo!ファイナンス,国内株式市場見通し：週末にかけて急反発したAI・半導体株のリバウンドの持続性が焦点に(フィスコ) - Yahoo!ファイナンス,https://news.google.com/rss/articles/CBMihwFBVV95cUxNRTdtX1p3bFpSQmJoX0ZmSTkxamwyRUN6S20wbnQtTVVVeGp4TkdWanJWU3VRM0doenNMNy1MSmpNTVFpVzZUSkI1YXRuZWxBeTVnT1FTSnVvWXo2RnNDUUFOYTl3a3FKWVpJTzZORHlYV2MtYVBKNTRLNkpISndOcGlYNllkWk0?oc=5,,,
2026-08-02,半導体 関連株,NHKニュース,株価 大きく値上がり AI・半導体関連の銘柄に買い注文 - NHKニュース,https://news.google.com/rss/articles/CBMiX0FVX3lxTE16U0tVQy1LUm5ITDlmX1ZRd3hMNllDcFpvampFekdVbUtBNW1adWFZTkRMa1dXcGxQWjd6S19xUUlpNC1iaFpnMS1LemtObWR0TjVuU21mVk1lY2h0dmRB?oc=5,,,
2026-08-02,半導体 関連株,ロイター,午前の日経平均は大幅続伸、ＡＩ・半導体株高で一時5％超高 - ロイター,https://news.google.com/rss/articles/CBMigAFBVV95cUxQVk9NdVBsaHdrbWxSTzl1NEZsS2l5NWRqd3JzbXRmdXdpZUJwOXVRUnEyWTVKektNTXI4bXFTTXRmajVPdmxydzFxOUo2RUxhaktrb2pCejYyZTRsQVFfc0l1dkJValZkWlFVVWsteG81MlU5LXRPZEotM29TTldvNg?oc=5,,,
2026-08-02,半導体 関連株,テレ朝NEWS,【速報】日経平均株価 一時上げ幅2800円超 AI・半導体関連株が急伸 - テレ朝NEWS,https://news.google.com/rss/articles/CBMickFVX3lxTE9CZzBneUpTY1RBZGgxSmdLRFJtczF5LXdCYktqcUhLRG1zUUxiOHo5OXlITDFEOTBTZExFZWp2WEtIdHNFbGJTQlpqZVFWaEZrZUR0Y1hwMGpsc25Dby12ai03XzlFem1lb1hrWFQxWlY5UQ?oc=5,,,
2026-08-02,AI 関連 日本株,Yahoo!ニュース,【日本株】AI相場の次なる主役｢フィジカルAI｣の本命株を紹介！ 工作機械大手で業績が急回復中の｢DMG森精機｣と、エヌビディアと提携の｢ファナック｣に注目！（ダイヤモンド・ザイ） - Yahoo!ニュース,https://news.google.com/rss/articles/CBMif0FVX3lxTFA3dFE4WkpZeWVCTms1bDdqQjNnU2NER0FzczZiVldmb044RzlrWWJHNWJCT1lyZlZsLTlQRk9GWHd0c2RITmI0Rmg3Q2Q4Y05IQXd1Q0w4clhFTEM3dGhTTDUyd1dKMU1JZ0luYW5BcnVLSDJyTUdXX0xNZWJqSWM?oc=5,,,
2026-08-02,新高値 銘柄,Moomoo,新高値に逆らうな。それは戦略的な動きだ。 - Moomoo,https://news.google.com/rss/articles/CBMimgFBVV95cUxPdGJNOXUtUGswUEJ0NTB4bkZqckp6SkhMeXBaWWowYUxRNXc2WUM1R09WN3c3UElUQkxSVzZ4MjBiTklxX1lYSzBFZFY4Z1NLYnBaVV9tU2hTbXU5amhqb2pSbDN3bWZFazZoV05JOXhrcU9SdDdfaXJXbVJQQlZFZVFaVm5vWGNpRmRJRXZTN00tNmt0S1p6WWNB?oc=5,,,
2026-08-02,新高値 銘柄,みんかぶ,マクニカＨＤが新高値、半導体好調で４～６月期経常益３．２倍 - みんかぶ,https://news.google.com/rss/articles/CBMiRkFVX3lxTFBzTDBHbXd1OHB1aUI4Tl82S1ltbC1XaEV1T1JkNzdoX0gtNG5CaHpkX0NRWk9PTmQyMmY0Z2phQ05EYWFQSVE?oc=5,,,
2026-08-02,好決算 株価,株探,リビアン、好決算も株価下落 「Ｒ２」の好材料は既に織り込み済み＝米国株個別 - 株探,https://news.google.com/rss/articles/CBMiYEFVX3lxTE15MjlzMHVFR2FRdUlRZk9WRmJfc0xZNExpaUU5YTMzbnQ3WUt0OC1laUVwRlNuS1VQbFJtUy1PUTBHRGJWN3NvNjhfNHBLeW52MEw4X1pHZnVDSjUtZWlkaQ?oc=5,,,
2026-08-02,好決算 株価,Yahoo!ファイナンス,〔米国金融証券週報・展望〕好決算企業株に買い＝FRB信認低下が重荷(時事通信) - Yahoo!ファイナンス,https://news.google.com/rss/articles/CBMihwFBVV95cUxQWnFzc0w2VDMzMWQ2UmhNZ21oSkpvVzc3WUdpcHJITzBXNktxRzdCdHZFZzhabjR5Nk9DY2Jkdkdra1pIblVPNGNzQjFfVWt3RkJNLTZ5WktXSDE3VkpHaGNBTnhtQlhLenNFX1F2N0ZMZXlqYXJPWVl2aFBkRXN5R0RVaWkxTEE?oc=5,,,
2026-08-03,日本株 注目 銘柄,nomura.co.jp,2026年下期の初動に投資テーマ変調を探る 焦点は設備投資と大型IPO 野村證券ストラテジストが解説 - nomura.co.jp,https://news.google.com/rss/articles/CBMiX0FVX3lxTFBmVmg4WDJMbmRDWmhabjA4dWprSkEwRDJDS0lpck8xakw1X1JPVThPX1VoUW1rUkktdnJDdU9BZ2VvSEhFamRlcUFPTHVPWEpxNm9Wbjl2VUtiakZqejZZ?oc=5,,,
2026-08-03,日本株 注目 銘柄,ｄメニューニュース,注目5銘柄、NISA活用術、後悔しないFIRE。資産2.8億円超の長期株式投資さんが教える、初心者のための実践投資法 - ｄメニューニュース,https://news.google.com/rss/articles/CBMipgFBVV95cUxNX3dWdlZIcUxqZEhTeHN4SVA0cU1OTDVibDhkQlJqRE5TcU80RnNhaUdHWW4zWm95dzA5WVRuTjBFM2RkVDNsNTFua0V4aDIzb25wa2JDZmpzekdzbFNtRXNMeHVKamVPZUlBa3JGSERRTEk2QWo1bVZ4NmJxc2ktSGg5RTV5WGJVSWNGWElWRXJOV3VERS1fMHEwbDA3aHd1TWh5dVRB0gGrAUFVX3lxTE9YdW1Ib0lPNC04eDFIR1RtQ3FYRzVMZFlPbktWZ0ZTUXBzNnExaVQwdTNEaE1iMEYtNGxIaTRpRWg5UmNGNnY3V0p5YTN4T3dMcS0xVkw1anNwc3Fjd1E2S1Q0ajI0SFJyNTJsUEIzbVJiVUJfMFhQbmZVWndaaUhpVGFxTG95bEFWSkEySm1zWnhhWUxOS1JHZ0s0cHNrdTZ3c0xTNDl1dlBjOA?oc=5,,,
2026-08-03,決算 上方修正,三菱UFJ eスマート証券,【上方修正・下方修正】業績予想で知る企業動向と投資戦略 - 三菱UFJ eスマート証券,https://news.google.com/rss/articles/CBMiU0FVX3lxTE9obGlJejI2dUY0Z2lSRnhEUzZJWVoyNG5JNXp5bTFVZnp4SG1aWEZTbVpjNlVPSkloUTQtOXkwMFJURDluZExWVkhRbElCTEdNV2g0?oc=5,,,
2026-08-03,決算 上方修正,Yahoo!ファイナンス,〔決算〕村田製、27年3月期予想を上方修正＝データセンター需要拡大で過去最高(時事通信) - Yahoo!ファイナンス,https://news.google.com/rss/articles/CBMihwFBVV95cUxQVHlUZm04Sl96YUxDTWtVRHdpaGE5TnRfWFlIRTZFSjFja1NQWDZ5UTJLVUxJWnBsSGV2Vk5VcFdFdjRTUDBlZ0hCeGtMYkZoZjBScS1HQXBOem84RmtmZUVxMWVpeC04VDBqN0E4SU9TTXQ5eUhjTVRRM2JidjFDOHd3b2daaUE?oc=5,,,
2026-08-03,決算 上方修正,日本経済新聞,好業績銘柄に買い、JTが7%高 企業の上方修正相次ぐ - 日本経済新聞,https://news.google.com/rss/articles/CBMibEFVX3lxTE9SS3BPWmtCNEQ4S09GWGd6dlFQM1dER19zT0lMY21yY0xoRGlOWkhrRmtvMlNQN1laLUNQM1Y5RHJwOFE3Tmk1QnJxazZvYzhuajNxY2hfcFFjenBzY2NPczVJYjhGemRZclpSVg?oc=5,,,
2026-08-03,決算 上方修正,Yahoo!ファイナンス,今週の上期【業績上方修正】銘柄一覧 (7/27～7/31 発表分)(株探ニュース) - Yahoo!ファイナンス,https://news.google.com/rss/articles/CBMihwFBVV95cUxPelVlQmVoZVhnNl9jX2RBUFZRVWJhdzI4X0J5bXVNQ1pKUTA5WlFTQjNrLTJKTlZGZE9TeG5FRmtSRXR3c1lTT1pYNVlYN18xeXJCUzNsV214U1NqSVhRMDJqY2tCazRxdXBIRVNqMUtMXzhKVGRoZ1c1clNHbG9weDFCbGRsTTg?oc=5,,,
2026-08-03,半導体 関連株,株探,【和島英樹のマーケット・フォーキャスト】─AI・半導体関連の動向が最大のポイントに - 株探,https://news.google.com/rss/articles/CBMiYEFVX3lxTE1OaThycnFUQ3dnc3JGZUd4TVVuM0ZmQ3Rib29zWXRZdF9md0VlZHFSaWlwSk85VzItVUpuRnZCMzZ4REZDS25FTmI4Q3U3eldhRUJfYjJ2SXlfNW5rbS1XcQ?oc=5,,,
2026-08-03,半導体 関連株,Yahoo!ファイナンス,株価指数先物 【週間展望】―AI・半導体関連株のリバウンド持続性がカギを握る(株探ニュース) - Yahoo!ファイナンス,https://news.google.com/rss/articles/CBMihwFBVV95cUxOX3RVTnhJMHpCRFNlVFFSZ0NsUkRiQlROU3d1eWNWQ29nU0dBWW9DVzJrU0FmcU9zUjA5cFpneVNNMFpKWHpHOHpBNUZQbF9HenROaU5yS2I1R0llc1MtWjQ5TFlickJ0OFJzWFVmeGdMRHlNd0ZCaWRfcDE4M1QyNXZna192SzQ?oc=5,,,
2026-08-03,半導体 関連株,マネーポストWEB,「AI・半導体関連が“本命”であることに変わりはない」資産20億円超の90歳現役トレーダー・シゲルさん、年初来安値をつけた半導体関連株に反発期待 - マネーポストWEB,https://news.google.com/rss/articles/CBMiR0FVX3lxTFA0c2hRR2xtbXdQY3d1VHdJZ2tYMldwVkdCQmpTTGlVZEN2cWdmdjV1MFhfQU5EU2Zmamd4aGFyX0lqc3gwVVFV?oc=5,,,
2026-08-03,半導体 関連株,Investing.com - FX | 株式市場 | ファイナンス | 金融ニュース,国内株式市場見通し：週末にかけて急反発したAI・半導体株のリバウンドの持続性が焦点に 執筆： Fisco - Investing.com - FX | 株式市場 | ファイナンス | 金融ニュース,https://news.google.com/rss/articles/CBMiZ0FVX3lxTE0tZFkxWl82aGpQTEJxNzREVkdwZUNDWXNwS0Q5UU1IbXdKZ3U5S3RTWFFCX2I1b0t0b3dMOTZwUmtKVzlvcExkSU1BMnFPVk9zclFwTWVCZUhjdUpjSnVmYjlUZm0tSE0?oc=5,,,
2026-08-03,半導体 関連株,株探,３１日の株式相場見通し＝大幅続伸、ＳＯＸ８％高で半導体関連の買い戻し加速へ - 株探,https://news.google.com/rss/articles/CBMiYEFVX3lxTE93YlpDRS1PZFpPYjg4OVhDSmdJaHZqTzZ1UWlKbmctaDRjaWdjSi1IcnZsLVpBdEFidnRXeFU0djB3c0s1dVo4ZGxDNm5xTVNPaWtEcTlNSnlqTW95aW12eA?oc=5,,,
2026-08-03,新高値 銘柄,Yahoo!ファイナンス,日本株ランキング（年初来高値更新） - Yahoo!ファイナンス,https://news.google.com/rss/articles/CBMie0FVX3lxTE5kbGpNQndPeDVpcl95c3BsQ3ZucGxLTHR0cl8yQ1VhdHFSdFN1eDFhZ2d6RVJEMGMteElVLWlGWDFvR2FHcHdmc3lJaU1ETFZjSTdBU2lLQ0NhV055dTJiTjgyeENLcndfY0pKMk5zdXBUeU8tY0FacXMwdw?oc=5,,,
2026-08-03,好決算 株価,日本経済新聞,日本株、好決算で高まる底入れ機運 「非AI」への資金流入カギ - 日本経済新聞,https://news.google.com/rss/articles/CBMibEFVX3lxTE5HdzNBVWVadG5fcEpEU3UteVN1QWR1YklsYkZVam5XMW4xZWNWM3p4bm9kU19FS0NzLUtHTTFZSDBFYzFnUFpMZmpaVWV2QUpmaWRfNjZiWnBKTTBRRWtOeFlVckJQYVMxUTJKMQ?oc=5,,,
2026-08-03,好決算 株価,Yahoo!ニュース,TEL、7月31日の株価は好決算で+6.24%高（LIMO） - Yahoo!ニュース,https://news.google.com/rss/articles/CBMif0FVX3lxTE5xYmZZdDlrX1FHRnFuYlJ0eUZNLVRfdFY4cUY0ampqYTBsZFlOTTVGZUk5dzUtdHFPblotNzVuTV9Xbzg5RWNkenNmVm0zckdjb3poZm92Qm1ZQUItdTJuVGNOTE5nSGdIQWxwSGxOR0tQaWNTcFN4UGFsdENTWXc?oc=5,,,
2026-08-03,好決算 株価,ig.com,日経平均、円高急進で急落リスク 週次下落 キオクシア決算も悪材料 - ig.com,https://news.google.com/rss/articles/CBMirwFBVV95cUxNdElWazlNSFZ1TmRVamFzVklqSTYwb1QtRUp5ZlNYQXdDdUctTFNNV2dJN25WNkNKNGtKUjJkZkZqUmY4a242aEJWM0I5R2UzcmllT1RRMDFtM1Z5UXF1cFVGNnB3TVA4LVBlb1BlTjJVUndZaVFFeTBZYWJhMmZub3A3d2JJUnBGOWtTQml6Y3pYSklwdVhvRzV4dFlLa1Fhb1RlLXprMl9mSk9TS3Nv?oc=5,,,
2026-08-04,日本株 注目 銘柄,Yahoo!ファイナンス,キーエンス－SBIが目標株価引き上げ オートメーション業界のコア銘柄として注目〔DZH 個別株情報〕(時事通信) - Yahoo!ファイナンス,https://news.google.com/rss/articles/CBMihwFBVV95cUxOY1IweTItNFUyUk00MWVMOV8wd2JKR1ZXbTgzZ3c3YXdHUUdHcHRwTjBiaW1TOTd6eWxGYmRsLXk2TzlwLXYxT2FsNUFWVjZjNmUyYnJoaTZtOE5PZENCNDlfcnl6UDZUWmpfbTdaZ2E0ZmFubEtDQzlFTGlsZXpuUGxRcXdnS3M?oc=5,,,
2026-08-04,日本株 注目 銘柄,Yahoo!ファイナンス,テクニカルで選ぶ注目銘柄：豊田通商、日足一目均衡表の「雲」の上限を突破(ウエルスアドバイザー) - Yahoo!ファイナンス,https://news.google.com/rss/articles/CBMihwFBVV95cUxOQmRZTjZxNDRYUG50VmE2VGhHeXJKV1l0dUlhZGdHVElhcHRFcGN3YkREazJZOF9sMWhoaVdqRy1ELTVMLVB3X2JGZnlYOHdQcjBTdnl0UzlBTzhiSFRqQ1p2cTlER191U1NicEZid3IzOEt6dXJRS1RNb1VFbzZ3a1lYWWFPZGs?oc=5,,,
2026-08-04,決算 上方修正,株探,商船三井、今期経常を一転28％増益に上方修正 - 株探,https://news.google.com/rss/articles/CBMiUkFVX3lxTFByVlBtek9PeS1wQ2toX3phYU5fNTJSa1dhNWdFQURZWnJybUJXX2tUWXVTZE5aTGxIRXNxbnlUdTB0b0RybGpWR1ZMSm1OR05OVWc?oc=5,,,
2026-08-04,決算 上方修正,Yahoo!ファイナンス,【決算速報】ＪＰＭＣ、上期経常を一転5％増益に上方修正・4期ぶり最高益、今期配当を見送り(株探ニュース) - Yahoo!ファイナンス,https://news.google.com/rss/articles/CBMihwFBVV95cUxNYnBLaDlidFAwMmZCTUoyc3ktYlBfZmg4S0U5YXpJUG5MVFppanMzNFZCVnY3Qm5GZEFHOTJpeV93Vk1xbjJuenloM21YY1ZNTzJValplM2ZxdHpWRDAySTM0Q2tfRW5jNm1JYXozdlNMbC1YMlhmX014LVZyMFRPNEZwWnF1Wkk?oc=5,,,
2026-08-04,決算 上方修正,株探,日化薬、今期経常を一転6％増益に上方修正・13期ぶり最高益更新へ - 株探,https://news.google.com/rss/articles/CBMiUkFVX3lxTFBFcDdEOTBZWHRjZk5UQlhzYlJvbFV5bDRNc25GQ2VoSlptUzhzdl9kdWs3bUxBVkZGMW12S1ktTG5xMEdEbnNaYV95Z1J3bE45amc?oc=5,,,
2026-08-04,決算 上方修正,Yahoo!ファイナンス,【決算速報】ヤマト、上期経常を14％上方修正(株探ニュース) - Yahoo!ファイナンス,https://news.google.com/rss/articles/CBMihwFBVV95cUxQbmtYOUhlMUF4MXU2X3ctSlY0RjV5VHN2UDBMS2dMUmh6SlRRR2ZKdGZ2ekFCaFFGYzhySzFiSThHWHA0QVo5T1FGTU1uOTNYbHNNempoTU83Q0FYdGhLN3ZyUktjYXd2Ul9sbzV1dXEyWUFEall1c1JNbWxGN1dHN3EtTkFQbEU?oc=5,,,
2026-08-04,決算 上方修正,株探,スズデン、今期経常を60％上方修正、配当も71円増額 - 株探,https://news.google.com/rss/articles/CBMiUkFVX3lxTFB0b3pkWTFiV0VrR0dqN2V3UXY4ZTE3WHA2Q1VxMWtkR0RjUndwTjdBLVpuOTg1Q1VwdEVpTk1rcjZLX3VaTFNuTTVJOXk3WFJTd0E?oc=5,,,
2026-08-04,決算 上方修正,Yahoo!ファイナンス,【決算速報】セーレン、今期経常を一転5％増益に上方修正・最高益更新へ(株探ニュース) - Yahoo!ファイナンス,https://news.google.com/rss/articles/CBMihwFBVV95cUxNQkhIN2JQS3ZvQnJvVFdpSVJZSWROb2pqeGJjdlVsajZMTk5uZW9tdXI0dEJwSGFaT3RzQlREMDRmd2dtcjZrZ3l0bWlnRkNlemxXR0taajRUVnZuS054VWo3TjJFU1VJZlVHbU0wRjhEUC11M1d1d0U5Y25yY0pPZG1RRkl4bnM?oc=5,,,
2026-08-04,決算 上方修正,Yahoo!ファイナンス,【決算速報】ブロドリーフ、上期経常を33％上方修正(株探ニュース) - Yahoo!ファイナンス,https://news.google.com/rss/articles/CBMihwFBVV95cUxNRF83Z0dZSERlb0dQOHVPRFY0Zm0xbnRnMXJ5SjFPcFZnVkRScG04cXdhQ0ZwRVNMY0xiaHNUNVFqUS1RWmJTVTlfSTZmd0hGTVV5NHlSbXN0THVHc19fUUFienJVYmpwZURpSVJ2Z29fYlh4c3JDLWxFazNjT21BT2pvVDZNcmM?oc=5,,,
2026-08-04,決算 上方修正,株探,ルックＨＤ、今期経常を一転5％増益に上方修正 - 株探,https://news.google.com/rss/articles/CBMiUkFVX3lxTE94bFd1bmpaZUk2MHZQUUI3ZXgyVXNBbjZkMUtua3BnU0djMHVpdXM1MGliSzIya3g2bm1xdHpiZEhtTlBWWjhEVHJaOEN1TlJYWUE?oc=5,,,
2026-08-04,半導体 関連株,財経新聞,相場展望　８月３日号　米国株：AI・半導体株相場の終焉迫る?　7月半導体株（SOX)は▲20.6％下落　日本株：7/31の大幅高は「無理筋の上げ」だった、夏枯れ相場に備えを - 財経新聞,https://news.google.com/rss/articles/CBMiY0FVX3lxTE5RcWxhNS1yNFVoRk1NaFlieW43RlVSOVk0TS1CeXJXM0JiUTJYcHYwdTJZMGlHUUNLU1lvUk1sNGx3OUVMUFJFTzhnQ3BTWHk3UGJZSjRneTczTzVBQm5XaEtOb9IBaEFVX3lxTE9ZbWJncFAwbDFzMGhlQmZua3dSNlN3MnBkc3BCZlp0MHN6V1o1WTZpdWRBRnBITnBJMW1UWE9mRG1LbWdOWkd5MWVVMl9rUlhMT0paYW5hck5ROWd0WUJwU2VKVEs2NnRU?oc=5,,,
2026-08-04,半導体 関連株,Yahoo!ファイナンス,AI・半導体関連株「復活」のカギを握るエヌビディアの動向 約2年で資産17.5倍の元証券マンが解説する「GPUの世代交代」がもたらす効果(マネーポストWEB) - Yahoo!ファイナンス,https://news.google.com/rss/articles/CBMihwFBVV95cUxOQjBUUzFWampSbnRpMW5TZEpPdFVBRjRIY3pGQ3AzOGItN0xJN3BsM2VBbmluQVVNeUJNSWdlU3lKQlAtOXdsZEd2QUxsd2ZUSy1CWkhBVHJmQXNKOXdGTWZfVWVWMjVGTWtyZlZZUV9zOHJMVmhEWUlvSEpQTkVleFZDdWptVkE?oc=5,,,
2026-08-04,半導体 関連株,日本経済新聞,AI・半導体株、7月は逆回転 「シチュエーショナル救済」が転機か - 日本経済新聞,https://news.google.com/rss/articles/CBMibEFVX3lxTE9HVnZjcHZLanFWb0xlRmhmeTdEdkw5RF8yczNpeHpDZWlsZm91RWtKQ1pJN2pGazY5SnVQLVJGeW5GTXBEeGxoSzNIbTBqcVhYeXRPWkVhWXhaTEZ2NFMtbXhOZmxGdUl1WXd6Uw?oc=5,,,
2026-08-04,半導体 関連株,マネーポストWEB,億トレーダーが予測する「AI・半導体関連からの循環物色」の流れ 弐億貯男さんは「業績好調でもPERが7倍台」の割安株に注目、DAIBOUCHOUさんは“リターン・リバーサル”に期待 - マネーポストWEB,https://news.google.com/rss/articles/CBMiR0FVX3lxTFA2NF95ekhfNEpXcm10UFRaQS0yalRKOC1zQXAtWEtRVl9sRm1xMDY1R2dFOFh1R211WlVlUVpXeHNKdXZQa3Bz?oc=5,,,
2026-08-04,半導体 関連株,株探,キオクシアHDなど半導体やAI関連株にらみの展開／オープニングコメント - 株探,https://news.google.com/rss/articles/CBMiYEFVX3lxTE9ZV2ZaTWVoTE1CdlJmTDRXSDBNS0FReENJWU1oNWdHWWstZmxQcXRvV3lKcW5EalhjbWJHYVhNbkhobFJGSGU3MjJtSGkyMDFBYWFjMnpDVXhQY0t4SDlTUw?oc=5,,,
2026-08-04,半導体 関連株,Yahoo!ファイナンス,「AI・半導体関連が“本命”であることに変わりはない」資産20億円超の90歳現役トレーダー・シゲルさん、年初来安値をつけた半導体関連株に反発期待(マネーポストWEB) - Yahoo!ファイナンス,https://news.google.com/rss/articles/CBMihwFBVV95cUxQR2RLREdzWm5nNjFiMmxONjA1Y2VTQlNkS3ExXzE4bW54QVNCOHRxekhVTER6RXZtRVp0TnVCOHlYTTJZN2phd1BNcW5HR2pMbm55OTVPNkp4bTFSemxSelU2dXhSUjJ2UVBGZzFBaENTT05nVDYtZU9tektiQ1VXYUhMMXJLeW8?oc=5,,,
2026-08-04,新高値 銘柄,Yahoo!ファイナンス,あおぞら銀行－新高値 1Q最終益82％増 1Q配当は25円に決定〔DZH 個別株情報〕(時事通信) - Yahoo!ファイナンス,https://news.google.com/rss/articles/CBMihwFBVV95cUxNeThWY0VxcnhUTVNsQTZUUjJPRHRCUWtIWTVyTmN1Z2g0ZHA1UlJQNklpOFhYU2stSjF6RVhZMGd0NVRVZzNKdmRlWXBmZjEtNndRMWhFV1BQWXktS3UwYnlka2JtWlBTcXlELUxwYXYyMDYxQ0VEZUVzaGNWSm0tRGxUYjVBSjA?oc=5,,,
2026-08-04,新高値 銘柄,みんかぶ,エスビーが後場一時Ｓ高で新高値、９月中間期業績予想の上方修正をポジティブ視 - みんかぶ,https://news.google.com/rss/articles/CBMiRkFVX3lxTE16ZllmeExwQXFFRXM3LTNmNks2ZHFhcjRsWU1vbDZsQm5TVDhaQjd1R3VDQy01dnAzRHpGRENlSDBwa1d0TVE?oc=5,,,
2026-08-04,新高値 銘柄,Yahoo!ファイナンス,ETF売買動向＝3日前引け、農中ＤＡＸＨ、ｉＳ設備人材が新高値(株探ニュース) - Yahoo!ファイナンス,https://news.google.com/rss/articles/CBMihwFBVV95cUxQSUtPYWlMdmhIYlE3OU1PNzNjMExNaGcyRWRLV2ZYWHdfdXhVOFNDUUNlR2xvMGo2a1VvMFNfV2tDcVE1MElnazR1RW1iTzBXekdKcWc2T1dGUzVwSmZRWU9EeEExRk5JVFBuT0c5UEIxR2NkMk1DVkZQOUQxemE0STczcU5iZms?oc=5,,,
2026-08-04,新高値 銘柄,Cryptonews,新高値更新が期待されるアルトコイン3選｜BTC系銘柄にも注目 - Cryptonews,https://news.google.com/rss/articles/CBMieEFVX3lxTE1CY3Vvb2I5WkhSQkY0enUxS0g3T05Cb01XaWxxcXd1Uk9jWlVra3JnaVVzb09JRy04aWNsSnd4VWt4VGxaY3lqZ1FDMjFpNUVrbGVDb0lvcWtrMF9oMHBKbmpWT0JHeVJDZ2dFTWZEZVhPVGtXTzFOUA?oc=5,,,
2026-08-04,新高値 銘柄,みんかぶ,ETF売買動向＝29日前引け、ＧＸデジ日株、野村ダウＨ無が新高値 投稿日時： 2026/07/29 11:32[株探] - みんかぶ,https://news.google.com/rss/articles/CBMiRkFVX3lxTFBmMnh6emNSdlFhZnRHZlBTLWZ2QzFaUEh2U3FpVWFDUGRQc1lWVEZGOExTVXRvLUotcTVPR2k0UGxrSm9PRUE?oc=5,,,
2026-08-04,好決算 株価,Yahoo!ファイナンス,本日注目すべき【好決算】銘柄 ＦＵＪＩ、塩野義、商船三井 (3日引け後 発表分)(株探ニュース) - Yahoo!ファイナンス,https://news.google.com/rss/articles/CBMihwFBVV95cUxQcEctbVpFQWtjU1pvN2tIejR3Zl9PVlJpZUNsNnRuVHU2LUVBYVAtX25qTDN1TEw5OWlnV2xoTGtSYmRudER3MGxvYXQ0c0V3MzNLbFB1R0h2dVlGSGNidFF3Y28tMEVEN2FkTExield2RTVGMWg3d21nRzR6NXY0c1JNUlJfNE0?oc=5,,,
2026-08-04,好決算 株価,日本経済新聞,三菱商事、株価が一時4%安 好決算も材料出尽くし - 日本経済新聞,https://news.google.com/rss/articles/CBMibEFVX3lxTE1GNk5EYTF4enNyRjVLSTQxWlhtdmp6QVJrT1FDZVNqMmt2QVdFSmNpSWp0dldtSDE2Nnpqd3Y5QV9kS0hMbW9ROW9FdXQyZEJEcWotVWZLOUQxRFdianRUdFFRQ0VXTi1RMmpobw?oc=5,,,
2026-08-04,好決算 株価,QUICK Money World,ファナック「好決算」でも株価14%安－－市場はモメンタム失速を直視 - QUICK Money World,https://news.google.com/rss/articles/CBMiVkFVX3lxTFBRNERDQ3ZJNDdxSkdwNGNHYmxoY0FYM0ZnRXQycFN5dFpxRUhueklwNlFyNTFKRm1RcmNiTWpmMzNnTUF4Zjg3b1RzSzlpVE1GUHNRQThR?oc=5,,,
2026-08-04,好決算 株価,LIMO | くらしとお金の経済メディア,ファナック、8月3日の株価は好決算・上方修正でも▲14.31%急落——予想PER約29倍・実績PBR約3.1倍をどう見るか - LIMO | くらしとお金の経済メディア,https://news.google.com/rss/articles/CBMiTEFVX3lxTE1rRnp1MFRCOUdhN2Z0a1p1dlA4WU93c1NWMzI1Z0UxX3Z4VEtDU1VGeE5zcHRCV0x6cGtsUGxlNGw5Sm0ySnBzVktyM08?oc=5,,,
2026-08-04,好決算 株価,simplywall.st,"フォーティネット（FTNT）は好決算と見通し引き上げで注目, 株価はすでに割高なのか? - simplywall.st",https://news.google.com/rss/articles/CBMilAFBVV95cUxOX3RwX0NNTkxLWWtlY1RDSU9vWHpTcmlmaDd0YVFPRmVabkpoczB3XzQ5VWwtNGtsQWdFWHpobHVOcWtTWEoxc09aZ0RmMHhIWGdSSExXSFRtUGtXTGlmd0N1WWFmbHowVUVuUThiekFGNHR3Qkl3U1k3cjBZZFZnNnBzU0lWc182YmZEalJXU2xseTRI0gGUAUFVX3lxTE5fdHBfQ01OTEtZa2VjVENJT29YelNyaWZoN3RhUU9GZVpuSmhzMHdfNDlVbC00a2xBZ0VYemhsdU5xa1NYSjFzT1pnRGYweEhYZ1JITFdIVG1Qa1dMaWZ3Q3VZYWZsejBVRW5ROGJ6QUY0dHdCSXdTWTdyMFlkVmc2cHNTSVZzXzZiZkRqUldTbGx5NEg?oc=5,,,
2026-08-05,日本株 注目 銘柄,Yahoo!ファイナンス,【億り人が読むキオクシア株「復活」のカギ】TOPIX構成銘柄見直しで数兆円規模のマネー流入に期待 そのウラで注目すべき「アクティビストの動き」とは(マネーポストWEB) - Yahoo!ファイナンス,https://news.google.com/rss/articles/CBMihwFBVV95cUxNQ2lTekQ5NHBnY3VOMElTc1lXTG85RVJjQ2RYSEh3Nkwtdk5NMjItOExVU1FrbnBjdnJkY1Uza2VLNGdib1V1UF9xRWVzQkptUkx2T1dCVGNEOTQ1d2xjaWVLUktUdjFyVzRPUUFZMWFiOW81cjhka2NLdTU5RUxWcXJpX0xqLWM?oc=5,,,
2026-08-05,日本株 注目 銘柄,Yahoo!ファイナンス,テクニカルで選ぶ注目銘柄：ＨＯＹＡ＝２５日線を突破、５日線と２５日線のミニＧＣ形成が視野に(ウエルスアドバイザー) - Yahoo!ファイナンス,https://news.google.com/rss/articles/CBMihwFBVV95cUxOa2xHWU5XbDdYd29Ic2FDTmtLRDVRQ0lsM1kwRDFvVm9TRTZ0UXE2R0ZwLWZORmYtYTZxWGh1TGtOUF8xa29fUEYzNHowQ3k5MXJ2YkoweVFydzlDakZVX2txMUU2SlhvTVc4dHZHcEo4dEJfSFBGTWNwZkpTYktXdHNFenNrWTg?oc=5,,,
2026-08-05,決算 上方修正,株探,クボタ、今期最終を38％上方修正・3期ぶり最高益更新へ - 株探,https://news.google.com/rss/articles/CBMiUkFVX3lxTE42d2tjaTFDZFhQcExURGs0SnM5UldETENJdTMwc1FFNlR5NnotZ0Vpd0lxaFNuWW8ybVJCTmlwdFdPN2hEZnhmbEdFSDk0TVZTLXc?oc=5,,,
2026-08-05,決算 上方修正,Yahoo!ファイナンス,【決算速報】トピー、上期経常を20％上方修正(株探ニュース) - Yahoo!ファイナンス,https://news.google.com/rss/articles/CBMihwFBVV95cUxOeFMxV3Bpa1Brby1sci1pWW5GUXc3REpaTjlUcTNONW1OZUFPakJMdlEyYllqNzNOd3I4VWR6YmxuYmtGVTZFWWxnLVdxd2drMnJjWkhvTjZrRVVmZG4tRGIyUVhQTFJDOC1pQld6NmNSZC01aTF2R05uVUJpck5GTHU3UFJhM2M?oc=5,,,
2026-08-05,決算 上方修正,Yahoo!ファイナンス,【決算速報】ヤマハ発、今期最終を70％上方修正(株探ニュース) - Yahoo!ファイナンス,https://news.google.com/rss/articles/CBMihwFBVV95cUxQVUowZV9veld5ZXJNRHk5X1hkaTBjRHNJejJNeVppcXFsakVKVGpsZi1xOU1ybFNHNFNMY0ZTRlA0QV9HdkV4d1pDZ2xzaFFkV2Q4NHQyVTNocFBvSVh3TUR3LVZfb2l2RzZsSThYZWhNS2ZKb3UtSzJaSjlRR1F2a0lEOUtPT1E?oc=5,,,
2026-08-05,決算 上方修正,Yahoo!ファイナンス,【決算速報】イビデン、今期経常を41％上方修正・最高益予想を上乗せ(株探ニュース) - Yahoo!ファイナンス,https://news.google.com/rss/articles/CBMihwFBVV95cUxPVGdBajRXTDVjVV9mSm9ZVWc2Sjk2MVpxYUVYdlJfQjhQc0VnbnpuS25PMkljU1lwRV9GMDZEbFJmSW9rN3V1eWhiMm9DUFNkcUZ0WTl2MWZaVU4xMllMTFBMVnJvWXRCV2RIaG5Jc3A0MnVWelhVZW5iM3ZndERWWnJrZFdaalk?oc=5,,,
2026-08-05,決算 上方修正,Yahoo!ファイナンス,【決算速報】住友重、今期経常を13％上方修正(株探ニュース) - Yahoo!ファイナンス,https://news.google.com/rss/articles/CBMihwFBVV95cUxNemQxUTVoN0NKSkhGSm1qeTR5ak0zNU44QnYxN25FNDZLMTNNUk54elNZZTd3Vlkwc0FmMl81OG9qSWJ0ckZVeVhpb0FNUGZrYjV4VzEycVlCSUxPa1lBZ2dDREI2UmtXRUl1Y01wMzBZWHNZQTEwQkFJRThQa01PQl9lejlscDg?oc=5,,,
2026-08-05,決算 上方修正,Yahoo!ファイナンス,【決算速報】トヨタ、今期最終を8％上方修正(株探ニュース) - Yahoo!ファイナンス,https://news.google.com/rss/articles/CBMihwFBVV95cUxNSHNIUm9OalBWandLejFHOFVDN0NYX1hORnE4anVTMWZQQ1oxbVM5TFVsUkxsUndLaHRRaWpwVjA1WEVIUzZBOTIwR2sxZFJFMEVMRVdxR0FiV3VPQUdMbVNBdWszcEwxREZCcHVWWHZNN3BVLVh2djJseFlDb0Vkb0h0b0tpS2M?oc=5,,,
2026-08-05,決算 上方修正,日本経済新聞,決算:トヨタ純利益16％減に上方修正 27年3月期、想定為替レート円安見直し - 日本経済新聞,https://news.google.com/rss/articles/CBMibEFVX3lxTFA5ZU1XSmdIVGkzUGNFU1NSQmg1M3o4QVJJaXBOM0l4RlFrMDB2aW11OGFOQ3JkVndYbF9xaXBrM2ppQWpIWjB1YzFQckZUdmFZT1h4enJjY2JwejJPT25uaHN1WV95Tk92VlgzbQ?oc=5,,,
2026-08-05,半導体 関連株,四季報オンライン,4日の日本株は上昇､AI･半導体関連へ買い広がる - 四季報オンライン,https://news.google.com/rss/articles/CBMiV0FVX3lxTE5vdG1mb2RMRExncTItV1U1MzB1V21URW5idFVNWW1YZzl1RGRRV285VldNd3ZKTURrTjhwRVZBaWFxX0txcjZybTY5dmk5RGJUZEwtVXIxNA?oc=5,,,
2026-08-05,半導体 関連株,Yahoo!ニュース,億トレーダーが予測する「AI・半導体関連からの循環物色」の流れ 弐億貯男さんは「業績好調でもPERが7倍台」の割安株に注目、DAIBOUCHOUさんは“リターン・リバーサル”に期待（マネーポストWEB） - Yahoo!ニュース,https://news.google.com/rss/articles/CBMif0FVX3lxTE4xY244ODdFSnFhaVlyYWFtUGJuc29HbVhVUGd5Mm02LWJ5WGJqYzdMLWNkMF9HX2sxMkxNZzZjRVo1NDFvNF9OUURKdFRsTTdKUjNyTHJGd3lrYk5MRThnaDJZeDdxaHoyQ3dVUzR1YkNuSnk1VUN6b1B2UU9WLWc?oc=5,,,
2026-08-05,半導体 関連株,産経ニュース,東証反発、202円高 AI、半導体関連銘柄に買い 米国のハイテク株高で - 産経ニュース,https://news.google.com/rss/articles/CBMidkFVX3lxTE9qMHJBOTYxVHkxdXdTdzU1cFMxRjhsV2hJZDNEaXBuMDhFcVFGd3NYTGxJcm12d3dWVkNCeHltblIyaW9qc3UwUVlCcmEwRnkwbFpEZjJVT2JoaWdiTExYN1VrYTdnbS1sajFMUjE1b1RnMkhjaGc?oc=5,,,
2026-08-05,半導体 関連株,nnn.co.jp,東証反発、終値６万３９５７円 半導体銘柄買いで相場押し上げ - nnn.co.jp,https://news.google.com/rss/articles/CBMiUEFVX3lxTFB1WHlzdHhkLXFhUE1OZWpNMkdndkJidEVTRmJMU3U3NlFxUlR0aUxSdmoyR2VyR2RxWkVRM281N25abDNLNlJ1Rk9oODNIVzFV?oc=5,,,
2026-08-05,半導体 関連株,四季報オンライン,半導体デバイス市場の持続的成長を表す､好業績なあの銘柄 - 四季報オンライン,https://news.google.com/rss/articles/CBMiV0FVX3lxTE4wWnIzRlVmRVpsU2wyX3hDNVdtemhZTkhzeTc0eV8zR29kbXdha0lCRWQtd3Bzc1F6amZaVDBOS29jdjczTlJLdHZobUo0VXlwcDZOckVCQQ?oc=5,,,
2026-08-05,AI 関連 日本株,日本経済新聞,好決算でも買われぬ銘柄続出 AI関連株、期待先行の重荷 - 日本経済新聞,https://news.google.com/rss/articles/CBMibEFVX3lxTE9oUEV4VmNZOVFISnp2d2NHbjJXN1FYbmJUdFZKWjdvZkVOTWdENXdEbm1kUE4teHRPLVNIdWZyYXNidF81ckJvbDRvWjgxcGVrZlYtODBDYVhvRWo3SG84bWg2NnhBUERLWnREaQ?oc=5,,,
2026-08-05,新高値 銘柄,Yahoo!ファイナンス,ダイトロン、利益・配当予想の増額と自社株買いで新高値(ウエルスアドバイザー) - Yahoo!ファイナンス,https://news.google.com/rss/articles/CBMihwFBVV95cUxNSnpNTGVFWm9iNUllaWNhY2dnQndQNWFac3M2RElOOGU3NFk0UEZkZl9OREd2V1RGSlhnQmwyMGtNdHN4UVUzWWRCbFNNYkNsTjZoZFV3RUpVc0l5YzJBZS1ObjBpOHRWLXZ2T19mdU9fNENtNG9WQVRyQzFfT0FKandRSW9LT28?oc=5,,,
2026-08-05,新高値 銘柄,Yahoo!ファイナンス,ETF売買動向＝4日前引け、低ベータ５０、ＭＸダウへ有が新高値(株探ニュース) - Yahoo!ファイナンス,https://news.google.com/rss/articles/CBMihwFBVV95cUxPbWJ4T0dvbXBtYW4zOEpPSXE0M0V2TF9MVHNrazV3TUtnaU15NmQtTjNsQkVXV2VVYm9pYmFmYzE5dmJMbDRjNFNDbHFxNk5qOXhrSDdfSVRvX1dONldoWmtfUHUyYU10MmtybU54SEtQdXlRcnNtdkFHUWloT1ZJLVc5SVhLaFk?oc=5,,,
2026-08-05,新高値 銘柄,Moomoo,新高値見えた？ - Moomoo,https://news.google.com/rss/articles/CBMic0FVX3lxTE44UWlEMGxPbGVjbHFWclBEYlo3Q1pOSUdJOHE3S040elhQZUVZM3A0SWloazh2U2xfUVZlQm5mcTI2TXFKdi13VF9EQi1YTzBRbmNVYm5nQlpUbi1YdGxXV0xsQmV6WXVZOE5OS29abldHQkU?oc=5,,,
2026-08-05,増配 自社株買い,Yahoo!ファイナンス,ダイトロン---大幅続伸、業績上方修正に加えて増配・自社株買いも発表(フィスコ) - Yahoo!ファイナンス,https://news.google.com/rss/articles/CBMihwFBVV95cUxNVU5XLUJQRDQ4YUdUaEdoeUVZQWtfaEdxRFdvdWtQQU02VHp0LXFOVzRSank3ak1HODVzVHFZQ2ZOQUxWUi1menpnR1RvNmxaVnJBWUtnOW52aThaQWlQZnVOSVNqWnFiMzMyT3Y4RW91VThVRTBSWjNFVHBPdEhrWERSMlpjOUE?oc=5,,,
2026-08-05,増配 自社株買い,株探,ダイトロンがカイ気配、好業績の更なる上乗せと大幅増配・自社株買いなど好材料満載 - 株探,https://news.google.com/rss/articles/CBMiYkFVX3lxTE1UZWpMMDVSQW93ZlJUWkdJcVFwMkZrelU5aXBEMjdaeHRwNnZVbTFBVVVHVU9NZGNrbmJpNDh6TXhXTlYxRDVUMV9EdXljOWM5V284d3FsRlhkUzRBSTQ2MDV3?oc=5,,,
2026-08-05,増配 自社株買い,simplywall.st,好調な第2四半期、増配、自社株買いは、CRH（CRH）に対する強気の見通しを変えるか？ - simplywall.st,https://news.google.com/rss/articles/CBMiiwFBVV95cUxPZnNzbU84cmhqWW41Ny1yLXRvbFdfZUFHQUlQUi1IUjNPeDF1dEE2QXh1ZGtLS3VKdENuUDFwRDlEdy0xQzZSM2lPc3lJS0dLRzR0OTJnVGdTaFVsenJONTQ0MXNiYlRqMjZ1Mk9JY3JMOE9uX01JaV9weWdTT3NzWlRYNUFjUGl2NzFJ0gGLAUFVX3lxTE9mc3NtTzhyaGpZbjU3LXItdG9sV19lQUdBSVBSLUhSM094MXV0QTZBeHVka0tLdUp0Q25QMXBEOUR3LTFDNlIzaU9zeUlLR0tHNHQ5MmdUZ1NoVWx6ck41NDQxc2JiVGoyNnUyT0ljckw4T25fTUlpX3B5Z1NPc3NaVFg1QWNQaXY3MUk?oc=5,,,
2026-08-05,増配 自社株買い,Investing.com - FX | 株式市場 | ファイナンス | 金融ニュース,ダイトロン---大幅続伸、業績上方修正に加えて増配・自社株買いも発表 執筆： Fisco - Investing.com - FX | 株式市場 | ファイナンス | 金融ニュース,https://news.google.com/rss/articles/CBMicEFVX3lxTFB4empwcmVYRDFSYkI4TWJjOXJrZzV4VkR6M3hEbWlTcHRaU3ZyNFpaU3NnQmtzcFlXX1kxYnJZVjRLbHJOcGlLVjVRbnkyMTlibHgxbk9xQUo4bFpvS3dXbXNLNmgtVTBBckw2R3JlaTA?oc=5,,,
2026-08-05,増配 自社株買い,ｄメニューニュース,ダイトロン---大幅続伸、業績上方修正に加えて増配・自社株買いも発表 - ｄメニューニュース,https://news.google.com/rss/articles/CBMijAFBVV95cUxPaGU5S1VaTmhJZG5VR2xWUFR3bHRlM3lLMGlzNS04cnhaQ3p1U1ZwQTBlYndPelFZWTRQVm96WHUzSEVpSmlEcXltREN2MWVpUkgzQ25RVjkyS0NGcF9lUHpDNjIwc2Z1dUhlOXZoaEpaN1RMTEhsSzRxMzdGRko3Q2dSWEdVUGJMdldvb9IBjAFBVV95cUxPaGU5S1VaTmhJZG5VR2xWUFR3bHRlM3lLMGlzNS04cnhaQ3p1U1ZwQTBlYndPelFZWTRQVm96WHUzSEVpSmlEcXltREN2MWVpUkgzQ25RVjkyS0NGcF9lUHpDNjIwc2Z1dUhlOXZoaEpaN1RMTEhsSzRxMzdGRko3Q2dSWEdVUGJMdldvbw?oc=5,,,
2026-08-05,好決算 株価,Yahoo!ファイナンス,ファイザー、好決算も株価軟調 心理改善にはさらなるデータが必要との見方＝米国株個別(株探ニュース) - Yahoo!ファイナンス,https://news.google.com/rss/articles/CBMihwFBVV95cUxOZnNHbVc5MUZONTdiM3Z3SThXdmJHMXAxeGZySnFjVk5MbXd2UTMyNE1fRXNZVkNkSG51WTJ4VnI4UTJIMkI1Y1VzSkFDal96aHN3MzIxM01QMGQzakE5TE16MGl1MkhiVS0tZ1pveldISmh6WFl4U0lGYWlBWjEzUFA5N1ZBWWM?oc=5,,,
2026-08-05,好決算 株価,四季報オンライン,キオクシアが主要取引先､高配当利回り･好業績のIT株 - 四季報オンライン,https://news.google.com/rss/articles/CBMiV0FVX3lxTFBacGR0dEU2QnVZRzJOMXpLSEFrcEZfLXBtU2pNZVZfWmVjNG43RTlicGlHTGNtV2NleGNuM200UFZXSE9mUHZpcHhZemtZTk9kZzVCSGNvVQ?oc=5,,,
2026-08-05,好決算 株価,日経CNBC online,キオクシア、株価が乱高下 好業績・株主還元は支えに - 日経CNBC online,https://news.google.com/rss/articles/CBMiVEFVX3lxTFBSMWVPdUhlS1B4NnFsb1dtMmx2SlcwcVoxekdySUVIZ25nY3MyT2NSQTl1VTFkemxpak1FUXJjeTdxRUFnSlNMSWdfbFFQMnc4MWw0cQ?oc=5,,,
2026-08-05,好決算 株価,Investing.com - FX | 株式市場 | ファイナンス | 金融ニュース,シチズンズ、好決算を受けBackblaze株の目標株価を引き上げ 執筆 - Investing.com - FX | 株式市場 | ファイナンス | 金融ニュース,https://news.google.com/rss/articles/CBMidEFVX3lxTFBHTWlCZTdVbmRna2RrMnRjam5Ic0V2dzFZTTlyal9ta1pSdnNiZ3U1TDhNZzUzUGxJSnY5YVA5VFFfVUFjcDl4RGxhUDdfdDlzU0dzUF82elRtRlc1YS00bVRmVVJCLWFjTVR2R2FUV3dOenJL?oc=5,,,
2026-08-05,好決算 株価,Yahoo!ファイナンス,オン・セミ、好決算も下げに転じる データセンターからの需要旺盛＝米国株個別(株探ニュース) - Yahoo!ファイナンス,https://news.google.com/rss/articles/CBMihwFBVV95cUxPaDg0Q2RzMEhaS0htMng0azJJT3BsU3gzWjdTOElFVHlreVBzdHVzeFkxTEhXU3VWczI5N05kNmdSWU45NTgxYWRlWmloU3lXTEN1X2pXcEc1ejFQSlY0NnVlTTVNNzJKcWNkcHpwMWxsSllWbW9JVDJlZnFBWlJjbzZOSF9HZFE?oc=5,,,
2026-08-06,日本株 注目 銘柄,四季報オンライン,"日本株の達人3人が語る！｢厳選注目株｣選定の""裏側"" - 四季報オンライン",https://news.google.com/rss/articles/CBMiV0FVX3lxTE5RMlJsZndORzgwX3hDTllwZGIyNGJKNHBZVE9VVDJSeHZqZUFnS3F6TXlVRHZWdV83U3VabWxnenV1bWt6c1hqQlBzUGZvV3ZZN3FLYzdRaw?oc=5,,,
2026-08-06,日本株 注目 銘柄,Yahoo!ファイナンス,【DAIBOUCHOU流】Yahoo!ファイナンスVIP倶楽部の活用術｜銘柄選定・管理 実践編 - Yahoo!ファイナンス,https://news.google.com/rss/articles/CBMid0FVX3lxTE9GY3dKX0hRQ2RLX1RfWkF0QlRZSVp6RGtaSEV0TkljclFQZUJaeW9fbzYwcXdBRENVSno4cHJKRUNFUFctbThMRHpUdXFhamdsTVFrRlpHWE1vVjBmem1TSWRsZzBSUERzTEdwRVdpbW1jSF9HeFZV?oc=5,,,
2026-08-06,日本株 注目 銘柄,Yahoo!ファイナンス,テクニカルで選ぶ注目銘柄：住友重機＝日足一目均衡表の「雲」の上限を突破(ウエルスアドバイザー) - Yahoo!ファイナンス,https://news.google.com/rss/articles/CBMihwFBVV95cUxPMjhqREYxczBKUVR2aWtTZnI0eG41WEpBZjc3Rm5aTXQ0eXhfNHp1eHNhSHlFdlU5REtjekllREc3N0lwcW84Uk5BcjFZaXU2bmZvZHp4X3l0VGdTZnFGcnRuRkp2SFZtVFMzLXczMWNDSmVkNGk1ZTBwbXg3bVotMnZLR08tUE0?oc=5,,,
2026-08-06,決算 上方修正,Yahoo!ファイナンス,【決算速報】スズキ、今期最終を11％上方修正(株探ニュース) - Yahoo!ファイナンス,https://news.google.com/rss/articles/CBMihwFBVV95cUxObjc4UWU4Vmt2Q1ZYYUVtNHZ4WExxN3R2NWRzOUZvOHk2OXpsQ2otLUdKeTRKWEFiRWVqR3V2Y3JRR3FzMzFUeHd0bzFoeEUzTjMzbnhYcUNnLTlqTFBjcXZ5RXBRRDExZGdWV3pNRXpqbFFYWTFsSVdUekVOOGpMc0RvZmVhSEE?oc=5,,,
2026-08-06,決算 上方修正,Yahoo!ファイナンス,【決算速報】新日本科学、上期経常を53％上方修正(株探ニュース) - Yahoo!ファイナンス,https://news.google.com/rss/articles/CBMihwFBVV95cUxQZE5DclY0Z21XUXZoemZsVUo5SHVVaUQ2MWNlcWV5RDJDVDN2WXFSbUpwQjltenhmWS1RbDluTEIxYnNCbF91eWJVRzNtS3lZaGF6Y04tWldfN0VzUklxN1lfdno0T0t4cmJFWWYwWnBtSnZmRTZTLWhWbDlBdFFRWDNXWEFWYU0?oc=5,,,
2026-08-06,決算 上方修正,Yahoo!ファイナンス,【決算速報】神戸鋼、上期経常を11％上方修正(株探ニュース) - Yahoo!ファイナンス,https://news.google.com/rss/articles/CBMihwFBVV95cUxPbEt4RFhXTkhOSTFZTmMySmVnQlA4WXZPbzdRTG02NjFKbFhCeVhBTXNuUzdNSjhDcGpfbWYwNXdSbWtLQVBSTk9iVXNQbWJCankwRjZNNElyNThMRUpsN2V6bHpzMEVBTVdVN3BvbGpnOV9SbTJ1SXpLV1BtSU1lTUU2Zjl1NDA?oc=5,,,
2026-08-06,半導体 関連株,SBI証券,株価上昇期待のAI・半導体関連銘柄8選 2026年後半、注目の中小型株は？ - SBI証券,https://news.google.com/rss/articles/CBMiggFBVV95cUxOSGhXVVd5aEtBeVBfZ05iSGJxZnVFOXc4MThQWXhxYXRMWkc4WHJUZWJTWjV0UGxJSm5kN3RYMUpBRlBYMTM5U1R5ZXFuUk5qY1RNS1Ruc2ZxWEdKR2J2MkdlZ1hRdkVabFdwcWVQQUFUZnlfU2cxaUI3ckd1bEtrckdB?oc=5,,,
2026-08-06,半導体 関連株,Yahoo!ファイナンス,本土前引け：続伸、安寄り後にプラス圏 半導体関連株に買い(トレーダーズ・ウェブ) - Yahoo!ファイナンス,https://news.google.com/rss/articles/CBMihwFBVV95cUxOTFpXbURjVzhQSWhselByV203b1BZUXdLd2Fod0pVVkhUeHpFZFI1Vmw4R1VhTXY1OGRLZ1ZEQlZLa2tpczhRbGw4aXh4aTN6R1NyV29qYmJRRGVKQlhMYUoxcnl6N3hOMGNvS2ZyV1FqSG1fRzJOOUVleDhmeGJxYW1UZmR6c3c?oc=5,,,
2026-08-06,半導体 関連株,日本経済新聞,調整終了のAI半導体、戻りは「意外と早い」 ヴェリタスEYE（8月5日） - 日本経済新聞,https://news.google.com/rss/articles/CBMifkFVX3lxTE5xUnE2MFhCdGNBV0FlSTlnNHhkQUNtOG9INnZHeWdTU2R5QnFaWU9lZ2ExSWJZcGIyR2R1QWlORWRqUmoyZW54S0tEVzllZzYyR3dvNWJiS24wcWd3bFAwdlJxemlISVQwWDdFWDU5TWJtYVRZaWNkLTVqUG5IQQ?oc=5,,,
2026-08-06,半導体 関連株,マネクリ,"（まとめ）日経平均は2,342円高の66,300円で大幅続伸　AI・半導体銘柄がけん引 - マネクリ",https://news.google.com/rss/articles/CBMiVEFVX3lxTE1HUG91NmJzVFhfTFVrLU5FSnJXNHpjakpVb1VUOWN4eE5MNm41MjFCaDZ6cHVyY3I0RkJwWTM0T3I3LVg4ZkE0YTV3R25ZcHdVblNJeNIBV0FVX3lxTE9qZzRXSEFSZ3llNXpRbHlzaUlDTkhldFREdllFRVJydGNEZjhKallTTi11Y3luMzVrMGU3d2dRcHZ4bUtGbWxIWGFRVUJoLVlrSDZhcElLdw?oc=5,,,
2026-08-06,半導体 関連株,Finasee,楽天証券で「半導体関連株」に警戒感、「NASDAQ」「FANG+」が下がる中「WCM」が急上昇した理由は？ - Finasee,https://news.google.com/rss/articles/CBMiU0FVX3lxTE9ZWm9uUXlhUTBsWEpXTmJHR0kzYmd2a2pFWEl3TUE3enlTZlZQVC1sc2hjTS1QRVNrS01PSjA5SC14ejhlQk1Vb2VRMlNYY2s1d0JV?oc=5,,,
2026-08-06,半導体 関連株,みんかぶ,前場に注目すべき3つのポイント～物色は半導体やAI関連株のほか原油安を好感する流れに～ - みんかぶ,https://news.google.com/rss/articles/CBMiRkFVX3lxTFBOSkNkUS02bHR0THhXaEFnZ2hLcjlhQzhUbWliQldwSVlyOEZOU0pqY001WXNNNHJWOXRJVlNLdXJWd08tdVE?oc=5,,,
2026-08-06,AI 関連 日本株,BigGo ファイナンス,日経平均、一時2200円高の6万6100円台 アジア株高とAI関連買いで高値圏 - BigGo ファイナンス,https://news.google.com/rss/articles/CBMidEFVX3lxTE80VlVQTVpkVDBlZDNzbkdVaFdOdFdiQ1pZemxrcjctY0tiMURZR2xXOEV5bGw0bUt1Y1FtbFBvSm5SRW82VjdEdzFQSXQ5UkZNMlhybE1aX0N1VWxGN25PWWl0a0JpMFkzQVp1Qjc5LU81MmlT?oc=5,,,
2026-08-06,新高値 銘柄,Yahoo!ファイナンス,ETF売買動向＝5日前引け、ＧＸ宇宙テク、上場ＳＰレ２が新高値(株探ニュース) - Yahoo!ファイナンス,https://news.google.com/rss/articles/CBMihwFBVV95cUxQVjNzWUhVYTNydUVNTkxHNHFQbnM1clE5NGtRejE0SlJYblZmUzFMckh5NnVvdDlMUzBvMWtKa2FxeWs5REpjVXgxdUozWTNPZERvelg0dW5XVk8zWnJoTHlDcU9nVGNGajFTVE0zT0FwRTk0VDB3QmhJbWpHczg5RE5BZ0VBd1U?oc=5,,,
2026-08-06,新高値 銘柄,BigGo ファイナンス,ウォール街の強気派：市場はFRBの利上げ確率を深刻に誤認、米国株は8月に新高値更新の可能性 - BigGo ファイナンス,https://news.google.com/rss/articles/CBMidEFVX3lxTE15c2VDZVJyNF8tTWNhb1JMcXprcWNBYnhsZmFlWlBxRmlNRUpmU3NuTk5aYld6UjQ1ZVNPcmdoU3lPNmF2SHhsY21kZUVsZk16aW03eks0eDRnX3B6cFBDYVp4d0I1Qy0tNXJXOWIwM2wyZEhM?oc=5,,,
2026-08-06,新高値 銘柄,Moomoo,米国株が新高値を更新！「夏の嵐」に耐えた投資家に報いる - Moomoo,https://news.google.com/rss/articles/CBMingFBVV95cUxPYXZ5d3dEQ2JYVXhDc0JUYVU4dDE4U0NWMHZ5eEE5a0tCNnZIOC1xa1J4YXM2Yk5rc0VCS3hZTHlNelh4bTJ1WGNHRl9qcXNhN0dQNDI2WWhvRXUyZ0tpaGo1Q21QX0FZVmRfMFlaRWNwaWVKZXJxYWFOdlR3ZGQybXBzbDNQNFJTT3Y4UXlLUXZkR2RqMURrYUl1N3ptQQ?oc=5,,,
2026-08-06,新高値 銘柄,Yahoo!ファイナンス,HENNGE－新高値 3Q累計営業益17％増 HENNGE Oneが堅調〔DZH 個別株情報〕(時事通信) - Yahoo!ファイナンス,https://news.google.com/rss/articles/CBMihwFBVV95cUxNVVdWYkdvbFdDRWFhRTBtNU1WdFRmbmVpMEVlUUViYUpjQ1I1NE1ka2pZcjFZMXI5VWg5bE5wYm5fbkljUVcyS3Z6RlFfSHd5aWI1X05XYmRyYTVSMnFXc3JYdVR5dlNXX1VOSkwwR1lBbzVEXzZYOTFDSjVaNmFWelJOOVRoZGc?oc=5,,,
2026-08-06,新高値 銘柄,Moomoo,米国株は新高値に挑戦する - Moomoo,https://news.google.com/rss/articles/CBMilwFBVV95cUxQMGRvWDkzbm1HSnZjRjhjLVlXR0IxM25ISV8xc211WVNYZGNHdWFnRkMyQ3N4S3VoYmJfR3BHRlpiUVVTcWZlMTFhZmg4d1V3ZmxOckdwZHRjWDNoaFhFVDJ4OC1kTGR5a2dSTWxxRTk2dDlqa3NrcjJ4d1Y3MW9SMU1DSVk0a3BCZjRHNjFIMi0wS1dmWVZ3?oc=5,,,
2026-08-06,増配 自社株買い,ｄメニューニュース,ダイトロン---大幅続伸、業績上方修正に加えて増配・自社株買いも発表 - ｄメニューニュース,https://news.google.com/rss/articles/CBMihwFBVV95cUxNX0N0ZTBQMVdEUmZuRDlaQTlPZXpkeW5zQkpoODY2NlFmZmdUNnhOcE5vVUZCdDJfSzZpOEJuTVVVMGRCTTNiQ3VzSnY2UTJ0ZE9tbEQwZEI1MmxVcEFvWXd1dmQ0akVsUTlpOEpBT3UwNnZoNEpPa1hYaE5xa29uYjhhOUd5b03SAYwBQVVfeXFMT2hlOUtVWk5oSWRuVUdsVlBUd2x0ZTN5SzBpczUtOHJ4WkN6dVNWcEEwZWJ3T3pRWVk0UFZvelh1M0hFaUppRHF5bURDdjFlaVJIM0NuUVY5MktDRnBfZVB6QzYyMHNmdXVIZTl2aGhKWjdUTExIbEs0cTM3RkZKN0NnUlhHVVBiTHZXb28?oc=5,,,
2026-08-06,好決算 株価,Yahoo!ファイナンス,ＣＶＳヘルス、好決算も下落 ２０２７年の見通しを嫌気＝米国株個別(株探ニュース) - Yahoo!ファイナンス,https://news.google.com/rss/articles/CBMihwFBVV95cUxOM01KQVVael83RkFPR0JHTGF5NE1xTlNuQ1JUV3pvbWJmLU5paUtlSTh3UXFaUWpJc0MyVllRWmYzR3RYZ0JYeG9wMGMtSldybE9XeG11T0ZwVkYzYjJ0QlNCMm5YQ3lkelF5Z1NLcDJPQmMzYVNWVURqeXJmaVdIeUc1eUhnUEk?oc=5,,,
2026-08-06,好決算 株価,ビジネス+IT,JX金属、今日の決算どうなる？株価4割下落後に問われる「AI材料」の本当の成長力 ｜Seizo Trend - ビジネス+IT,https://news.google.com/rss/articles/CBMiT0FVX3lxTE9kcUREQnpYYUNRWGNWZGNmeG1CRVVCTkd6a0lnY0kzVEFFRHZ3d0U1UW1aZ3FxZkM5bmxscGo0dlNIVVJ2SzVaRFFiSXZhV2s?oc=5,,,
2026-08-06,好決算 株価,ロイター,日経平均は続伸、米株高受け好決算のハイテク株を物色 - ロイター,https://news.google.com/rss/articles/CBMigAFBVV95cUxQNTZGQnlBR05kMDU1SW1uam5vSnNOUVQxOERyVmRtdHgwRzdTdHctLXE5ZXdGNTM5Wkh1TzlPU1gza2ZGeHFFTTNOdUdJRkxOYU1XYzNyc2c4dWg3YkswSU96QVB6dG9ubUFjT1lCTkxmcXh4QzFJLS1WcHEtYnJ2VQ?oc=5,,,
2026-08-06,好決算 株価,株探,対イラン和平期待と好決算で買い優勢／後場の投資戦略 - 株探,https://news.google.com/rss/articles/CBMiYEFVX3lxTFBoRDNoYVc1MVdWLTF4aHpKamdGc2x5bWd0bVZtLTBIb2pTV2FJLVBZdlpQSjRIQzREWEd1bDRGamxidmhZLVRvcWtSVmNEaUFTTm1oNmZvU1JGaUZ0SUlkZQ?oc=5,,,
2026-08-06,好決算 株価,ダイヤモンド・オンライン,決算発表シーズンが最大のチャンス！ 株価の勢いに乗る「決算モメンタム投資」の極意 - ダイヤモンド・オンライン,https://news.google.com/rss/articles/CBMiTEFVX3lxTE1DVjVZenJndjVSQ0laUG9yMXozRlVXUUZIVWdwMUUxZThOa25NSzJVdGNmRW1SZkhyRFpuMkxtN2Z0cGRONnZ3UW9zQU_SAU9BVV95cUxOWlBBTFhrSE03ekYzdkx5c3ZDWFRCR0pBRE9KQ2xwS0lKN1p4Qm54clFWMkVGRzRYRmpBUk1qeUxFQWlrZDBXZzlKNldTZGpz?oc=5,,,
2026-08-06,好決算 株価,Investing.com - FX | 株式市場 | ファイナンス | 金融ニュース,ジブラルタル・インダストリーズ株が急騰、好決算が背景 執筆 - Investing.com - FX | 株式市場 | ファイナンス | 金融ニュース,https://news.google.com/rss/articles/CBMid0FVX3lxTE9WTjRCUVhZSTlKaHZXOFJhajU5d1l4U2lHNng1Rkh3clRtS0JWTjNWQzY0Tmhja1ZmaW9hRzRtbDJSdlUyR0RzU20tV0d1UHFyVXY5UEVkaHo0S2tsWlMyc2dRM3FpdDBRN1p5WGJNVmxXRXI3V200?oc=5,,,
2026-08-07,日本株 注目 銘柄,マネクリ,【日本株】映画『ちいかわ』が大ヒット中の東宝（9602）など、久しぶりに注目されるコンテンツ関連銘柄 - マネクリ,https://news.google.com/rss/articles/CBMiVEFVX3lxTE5Yc2xMRi1mSld1NjJPUmZyS3FFWnZHR0ZGOWhPcWtPOUhCVTdLN1AxNlNkRUdoX25lWkxFRnJzYXV3bm9zUEdKSGdYRkFkTXVxS2J3WNIBV0FVX3lxTFA1anoxZVB1UDhNZm9zNXNCN0taWmpUWHdDTDRHN1VoSHR5N3JiZklJNUhFSnBtMXhhbGp3Z0FPWUMwNEhKR0JQcFVrTFJJQzVJNmpuZURXbw?oc=5,,,
2026-08-07,日本株 注目 銘柄,マネーポストWEB,【注目トピックス 日本株】ＩＤＥＣ、レゾナック◆今日のフィスコ注目銘柄◆ - マネーポストWEB,https://news.google.com/rss/articles/CBMiR0FVX3lxTE9zTzNXZGw1alBDdEVzNnRiVndzM1NZUTEzcnJPTl9FZXhxTnpiV2gtMnRHSVE0dXBCWGhvRkpsOWJZbS1jb09B?oc=5,,,
2026-08-07,日本株 注目 銘柄,日本経済新聞,ベイカレント セキュリティー対策で成長期待 「実行支援」に強み - 日本経済新聞,https://news.google.com/rss/articles/CBMifkFVX3lxTE9DSktZbkdTdW0wU1cwd2xuRk9tbVM4c3BkQVM3dnh1YXlMZURheVRORjJrWWxvSmpzNjNnTlJWYWswSF9KN29nRDJaQWxtcTdFTjZOVDFPb0k4Q0IzVjExaXpaTmFWSElOUWFVOUFRX0xHRk9iTUVKcV9kazVfQQ?oc=5,,,
2026-08-07,決算 上方修正,株探,ホンダ、今期最終を54％上方修正 - 株探,https://news.google.com/rss/articles/CBMiUkFVX3lxTE1fX1I2SlVaQVN6bXJXSklqYW9WdG5oN2dtNHMyTGFnRi1zeFhHdkxHcDJNUWVOalFjTjFWQ3NjUnM2M184WDZveTk1WkNReDUyS1E?oc=5,,,
2026-08-07,決算 上方修正,Yahoo!ファイナンス,【決算速報】森六、上期経常を40％上方修正、通期も増額(株探ニュース) - Yahoo!ファイナンス,https://news.google.com/rss/articles/CBMihwFBVV95cUxONzNXcE9sZV9nam5Kb05WMWtuRzNGcEZxR1FZOWF6M190bjFmd0I4b1Z5bU1BSkNfMjJiZ3JQV0hSOFAtZmpVRnJEUTdiOWJQelAyRWlzcEpRMnZzcUZMSENBUHBpSkdJdTRQUDhrSFJIX0hzelJDc1plcnh2RUc0SDcxNzdyWnc?oc=5,,,
2026-08-07,決算 上方修正,Yahoo!ファイナンス,【決算速報】味の素、今期最終を3％上方修正(株探ニュース) - Yahoo!ファイナンス,https://news.google.com/rss/articles/CBMihwFBVV95cUxPeGNnZFVsdE9xZUFQY1E5eS1vTV82YmZxS0ItT08zSlZXQzVaTlFOQmF3T05VbGVSdm5lcFFjTzUtTm9PQWFtTG5EdjNoRk51ZGhDRXkzUXRndlpXeS0wX1hkRWZJUHFyS3JyOHpSTVR5M0pxZUR2T3Q2aUNDWWx3Y2NseW91cXc?oc=5,,,
2026-08-07,半導体 関連株,株探,【↓】日経平均 大引け｜ 3日ぶり反落、AI・半導体関連の一角が安い (8月6日) - 株探,https://news.google.com/rss/articles/CBMiYEFVX3lxTFA1WmQ3R0lhLWlTNDZJSjVZX3ZsdzFhbnZCVkFMa2djcTdXbXdQQ2haNlB0Ml9fUGJrMzlKQ3pBRmtJU0hDR19DSWcxSFowcnFGeUZ1bmVJR25jbVNJTVJNdg?oc=5,,,
2026-08-07,半導体 関連株,Yahoo!ファイナンス,半導体やAI関連株の底堅さを見極め／オープニングコメント(フィスコ) - Yahoo!ファイナンス,https://news.google.com/rss/articles/CBMihwFBVV95cUxPekN5LWh1Qm84Q25mS1I2R0tKREJkb1RrMDAzNlpHR3FQOHZ3Y0xuOWRZTW96bnh6ekVTeDc4cVJhd3dMeUR3Ui1CQ29hSjRPRTVIU1ZuOVlnSnpDdHVqcW4wSjA1NWloR1JpU2xPNzI3YnE2NXlUN2RNdmpGdGp4Q09pZFdld2M?oc=5,,,
2026-08-07,半導体 関連株,Investing.com - FX | 株式市場 | ファイナンス | 金融ニュース,利食い優勢も半導体やAI関連株の押し目狙いのスタンス 執筆： Fisco - Investing.com - FX | 株式市場 | ファイナンス | 金融ニュース,https://news.google.com/rss/articles/CBMicEFVX3lxTE1lbnctNnUtN2RJOGpPczNCTzVhZEVfbS00T0xkV1l4MTVPdS15eWhQMmhmMFFKNVF3V2tjY3ROdVM2TUtOZDcycnRQYTY4NHNPZV9NNkxTYWdCeEg5VVZLdFl2Q1RwNWcwM2VsaTNHQko?oc=5,,,
2026-08-07,半導体 関連株,株探,前場に注目すべき3つのポイント～半導体やAI関連株の底堅さを見極め～ - 株探,https://news.google.com/rss/articles/CBMiYEFVX3lxTE10Mi1Tci1GVkJlNUUwWVdKdjMtTFB0REtfcnhPbFNrb2JNREhZY09QMzAyRWJzOXJOSmRQLWo1bHBQcFhsSmtBak9MLXBudVZSeEFwY1lIYnplWGpla2xzbQ?oc=5,,,
2026-08-07,半導体 関連株,Yahoo!ニュース,急落したキオクシアよりも注目は「キオクシアを持つ会社」 資産11億円の個人投資家が意外な半導体関連銘柄として「オリックス」に着目する理由（マネーポストWEB） - Yahoo!ニュース,https://news.google.com/rss/articles/CBMif0FVX3lxTE5vTE9lQ3lUTTlLQUdFVEFHREF3TGJPeUxnQ09WRmR3UF9TN1diaS1hSnBVV19mTHM1RVBncTJpZmxRZlozQXZtclFOUC13Z3p0clVENmt2RkZJdUpUeTV2d1dUajlJSDY2djdUQ05DdGJ4SFZ1MnVpZHpjNkV2eVU?oc=5,,,
2026-08-07,AI 関連 日本株,四季報オンライン,6日の日経平均は反落､AI･半導体関連株中心に売り広がる - 四季報オンライン,https://news.google.com/rss/articles/CBMiV0FVX3lxTE92OXFMMWNNNkF4MGdiWExOVlY3d1EyX2hwbXNWNEtjYjd1dm1QOTFXTGMwZ19rWUc3dHhtc0MtdW5YUVhJNHk4OXNqa05ET1hUSzFZLUJ3Yw?oc=5,,,
2026-08-07,AI 関連 日本株,株探,半導体やAI関連株の底堅さを見極め／オープニングコメント - 株探,https://news.google.com/rss/articles/CBMiYEFVX3lxTFBKakFSQXdXOEN1aGpHZDRoQi04SS1DbUxPQm1iTDVfZE5yQ2tDWmFfUHZlSUotX3RiWFMyaXhIT216MlBFaWZiYW5maHFJcDNGa1FRa29ncUt2dEk0Y1BMag?oc=5,,,
2026-08-07,新高値 銘柄,Moomoo,【AIメインライン追跡】楽観ムード拡散！9銘柄が新高値更新 - Moomoo,https://news.google.com/rss/articles/CBMiuAFBVV95cUxPbEItUWZWSTY4bjdQSlNaZ3lzeG85WVRkNDJTX2xkTzJXRUplYXVLUnVkRmg1M09pbjRIQ1Z6SXN3RHRhQ0g0Nm00ZmtwMjBSNk12WDI1ZFBuNUJyMUFNWVlRR2h4ZTkyOUJjRUs1WUF1WjFhZTBYbm8wX0dBMGJkY3psLXZMRDY4SWd1SzhGWXc5Y2ZGc2dsWWVYSlVmZC0zTVpjeURveXY5dmMxNThmWThNZ2RDRDZa?oc=5,,,
2026-08-07,新高値 銘柄,Yahoo!ファイナンス,ETF売買動向＝6日前引け、ＭＸダウへ有、野村ダウＨ有が新高値(株探ニュース) - Yahoo!ファイナンス,https://news.google.com/rss/articles/CBMihwFBVV95cUxOLWZMTnhBS1ExblBHX3RjZHdxamplV25kQzRrR19oX0I1UVljSGtwejVxRlRVeEZuNmRCWmp0X1NtTlJ6NFV5Z0docmFYWTN4NzZrRnBydUg0Z2IyMGo0MXI3NzM5YVVKQ3AxNVViclNnVmQwbmlfdTNQd3NPaEozd1FsYnlxUDg?oc=5,,,
2026-08-07,増配 自社株買い,Yahoo!ファイナンス,三洋化成---大幅続伸、業績上方修正・増配・自社株買いを発表(フィスコ) - Yahoo!ファイナンス,https://news.google.com/rss/articles/CBMihwFBVV95cUxOUk5VNmVDNktra1oyVmJ4cnl4MnlfSklwS2tnQlFaYnJUbGJaWjFHUGdaLWdZeElSNXNJZUFvQmt1WkVNUl96anNta2tDTFZwWkxPbm0wZUtjZl9OTFQwZ05XSTRqMTAtUjRLcUllUDBFWEpCcVBIekdQRnZHX2otczRfeGIzelk?oc=5,,,
2026-08-07,増配 自社株買い,四季報オンライン,三洋化成工業が急騰､27年3月期増額･増配や自己株買いを評価 - 四季報オンライン,https://news.google.com/rss/articles/CBMiV0FVX3lxTE9TTkh4VTJZNHhRX2tJNUlpRWlnR0pQOVJuWTlnbFJCUUloZmxHTlVzRDkzdGNPRWhQQjB1amFNelgzeFBsSXRRenJyMjNDRWNEUzJjeWRkMA?oc=5,,,
2026-08-07,増配 自社株買い,ｄメニューニュース,三洋化成---大幅続伸、業績上方修正・増配・自社株買いを発表 - ｄメニューニュース,https://news.google.com/rss/articles/CBMihwFBVV95cUxOZXU1cEtZNGE4bTRPRWhjX3Q4cEY2d2lINnJaR2FiLVVKSTlYazk3WHVRWUdnNDJTZ1A5VnZjRVA0S201UUlOME1FeXJzWVVjRV9YY3Vud0FTNXJTT3NLZVU1cTZYdWgwQk5PTklWbUIyNWFEN1NnVWZCVDdWaXVrOVZydXE4Wm_SAYwBQVVfeXFMTzlFUldsSXhpUFhXYXpPLXM3NVdBVVlBbUYyZ0tLRGxYcXVjRUtjUjNVQUYxQnRNZlQxbEVSM1I5MlFSUzF3enBLcHZtdkJkbmZMa01xRzJtZjZsVUJ5S2FiWEZaQXprRjBsV1RiSFVyRG5pUXFUSjgyT3B3cHFCV0tUSzFTeG1Ka3hycTE?oc=5,,,
2026-08-07,増配 自社株買い,simplywall.st,好調な第2四半期、増配、自社株買いは、CRH（CRH）に対する強気の見通しを変えるか？ - simplywall.st,https://news.google.com/rss/articles/CBMihgFBVV95cUxPbnJOcVJBVnE1bFREaVdrbFNMcVBtRkZhV2RkTXhkV2hiNUh2eHVoVW81Z3lOdDlUSFhTWWoyRFQ5LXdwNVJCNXJ2OXB0a1pMbFd1UUxuLXI3NkhXYWREYm9YNFBJSHRIQkd6aXVYWXZiTmQ3ZjBDRi1YZmYtbEVvTVd1bERCZ9IBiwFBVV95cUxPZnNzbU84cmhqWW41Ny1yLXRvbFdfZUFHQUlQUi1IUjNPeDF1dEE2QXh1ZGtLS3VKdENuUDFwRDlEdy0xQzZSM2lPc3lJS0dLRzR0OTJnVGdTaFVsenJONTQ0MXNiYlRqMjZ1Mk9JY3JMOE9uX01JaV9weWdTT3NzWlRYNUFjUGl2NzFJ?oc=5,,,
2026-08-07,好決算 株価,nomura.co.jp,ポジション調整の反動は一巡か 好決算銘柄への順張りが進む展開へ 野村證券ストラテジストが解説 - nomura.co.jp,https://news.google.com/rss/articles/CBMiX0FVX3lxTFBVSF95eFVISnJWT0VEM1ZKcnl2Sy1QRC15OXlfZzdLYWVtOGxHZ19uVUN3V1NRdkd2UHh5OWZsbmNRTGxMQm5HdWFJVDBZZ1JheE8tWWZ1VDg4ZVM2SDI0?oc=5,,,
2026-08-07,好決算 株価,Yahoo!ファイナンス,本日注目すべき【好決算】銘柄 三菱マ、任天堂、オリックス (6日引け後 発表分)(株探ニュース) - Yahoo!ファイナンス,https://news.google.com/rss/articles/CBMihwFBVV95cUxNaVpVRlk2SWY0dWpFY3BIbUVXZHRFdVd0a0RqVzNQMEYtVVVVSGE1dXB4dklsT2JlVDNVSUw1cVBRVjFsTlo2bTAwN1JQNVJCakNRd0F6NThqVkF6ZDhaRDhXRVhEeVhfM2JQWDRBd1NPTUVtdXNvbnY1YVNxVmZlb3hZRmRsamc?oc=5,,,
2026-08-07,好決算 株価,株探,明日の株式相場に向けて＝「決算プレー」乱舞の陰で強まるバリュー株逆襲論 - 株探,https://news.google.com/rss/articles/CBMiYEFVX3lxTFBRVFVrWHcxYVdiNDVnalBTcndwd2k5U1Y5NktJR1VaZjdfS1Zzd2JaRzFTc3dHRl9MUGZqSkszSXN2R1BQMndFU3dxS1kwcEN4SEctV0VhSGZBbWZ0ZmRERg?oc=5,,,
2026-08-07,好決算 株価,マネーフォワード,セリアが株価上昇！ 円安・原材料高でも100均大手3社が「好決算＆株高」を達成できた理由 - マネーフォワード,https://news.google.com/rss/articles/CBMibkFVX3lxTE0wbmJzbEk1V1doenZlT3RtSjU5dmlXQzRTZ0pvUWlIVkFueVhma3RFVE9oMnJKV1ByYUdqbDZaQ0lBT1draWN5enkyd3lpWlhwTjVQdkFtSVY0TWVhR3RKQ3lXU2huZ0ZTRFhWeG93?oc=5,,,
2026-08-07,好決算 株価,Investing.com - FX | 株式市場 | ファイナンス | 金融ニュース,アトラシアン、好決算とクラウド・AI強化で株価23%急騰 執筆 - Investing.com - FX | 株式市場 | ファイナンス | 金融ニュース,https://news.google.com/rss/articles/CBMicEFVX3lxTE5ON2RXTkRMWE0tYnFBdDlGYVlkRktyT2o4UTAxZmd1d1ZtQ0l0RWE4UHRJTEZUMW5VSEhrTHNUelpRSFAyTGk5QXpRYWxkalJUX3p1UkROaGhWVWpzSl8yR1pnZDNKdEFSaFJWcWhsX1k?oc=5,,,
2026-08-09,日本株 注目 銘柄,Yahoo!ファイナンス,テクニカルで選ぶ注目銘柄：クレディセゾン＝２５日線を突破、５日線と２５日線のミニＧＣ形成が射程圏内(ウエルスアドバイザー) - Yahoo!ファイナンス,https://news.google.com/rss/articles/CBMihwFBVV95cUxPQWl1R1hWS29EUlRISDRoLUQxOHRDekg3d0daR0g0MXBBQnhqLTJ6b18tNUdzTmR3OXY0ZndpeFctbWVqZ0h5ODVkX0R3LThiVzhfaF9NbGVUTnFmVWc1WEdfTjRnUGpxR0xEYTVWVDRKSHp4YjVmMmFoazY1WTgxQmt4bmVKR0U?oc=5,,,
2026-08-09,決算 上方修正,Yahoo!ファイナンス,【決算速報】キリンＨＤ、今期最終を3％上方修正(株探ニュース) - Yahoo!ファイナンス,https://news.google.com/rss/articles/CBMihwFBVV95cUxNS1RoX2ZuU3lLLTQwZjZIQll0ZTh0VV9vXzVXX2cteVp4YTNzemQtYm5RTEFpX0VOcmVIRnRUREMzWTNBbmo4MFI4ZllOdHVGbVFxVWR5WkgwOWVPTGFBMlhGS2xHNWdoWUdSQXdBb21ZamZON2FBQzd0T0lzSTVXc3VQYXVBYk0?oc=5,,,
2026-08-09,決算 上方修正,日本経済新聞,決算:リクルートHD、最高益予想をさらに上方修正 27年3月期純利益52%増 - 日本経済新聞,https://news.google.com/rss/articles/CBMibEFVX3lxTE81YmVzYVNZSEZKRHNRZjBtcThPakNDUlBJRlQ2NWMyVlJZZEhyOU1yUmxacW5meS1yY2JPZHRDMTMwV2ZPcjhMbU9FTVVTTlpKSXByUWpUU0xEQVhndXlIZTJyUGxCM3lVVW8wZw?oc=5,,,
2026-08-09,決算 上方修正,株探,フジクラ、今期経常を43％上方修正・最高益予想を上乗せ - 株探,https://news.google.com/rss/articles/CBMiUkFVX3lxTE4ycVYyM2xkVTQ5ekdzYVlqazNuQldPMjU0QVNrQmY0Nm5hODI3ZHNwaFIybktibEFuMFNvOG1jeG55M05OYXVubmpVVVZDN1B5dkE?oc=5,,,
2026-08-09,決算 上方修正,Yahoo!ファイナンス,【決算速報】ケーエフシー、上期経常を2.4倍上方修正(株探ニュース) - Yahoo!ファイナンス,https://news.google.com/rss/articles/CBMihwFBVV95cUxPUFlXNEo2NlBvdS1VRkRVVmsxQTZoTVdfd21hWDBmYjVHQ05oR2toV0NDSkhFNzFrN1Jlc2pqTUVqbEhRZlJwaEp0cUQ4R1U0WE15SnlvbjEzby1sYll3Q0k0VVZNSk9KZ3U0Z0Y1Y3NsVU8zcDZFVDlKQkl4RldCb2k2MDNhczg?oc=5,,,
2026-08-09,決算 上方修正,Yahoo!ファイナンス,【決算速報】ケル、上期経常を70％上方修正、通期も増額(株探ニュース) - Yahoo!ファイナンス,https://news.google.com/rss/articles/CBMihwFBVV95cUxQcHhpVEs3cklLV2tLTEUzRjduejJJTHdmWDYyWWtRYkhwRTVaYTBpWTgtUW1OSU5iN3FLMkg2eHFsMFdEd3RSZmNuMm10dkU5NmZfWFpYd0NPbzhuSlZhWmZpcnFrVV9MbkZwU2JKeHBDSlhiQWdrZEsxVTlXa2tlaHBhSkdHQlE?oc=5,,,
2026-08-09,決算 上方修正,Yahoo!ファイナンス,【決算速報】川重、今期最終を5％上方修正・最高益予想を上乗せ(株探ニュース) - Yahoo!ファイナンス,https://news.google.com/rss/articles/CBMihwFBVV95cUxOOFVUS1hlcm9qdzZ1bHBTeGUzazFzTUpwZktTWC02UEFaVEhJblY2eDJ3ZXBXSHg1MjYyenBMR1RfM2l2eHhDODlBaXg2LVFIeTBmLVpyYXdIaXo1YnE4bFF2cUxiUGp5cUtCNVZwa2NsbEZsOW9Xc0I4SVEzaFNzeTE2dlZzZ00?oc=5,,,
2026-08-09,決算 上方修正,Yahoo!ファイナンス,【決算速報】デンカ、上期経常を57％上方修正(株探ニュース) - Yahoo!ファイナンス,https://news.google.com/rss/articles/CBMihwFBVV95cUxObl9GWlpHWW9JeTNwUmxqUGtIc1B4ZGVqWWlhRWQyakdTNGkyWDI2bEdCNjladWsxTi1tcXlVaUlQa3JHTlNhVTZmQzFoRXF5QWZadmdEUHNlaFFFYng4VTVidEVlbTV3YjQ3dUh0Zkd5NXJwbk9BOXlkUktTb2haNkZhWmFsZXc?oc=5,,,
2026-08-09,決算 上方修正,Yahoo!ファイナンス,【決算速報】石原産、上期経常を6.3倍上方修正(株探ニュース) - Yahoo!ファイナンス,https://news.google.com/rss/articles/CBMihwFBVV95cUxObzJaMjJ1Z2tmZzZnc3lBV3Y3dVhSX0pSWFVyQXNCbVNtU0tjdXluTW5lUFcxVWM2Sy1ERnZOLXl5UUgxeWdFMFZGV1B2anB1N21yWS1faXJNelBOcDJYbkR2ZkxzSGJBY1ZBLU1SZnNrNzlja0ZCLW51MDVFZ1VzTXFqREx1TDQ?oc=5,,,
2026-08-09,半導体 関連株,SBI証券,キオクシア、太陽誘電に続くか!?大幅増益の「AI・半導体」銘柄 - SBI証券,https://news.google.com/rss/articles/CBMif0FVX3lxTE5QM3ZFUm84SFRCRndrQ1d6TlhGcnYtZU1GcnVjNE9ZQ2hRUTVpRnZrMUtZVHNBdGZ6LXRtTmdpbGJCdUp3cGZwd3ZsbEdSS2FJRkdpYjlrb0FWUy1RV1R6MzhYTDlwWWIzMHFLQVVtMHgzcXljeTJrRnN5N0E4YUU?oc=5,,,
2026-08-09,半導体 関連株,diamond.jp,来週（8/10～8/14）の日経平均株価の予想レンジは6万3000～6万9000円！ 中東情勢と原油価格に警戒しつつ、調整一巡のAI･半導体関連の押し目を狙おう！ - diamond.jp,https://news.google.com/rss/articles/CBMiU0FVX3lxTE1CNDFpbWtRYWUwd2t2Nm9WUjFULUx2VjJhcjdKaVVCVDlHb2c5emprWF9aVWFRakxDT3FWOS1IVzhkYjJseThSeDI0cHR4QnNWcjNr?oc=5,,,
2026-08-09,半導体 関連株,日本経済新聞,調整したAI・半導体関連株 ポジション再拡大が有効 - 日本経済新聞,https://news.google.com/rss/articles/CBMifkFVX3lxTE5UcTl4dC1RVG5GbE1OR3M1d0luMGVCVlkxVV9CdHdQVW5QRmlBcHhwNHdpcDRScUtoMFRPRk91dGpHTlF4NkpQRHZacmh2a0ZNZHdmNFZRSkstQVFqTXItTVM4RUsyRlRKdGlkRzVJRWJzNE1aUXR2b2NVeFZzUQ?oc=5,,,
2026-08-09,半導体 関連株,現代ビジネス,【日本株】プロ厳選の「日経平均急落」でも堅い「出遅れ高配当株」6銘柄を大公開 - 現代ビジネス,https://news.google.com/rss/articles/CBMiT0FVX3lxTE5XVklqUHl4QmtyU0lfRWZtUDl0R3R4T0NiV0l3b2JqbFNCdExpb1hhejBMZkozdVZWNmY3UlZPWGFDdmFFMlREYzhyV0gwTk0?oc=5,,,
2026-08-09,半導体 関連株,Yahoo!ファイナンス,半導体株に売り波及、指数主導の調整色【今日の市場はどう動いた？】 - Yahoo!ファイナンス,https://news.google.com/rss/articles/CBMiZEFVX3lxTE9ZUTdFeXkzOWRvYVZ5V3ZHNkRXdnNsbW1MUnN1QXM4TUk1bzJwUlFjZ2FMS3ZHN21OZTlCNW1PekRFVDRJMlUwdmxpWjVqZmhlSE1hOHJBRjllRF92ZDhXZ29GZFI?oc=5,,,
2026-08-09,半導体 関連株,topics.smt.docomo.ne.jp,「オルカン」「WCM」「世界のベスト」がマネックス証券で人気復活、「日経半導体株」は大きくランクダウン - topics.smt.docomo.ne.jp,https://news.google.com/rss/articles/CBMiekFVX3lxTE9uNlhhLW9tUUU0U0EweF9BQXZQOWFmY3BLSU9TNkRmWGVhcFFGZGxlM0xVZHctcE82SnlURk1VNGJlVGxUT2ZFM1c0SHVlZ3d1MFExV3pLX29IOTB6UWkzOEFSZ1hQQkVyNDFtYm1kNkxUMjQ1QTVLZFhR0gF_QVVfeXFMT2R4Q3Jnd3ZNbkk3ZFNSVWI4NzN5cVl0VW1YZVRhVXZwYWtxUmlQV19VdVdGX2tMR1hXel92T3B6MEdnR2tFQXJOSUxUSE9pNGJoemJRX2c4TWhlTl9jZW9WTEZDS3g3Yi1Ma0pMTUUwSW9UWXpYMV9OZjZnTFdJMA?oc=5,,,
2026-08-09,新高値 銘柄,Moomoo,【AIメインライン追跡】楽観ムード拡散！9銘柄が新高値更新 - Moomoo,https://news.google.com/rss/articles/CBMitwFBVV95cUxNczFvazNMaEVzdTNNWnZ5M2FuWWE2R19qS3JSakJqUFRPTThOU2k1N1FHM0lJaWtWZFdnZnhTWHVWNkZZaWZEdmhXRlQ0dDd1OEljSmNsOUw0ZVlHWWY1MWN3NGFzWTFTb011ZVdlVnRES1U3a1RfNnhVTldCems0MXU0MmZNellPWGNrMGxVZTUzMkV0S1lSanFOZ0xyaFI0eHdTVEt2VTlrNGJMOVBsNDRucFZjTTA?oc=5,,,
2026-08-09,新高値 銘柄,Moomoo,米国株は新高値に挑戦する - Moomoo,https://news.google.com/rss/articles/CBMilgFBVV95cUxNeFc4RXdOb2NNLU54TjB0Nk5ZNEYyM21BRGlYMkFmUzd2YTlrV0UzSGZzbXR6R1J2NmVVemF2czlLZUxadWxiY0xwbHhIelN4ZEhfZXczUGVjQXkwZFE2UW9JX1c4dTRMWG5JVWRlQU1kT0dkY2t5bUk2U3NFaWJxdUpfXzdRVHlQQTV4Q3hydkVHRFo4Rmc?oc=5,,,
2026-08-09,増配 自社株買い,株探,三洋化成---大幅続伸、業績上方修正・増配・自社株買いを発表 - 株探,https://news.google.com/rss/articles/CBMiYEFVX3lxTE94NGN5ckl3QkgtZlpHUG9Gd3JCWGxqUXFPOUpXcG5rWHo2QWxfQWpvY19Qb2xsNG9lbXJFLUFPdmY0N1BTVWREamFEN3ZpTlBnbGplTlZjXzZ2VXN0OHdWYQ?oc=5,,,
2026-08-09,増配 自社株買い,Yahoo!ファイナンス,【決算速報】ＩＮＰＥＸ、今期最終を5100億円に上方修正、配当を4円増額修正(株探ニュース) - Yahoo!ファイナンス,https://news.google.com/rss/articles/CBMihwFBVV95cUxQUkhpUEZDZE9wRUNFcDVtS25CN2N2Y3dqMERjdUNQd2FFU2NoeXBnZUFDMkllQTIyZzdyMDZELVphNklHcnhtbjY2MW9XeTZ6cmZIR19EbnEwcU1ua1Juc2c3X2hUQ0MyalY5RGNfZTRpX2Q4UXVaX1FyV1VEd084ZkZpNC02cm8?oc=5,,,
2026-08-09,増配 自社株買い,Investing.com - FX | 株式市場 | ファイナンス | 金融ニュース,三洋化成---大幅続伸、業績上方修正・増配・自社株買いを発表 執筆： Fisco - Investing.com - FX | 株式市場 | ファイナンス | 金融ニュース,https://news.google.com/rss/articles/CBMicEFVX3lxTE52T09vZVdEZFA4YUZVOWR6Zlp4UHlscXRVRjFKaWRwMGJsTTQ1ZUFnVFE1MGcxZjdnX2lZMTFHSmVLOEt0YlQ4ZEhFSDR5b0x0NjlIY3hxYlZPRnRqalVlWF9zcmJGMUFFcWJERzVneVA?oc=5,,,
2026-08-09,好決算 株価,四季報オンライン,市場の手控えムード強まる中､業績上方修正の好業績3銘柄 - 四季報オンライン,https://news.google.com/rss/articles/CBMiV0FVX3lxTFBqVHJSZ2FWVHNsbXJsVG5UOEtydTlnc1hQNy14eWplcVNjTmVGMzEtVGtpUnM0OENtbjRJUnVtQWx6U05kZkI5LWFnWWM2UnNpVDFpYjFDZw?oc=5,,,
2026-08-09,好決算 株価,マネーフォワード,セリアが株価上昇！ 円安・原材料高でも100均大手3社が「好決算＆株高」を達成できた理由 - マネーフォワード,https://news.google.com/rss/articles/CBMiY0FVX3lxTE1BamFjbDNRM2R2MW5nQzU3Y2huaFFLRjVzd3U5YmdhYkM3Qmhhc01JQTJhTXVwVGEzb0l4c3BmaXhua24wX2xnaEM5STR2SkxkRm5JOE9kSElXMHBjcmZCa2hvUQ?oc=5,,,
2026-08-10,決算 上方修正,株探,フジクラ、今期経常を43％上方修正・最高益予想を上乗せ - 株探,https://news.google.com/rss/articles/CBMiUkFVX3lxTE5zWERfcTJRc21OZmlBeTBaUGd5RkhscE54LWRUd2l4Z21EcXBhOUxfb1R2ZjJwUDdjTzJrZEg4N29kVkhNNDJDN1Vtb1dyTnZDSGc?oc=5,,,
2026-08-10,決算 上方修正,株探,フジクラが後場急動意、今期２度目となる業績予想の上方修正を発表 - 株探,https://news.google.com/rss/articles/CBMiYEFVX3lxTE5mbjVHUVliZG1PQ1hqVHJMc1Y0Y3o2REYzZGtmSXNzS2pSQ0U4aUhJS0xvSFllenZiWXFfTGFDTlhtVWZQbjJvaDdoT3J3c2hHT3EwWFhrVExMZVI5QWhtQw?oc=5,,,
2026-08-10,半導体 関連株,Yahoo!ニュース,【キオクシアが「配当」導入へ】それでも資産10億円超の配当株投資の達人が「買うことはないと思います」と断言する理由 見通すのはAI・半導体相場からの「セクターローテーション」（マネーポストWEB） - Yahoo!ニュース,https://news.google.com/rss/articles/CBMif0FVX3lxTE9nZDh1N0NxVUtBNmkzVkhjTDNhcG8wYVI3cTU3SkVTa0NOUVFWdEYxb2dWY01hRXZjSUdBWGpadlZTcEhQWUJWRXpkbnlYUDFsbk5KNmR3TURJMjhWRHU4Qkhtc2pYMWZjREc1TkRuTm5yX2phV3BxbE9CWWFvbDA?oc=5,,,
2026-08-10,半導体 関連株,株探,【↓】日経平均 大引け｜ 小幅続落、AI・半導体関連が軟調も後半下げ渋る (8月7日) - 株探,https://news.google.com/rss/articles/CBMiYEFVX3lxTE9NXzlCS3JiUWZMNGlqSFZZR1VDZzBhQUZsTW04dUZvem4zQUszUVpGT2luUXZnLS1nTV8tMjB6RklxbGF5Rl93NGd6dnR5cGFxNVVpUjFLcG9mWjZacEVCdA?oc=5,,,
2026-08-10,AI 関連 日本株,日本経済新聞,日経平均、年末に7万2000円 AI関連株への買い再び - 日本経済新聞,https://news.google.com/rss/articles/CBMifkFVX3lxTE4zQ1lNQnN6R09lU2ZNcktwSVZLa1Fua1BTVXFrYWtZTEw2a1YwOWRZcDJxSU90TWZlTE1FUHVqcmk3bjByZkwyR0VkWEFScFU2c0ZpNEU3b1d1MFlBMUd5Zk5DOUIxR2FmbjBpbVU1X05YbEFpME5teDczajhjdw?oc=5,,,
2026-08-10,AI 関連 日本株,Yahoo!ニュース,「AI関連株を買えば儲かる」はもう古い…35年市場を見てきた国際的投資家が語る「これから本当に上がる企業」の条件 - Yahoo!ニュース,https://news.google.com/rss/articles/CBMif0FVX3lxTFBpaDNDdGRyOEZ5NEFRbTd1Q3VrWUdnWEMydEVraUR6UXBaWUJhQzZlcGs4cGlDOE5tc3BnS19qM1RDWVpYaDduck5vNWFJdDBRZFEzRkM0Q19RXzhRdU1Ga0hTWXZKd0p4dVJSN0tkSnVaalFIeWR4QTZzQUpWa3M?oc=5,,,
2026-08-10,新高値 銘柄,バロンズ・ダイジェスト,新薬がバイオテクノロジー株と製薬株の新高値をもたらす - バロンズ・ダイジェスト,https://news.google.com/rss/articles/CBMiTkFVX3lxTE5odmVIb1VyT3hudFB2eWRGc1I5QlRkTVpsbEt4dm93NWx1a1dlSjN0REM1OTRwV09iQTFfWGJhamV2TjZNbl9hTHg1bnFXUQ?oc=5,,,
2026-08-10,新高値 銘柄,みんかぶ,ETF売買動向＝5日前引け、ＧＸ宇宙テク、上場ＳＰレ２が新高値 投稿日時： 2026/08/05 11:32[株探] - みんかぶ,https://news.google.com/rss/articles/CBMiRkFVX3lxTFByWmVuSERWWG1BOWVTYVI4ZTB5cWduWHlyXzhMSW1pSTlRVkVkR0hPSXZ2WGdyMDh2MWVjZC1lZVhpSFIxZVE?oc=5,,,
2026-08-10,増配 自社株買い,株探,ダイトロンがカイ気配、好業績の更なる上乗せと大幅増配・自社株買いなど好材料満載 - 株探,https://news.google.com/rss/articles/CBMiYEFVX3lxTE8wbnpIS2pEbGxQamNlTEhSZnB3TkFkSXhUTUdISTdrYmd0cW9NaXMzTW5OeVM2VDQwODdOTlBoTmtUQmkwUXlkMXowMEhsc055MXJvNS1abGNJU1FNc3BUcw?oc=5,,,
2026-08-10,好決算 株価,Yahoo!ファイナンス,本日注目すべき【好決算】銘柄 リクルート、菱ガス化、テルモ (7日引け後 発表分)(株探ニュース) - Yahoo!ファイナンス,https://news.google.com/rss/articles/CBMihwFBVV95cUxQcF9TUS16eFAtRklieVE0TTlsUl9seFZYVDM1TXBBazVsaDlIeFJLUXo3WFhNaWhac2xGVXFMV0pyZ1B1WWpzNHp6ZG1ZcnlMekp4a1JnbWs2QUVUblhxMHQ1SGk5N3F1aG92c2YyTnJBc01ERm9KdkZLNWFiMktXVXBYMDUzVW8?oc=5,,,
2026-08-10,好決算 株価,Investing.com - FX | 株式市場 | ファイナンス | 金融ニュース,好決算が米国株の記録的な上昇への懸念を和らげる＝WSJ 執筆 - Investing.com - FX | 株式市場 | ファイナンス | 金融ニュース,https://news.google.com/rss/articles/CBMicEFVX3lxTE5MRS01em92bFlwVzFQX1V3TGZURURScnBrRlhjYk1oSEJHTWsxeFZxSE1pMm5seFRuai1WT2lhWHMyR2VieFJyTldzc2IydTVJMHV3RU93R0I5OU81Yk53em0yWHBpTERKeERqQ2x1cDg?oc=5,,,
2026-08-10,好決算 株価,マネクリ,【米国株：銘柄発掘】業績上振れ5銘柄、パランティア・テクノロジーズ［PLTR］は「異次元」の好業績　AI主権の需要増 - マネクリ,https://news.google.com/rss/articles/CBMiVEFVX3lxTE40NDhZaEFXLTRXQjNqZXZHUlRGZFEwTG5zR09OVDhHbG02cnVzVzVmUURvVlhPd05CMkRJQk5JOTQ0ek1zaVZYX3E5TmhnclpCb2ZLRtIBV0FVX3lxTE53TDQ4Sk9fQUZsZ2VsWXpzblFERU1jZ0htTEM2elJkVjFoZDE1UFlnU3JFTWNaTWdnOVplaXBQaHN0MGcwNlYtaUYzMDJVQURNbmR4cTR1bw?oc=5,,,
2026-08-11,日本株 注目 銘柄,トウシル,配当利回り5.7％の「出遅れ高配当銘柄」も…夏枯れ相場の中、ひそかに「好決算を連発している」注目セクターの正体 - トウシル,https://news.google.com/rss/articles/CBMiWkFVX3lxTE9aLUVuMlJIRDI1dVZWRS1iQ3Vnbm5ZemY2cElyM2daSnlEeDVlV01zZUc3LUd4cU9naDE1SVR0XzZETnZQVlpPSmxZUXFwRGp1MGdmU0ZYT0x5Zw?oc=5,,,
2026-08-11,日本株 注目 銘柄,Yahoo!ファイナンス,テクニカルで選ぶ注目銘柄：第一三共＝週足で１３週・２６週の両移動平均線を上回る(ウエルスアドバイザー) - Yahoo!ファイナンス,https://news.google.com/rss/articles/CBMihwFBVV95cUxPR3FNZTZZbG1lZjB1Z2tNWGZDaWlicUc5cFN1akRVUFRzclRGVEpaVzhxVWpHNDhLN1h3Nm42SEgxc2MyeVRyaEk4WWRsY3FuNWFSS25DdlNhampzeHJlbU80bFFDeWw2a0dpYmVrZ2o2VHA2M0I4Nmc3cWphR19RSXJmbG5ubGc?oc=5,,,
2026-08-11,決算 上方修正,株探,住友鉱、今期最終を一転23％増益に上方修正 - 株探,https://news.google.com/rss/articles/CBMiUkFVX3lxTE1fcHZkazQtZ0RSWkdsVHVQdUFsLW9KbVRCbWlHZzQtM280VzZpZElnMGFFNDZQeUVhYkprbklwODFSczBybDI4YnlGQ1NndVJZUnc?oc=5,,,
2026-08-11,決算 上方修正,日本経済新聞,決算:DICが上方修正、半導体向け樹脂好調 26年12月期純利益9年ぶり最高 - 日本経済新聞,https://news.google.com/rss/articles/CBMibEFVX3lxTE1zSENKUFdIbW43MEVVczQyQnpFMWEtSzNwVllqWi1TY3VaVTdkOUZ1N2VlTlJuTW9CRWFlNnFPVEt0OW5qSlNYSEdNdmF3UmNjdFlwMW5iWk92VnBYZ3dKeE9SdnE1dl9tdlBsUg?oc=5,,,
2026-08-11,決算 上方修正,Yahoo!ファイナンス,【決算速報】フュージック、前期経常を4倍上方修正(株探ニュース) - Yahoo!ファイナンス,https://news.google.com/rss/articles/CBMihwFBVV95cUxOMjdvUzBfSU12MUZZMDJvXy1qbGhSY3VpbEFwTGdxcFkwRkhZOWFQVEFKMVRMTnhjTmxXWUxSZmkxS21TMVF6WjlzMERjd0Z5aTV6di1TVW50c1pPUmVkWEpfNnV3S2UxQXFtbmpXUDlnZVJnaXVGMEpmd3NYeUtiUTFBXzJ5V1U?oc=5,,,
2026-08-11,決算 上方修正,株探,東京計器、今期経常を9％上方修正・最高益予想を上乗せ - 株探,https://news.google.com/rss/articles/CBMiUkFVX3lxTE1TaHRqd1lRRXYyd3pUN3lzRldNaFJnREVBSWgyRlFTTXhNSXFZc1dyLU9pRHJxS25hcklMVHFSdElfQjNGSzFmVmJZLTJ4bGE5dmc?oc=5,,,
2026-08-11,決算 上方修正,Yahoo!ファイナンス,シードリル、決算受け上昇 通期ガイダンスを上方修正＝米国株個別(株探ニュース) - Yahoo!ファイナンス,https://news.google.com/rss/articles/CBMihwFBVV95cUxOXzhjb3BLeXRISTZobUtNVjNWRWs1Y3RBdWs5cFJ4V1ZENVdDMml4dVRVYUNTRXFLYkEyUWV6Wm9RZ0M2TlJobmpnTlJPSHJXWTdIREpXeG9hSlgzX2E3R3BBMG9DX0JyRHlRaDB2N0VVYVJpZU1JaC1VQm5qSkhhdzZ2a1JxR3M?oc=5,,,
2026-08-11,決算 上方修正,株探,日本化、今期最終を50％上方修正 - 株探,https://news.google.com/rss/articles/CBMiUkFVX3lxTE5TSm5wUjJYLTc3OG82Y0x5dWNDWWlnWW84NlcwSGhpY21XR1N6a3FnVW9tUHVKVlRHQ0E4Sl9CTUZJTm1kU1ZJemhvbXl6WnJoTFE?oc=5,,,
2026-08-11,決算 上方修正,Yahoo!ファイナンス,【決算速報】シンデンハイ、今期経常を2.5倍上方修正・4期ぶり最高益、配当も100円増額(株探ニュース) - Yahoo!ファイナンス,https://news.google.com/rss/articles/CBMihwFBVV95cUxQaGJSLUdPd3BTdjNZZzlUeU50a3E1WXcwZGNubUZrLUZ4Vm85Z0xZQzhmMEI3Nk1CZWtrbXptTU4xNWd2S0hFSGFqazM2Q1RTUm5fVVN2NnlKblk3d1JEREotRFROVmlYLUFnenZGTHNzWkVjNkdQWTJRMURsOXdqb1FrN19GWGM?oc=5,,,
2026-08-11,決算 上方修正,株探,フュージック、前期経常を4倍上方修正 - 株探,https://news.google.com/rss/articles/CBMiUkFVX3lxTFB4Zk9qUGtyajlMY0tnQ25xSkM0T29mYkoyeWlhSTZPYzZfWEpBT3Q5dElUWmlsNGJYbDJWTFdmai1XSkhkLUd1bmNQWWR0ZjVOalE?oc=5,,,
2026-08-11,半導体 関連株,株探,半導体やAI関連株の再動意を見極め／オープニングコメント - 株探,https://news.google.com/rss/articles/CBMiYEFVX3lxTE1Zbktwdm04VWhtbHFGeC1RZjViR181UkdaQ2VGNkhlelcwQTJYQW5XUWlrQ1U4UkpMZ0t0TUV4R1pSYUFLNzJ6R0pfbVJmQTdkOGU0RFpFR2lGMjB1bnoxRQ?oc=5,,,
2026-08-11,半導体 関連株,四季報オンライン,10日の日本株は上昇､半導体･AI関連株や小売などに買い - 四季報オンライン,https://news.google.com/rss/articles/CBMiV0FVX3lxTE5ZVGFCeEs1MzE0d1Rtcl9ya3UwcjgxMEdBLUlGMEdrek1rdzRQbUNsaURKM0t5OEVLbjk0SXRhZVNIUUZ1SlE3N0pweTNBMzRHczNuT2xBNA?oc=5,,,
2026-08-11,半導体 関連株,Yahoo!ニュース,〔東京株式〕大幅反発＝AI・半導体株がけん引（10日前場）☆差替（時事通信） - Yahoo!ニュース,https://news.google.com/rss/articles/CBMif0FVX3lxTE9QNVA3a2FFMDBBX3hCNlhobWJ4MXQwMXRCSEN5RE9CODROOXM5djJsSWtvbXF4Q3FPekNjRnl4UTlnUjJKWnB3M05DOXEwYXRIZlRGWFdWZTZXQXNJY2IzNGZrbDVIdXRBbkt5LWhxYVVYT3M3OXVxaDJlS245LWM?oc=5,,,
2026-08-11,半導体 関連株,NHKニュース,株価 値上がり 半導体関連を中心に多くの銘柄に買い注文 - NHKニュース,https://news.google.com/rss/articles/CBMiX0FVX3lxTE1YNWdNaXY2YXFCN3g5N1Q1bkIyQ2hTdnliNDJ4ODRCUFRqVkROVmFNOWtjb1FEUy0xUGFfVHRrZ3gyYWoxVUtjWXpNdUU5MkVnQU5KSXlzMWEyVURFTzRv?oc=5,,,
2026-08-11,半導体 関連株,ロイター,午前の日経平均は反発、一時6万7000円回復 半導体株押し上げ - ロイター,https://news.google.com/rss/articles/CBMigAFBVV95cUxPVXk0dmRGU3FsTnFUWWVVSWRON2R0TXV0aTZlYU9IZjhSUGEyZFR0M2FXWkhnYzBoMkRxak5VN3VRQk1nQkVMdFJjSjl3NnEwS0RlUFAycl9NQXFDbzlyTlo3OFpEbldma1ZWUHpFS1J5akJ1c3Z1MjJSZ0xnYmZXTA?oc=5,,,
2026-08-11,半導体 関連株,みんかぶ,東京株式（大引け）＝１３６３円高、半導体株を軸に急反発しＴＯＰＩＸは一時最高値上回る - みんかぶ,https://news.google.com/rss/articles/CBMiRkFVX3lxTE4teGEwYlhia29BTDlrMFExVTJUdlU2STl1MmRmdmpyWHhaU21wY2tiOTdvTnVVekFGbHAxUDVJVEdVOWZKbEE?oc=5,,,
2026-08-11,AI 関連 日本株,moneyworld.jp,株、６万6500円まで上昇・野村アセットの石黒氏 ＡＩ関連底入れか - moneyworld.jp,https://news.google.com/rss/articles/CBMiVkFVX3lxTE9fbGl1bUxPSUJTMnEzaWxMU3JBWE9WYXlYSEVCS0xEcE53OWZjZzU1TzFtbjBsazM3bmxpQ0FZeE9ZNy1RZ1hEYzAxallVc1M4QWNCV0x3?oc=5,,,
2026-08-11,AI 関連 日本株,Moomoo,半導体株 vs マイクロソフト、グーグル、エヌビディアといったAI関連株。今年、勝つのはどちらだろうか？ - Moomoo,https://news.google.com/rss/articles/CBMiuwFBVV95cUxPelFBSjR4ZldzT1lFczVvWlNlWG8wS1k2Y1lkUktqenNqb3o1QTZ2YWZmb1pmeHl4STByWEJ3c2VfUzFtcnd2Y2YyMUZPTHN6OElRcDFPUjRJVmIyQWxVNk1jcVUxWEZsNGNjeXRSSGtqSnJEU1VlaGo1amsxX3gxMXN3OHUzNENDN1RiZEd5NjlQUWpieGRUTU9rcWJSVzRxMloyZG9fQmlvSnZsVS0tcG1pOWdZQUM5VUFj?oc=5,,,
2026-08-11,新高値 銘柄,Yahoo!ファイナンス,ETF売買動向＝10日前引け、一心同体、ＧＸリー日株が新高値(株探ニュース) - Yahoo!ファイナンス,https://news.google.com/rss/articles/CBMihwFBVV95cUxNSVhfZ3FILV82R2RFRGlDcTlfUkNVWnFnRkhqTjhpRm5zaFA1YlptS0gtMkRqRURXWWNMVDkzU0NMZWhHNFU3WVhVSXVTTnpqZjhwMTZWaWtienpicmtTZzRxUEh3LVd2bkR5ODZXb0VuVzdSbnQwbGZ6blZjMkFqX1lwQTR2a28?oc=5,,,
2026-08-11,新高値 銘柄,kabushiki.jp,ダイトロン、利益・配当予想の増額と自社株買いで新高値 速報 - kabushiki.jp,https://news.google.com/rss/articles/CBMiR0FVX3lxTE14U09EdnFEQjBRZ1FSak9uSm1yOU9WRzVuQUJjcU9qQUFyV0FxelpaNm1FbGc5c1JMRGFqMkVBaEdFc3ZVMlRz?oc=5,,,
2026-08-11,増配 自社株買い,株探,日本化が３連騰、配当予想の増額修正と自社株買い発表を好感 - 株探,https://news.google.com/rss/articles/CBMiYEFVX3lxTE9QVXVJLTRENEpYVjlSdm5Lc295VmNldW5qVC1YY0NmYm11eDRZbDJfeFZOZGE5UThkMEEzcE9BdHZjSjZCSEFKbENvcmc4S3N1SnB3THFSdDhhNk5jbWFLVw?oc=5,,,
2026-08-11,好決算 株価,ダイヤモンド・オンライン,共和コーポレーション、記念株主優待と第1四半期の決算を発表し、前日比で23％超も株価上昇！ 記念優待では人気の｢スクイーズ｣と｢七味缶｣がもらえることに！ - ダイヤモンド・オンライン,https://news.google.com/rss/articles/CBMiU0FVX3lxTE1pTWhYTElVajMzUExYREY4dGF1WlQ3T3BQOS1oTE5mOHNBaVBKMWpvSm1ZWTNJMG51Z1JmWjVrVFhrNGFoOVkzbmlyZzZ6OEZKSGN3?oc=5,,,
2026-08-11,好決算 株価,Yahoo!ニュース,共和コーポレーション、記念株主優待と第1四半期の決算を発表し、前日比で23％超も株価上昇！ 記念優待では人気の｢スクイーズ｣と｢七味缶｣がもらえることに！（ダイヤモンド・ザイ） - Yahoo!ニュース,https://news.google.com/rss/articles/CBMijgFBVV95cUxOeGsyUjBqV2Rhb21CNmZvNTA2cWNRcUdveWJ6Rkh2ZUJjUGFoZzdqV3llSGx4TUN6a3drZkFOb3FzT0p2NERTWlFXSGFuMXNlWWh0cDNCX0JBXzItVXcxd2kxamJFZ1hna093Q2pGWm9OUVNRQ1paeGxMYXBSQ09Ic3NKRG9VUlRpdjVKYVNR?oc=5,,,
2026-08-11,好決算 株価,Investing.com - FX | 株式市場 | ファイナンス | 金融ニュース,ボウマン・コンサルティング株が急騰、買収合意と好決算が重なる 執筆 - Investing.com - FX | 株式市場 | ファイナンス | 金融ニュース,https://news.google.com/rss/articles/CBMid0FVX3lxTE1sVVJYUjJTOGJlUE0yVExnR0lpWjdob1BUT29WT0RmNEUzWTFCQV9HRlV2akRiSVh3dnI1OV9RQmVIWTBsYWE3dDJDSFBCc3VIbWFWM3hPaW56TUMxU2RJSU1YNEhrajZnb3hVdGM2THVlZ2M4M1Nv?oc=5,,,
2026-08-11,好決算 株価,BigGo ファイナンス,リクルートがストップ高、好決算と目標株価1万7100円への大幅引き上げで強気評価が加速 - BigGo ファイナンス,https://news.google.com/rss/articles/CBMidEFVX3lxTE9DVVpOQ2VXV3R2cy1FN04wWWVkYTdoWVZVYlcwSVVONDJBNGVId0Q2c0Fidk5OVlFFNmpfT21jT1BRS0FZaXR1eGItRUl1RTdrSHJjSWNJdThkVjloeFRkOTFaNTNCVHR5cWF6ZnVSWW03NTZh?oc=5,,,
2026-08-12,決算 上方修正,finance.yahoo.co.jp,ラピッド７、決算受け大幅高 通期１株利益の見通しを上方修正＝米国株個別(株探ニュース) - finance.yahoo.co.jp,https://news.google.com/rss/articles/CBMihwFBVV95cUxNN0hGeWNldUQxdjJTY1l4Zk9QMXVRY3czenY5cGM1eU90a2JQYjlLanRjSXNDWk10TXpmMWlpVlUybnVfNndaT0MwUlJzMG14XzJ4VWl0Z2ZUeEhOUVN0NnJlTE5ZR1M3UlFlOVBNOWZsejctUVk2cEVIYlVpY09DOFp0UVU4ejg?oc=5,,,
2026-08-12,決算 上方修正,株探,★本日の【サプライズ決算】速報 (08月10日) - 株探,https://news.google.com/rss/articles/CBMiYEFVX3lxTFA3ajluMjJMRTNEVEJnZFRLQWo3RlViNzJPcnl3b0c4N1JSVGMxSW9VOXo1cmF0M05uNGk3RXo3NTNHOGR5RjNYWm9XWUxlekd5SjFVa3R5U1lkY3B4NmlQVw?oc=5,,,
2026-08-12,決算 上方修正,Moomoo,NBIS決算プレビュー：2026年ガイダンスは再び上方修正されるか？ - Moomoo,https://news.google.com/rss/articles/CBMitAFBVV95cUxPY29EdGNlSE9pN1cxN1dLWnEtVU1jdnZ5T1ptOUd4ellHTm1KWVh0QjhzUFVuX0MtRG02MFYydkJnZ0N5cFNfMm9mci1GMlhIN3RTQXJ0bTRTMTFsRGhGQnI4RlJYLWNXcG9GTnlxeHh3SFBMa1h6clJxdVFiVHNseHc5WDhjcWx6VUpIN0JPajhzN0JRQkZ6R2l5Sl9qLVlTMUJ0ZmJpU0ZXc19GeW9SdUEtTXg?oc=5,,,
2026-08-12,決算 上方修正,株探,本日注目すべき【好決算】銘柄 リクルート、菱ガス化、テルモ (7日引け後 発表分) - 株探,https://news.google.com/rss/articles/CBMiYEFVX3lxTE1aOWc1d1RtZU0xOVZ2N2w4NUZBN0ZaeG1TZjhEelB4TFpUc3pxY2d3ek5uMEUzcTdYclM1M1V4b0ZaeHpkTy1KWjVuR1MyTXRzQTNPYjJhSVZvX3ZsMTZhRA?oc=5,,,
2026-08-12,半導体 関連株,finance.yahoo.co.jp,半導体やAI関連株の再動意を見極め／オープニングコメント(フィスコ) - finance.yahoo.co.jp,https://news.google.com/rss/articles/CBMihwFBVV95cUxNUVBfN0lFR2ROTl9JSDFzVFlXYXNkaDBhclE2QlZZYlphSDhhakVVclphMEpucWJETnFzMEFvMVVxRFFEVXdRWUZIbzNFU29aSzlGdVJRQlhsLXNhNGpZLUg5ZnhHcThzTTVQbGhybVhZUmFUSG8zcXRCUlVlZlJ3bUNWZTlGcUU?oc=5,,,
2026-08-12,半導体 関連株,finance.yahoo.co.jp,AI・半導体主導の反発、関連セクターに波及【今日の市場はどう動いた？】 - finance.yahoo.co.jp,https://news.google.com/rss/articles/CBMiZEFVX3lxTE9zZTdhVE8tbi1qOUFkQjVUcnVCNlVMd2pYUUtheDlJUVZLN1Z1NFBBQ25EWkt4T1M4aURTNENfRl94ZFdmdDJ4MXloT3Rqc3lkNnJfdDJhcDBPSUVUNmJ3Nk1tbks?oc=5,,,
2026-08-12,半導体 関連株,四季報オンライン,10日寄り付き直後の日本株は上昇､半導体･AI関連株が高い - 四季報オンライン,https://news.google.com/rss/articles/CBMiV0FVX3lxTE5vNkZoYVFjSUNXYXVNSHZNcVhsNl9kQjBES2cyd215MC1wYWJHaHAxVDdDc3dhWkxZMVlzcDVLQmtYM3lDd05BYkI2UVFIRmZNbHNPSlllYw?oc=5,,,
2026-08-12,半導体 関連株,Yahoo!ニュース,〔東京株式〕高値もみ合い＝AI・半導体に買い（10日後場中盤）（時事通信） - Yahoo!ニュース,https://news.google.com/rss/articles/CBMif0FVX3lxTFB4Qm81Wnk5RTNQODUtS2ktOUhZeGtUUkVnbkF2R1VwUHBvZ3JpRHJYZFVQeGRyd1ZEQ2FUMEN0OUNOS1VCY0hkbC1ZY2Rva2JaZ2xrQi03U3gzTHFYYlZGdmxCb0NkN0pWaFAxTU1RdExsRi0tR2l4ZnpILTFHdEE?oc=5,,,
2026-08-12,AI 関連 日本株,Bloomberg.com,【日本市況】日経平均反落、米株安受けハイテクに売り－債券は上昇 - Bloomberg.com,https://news.google.com/rss/articles/CBMid0FVX3lxTFBKX084T1U2ZzkzbG5Zd0tGMG9iLVFsVXhqS05HdVItcVI2V0RZLUZHVHdQMGZIZFAwNW5yeU14eDFfNEhEMkxnT2tIVXlKckRmRFhITHlDdXJELTI5dVNmOXJJLUJIWGxjU0dVUGhnZUdtNm1iblpV?oc=5,,,
2026-08-12,新高値 銘柄,みんかぶ,めぶきＦＧが３連騰で新高値、金利上昇追い風に今期業績・配当予想を増額修正 - みんかぶ,https://news.google.com/rss/articles/CBMiRkFVX3lxTE42THp3SXdyTWJyZzVFc0MzaFNUNHFUMnZnWTRKLTBjaGdYM0UycW5hOFl0QWQ1NXFIMWFOTGdnVXlJLW1oSFE?oc=5,,,
2026-08-12,増配 自社株買い,株探,ダイトロン---大幅続伸、業績上方修正に加えて増配・自社株買いも発表 - 株探,https://news.google.com/rss/articles/CBMiYEFVX3lxTE1ERkxVMWZzeFFqR1JXOFg0dnlYajR4Z0RJdFprcXNtSWZWNzZHWTVCNDdKLWpWMWlQNmpUZUhJMkxqTk1mTjBFcDIwREg2VXd0cEZXa0pKTmI1M3JXTzd2TA?oc=5,,,
2026-08-12,好決算 株価,株探,5万円以下で買える、好業績＆低PER 28社 ＜割安株特集＞ - 株探,https://news.google.com/rss/articles/CBMiYEFVX3lxTFBCYlFHamQ0NlRVLWx1cnVwaWhOVEZMSF9Nbi11ZHV0alNGWE1yc2FhZUtxNHdSUzRJbTBtWFRsRW02clZmRXNfeTcxMXZsbHN0X2JyY00yVjRPWWdyUGQ4RQ?oc=5,,,
2026-08-12,好決算 株価,finance.yahoo.co.jp,明日注目すべき【好決算】銘柄 ミナトＨＤ、精工技研、スクエニＨＤ (10日引け後 発表分)(株探ニュース) - finance.yahoo.co.jp,https://news.google.com/rss/articles/CBMihwFBVV95cUxPOEM4cWwtM3d4bC1NTHBMWWo1cjFCQWNyd1pveURyaWphbjhYcktheU44V2loejRPYVI3YXREakVMaVQ3d2NGZlZ1VW42Rm5yR3JsTDBDcHZ1dGlLaW93Ym9BcnQ4bHZFRk5jZGVWazIzbnY1ZlRaRUpDbE94TWYwTVhUZnlJanc?oc=5,,,
2026-08-12,好決算 株価,Investing.com - FX | 株式市場 | ファイナンス | 金融ニュース,TruistがRadNetの目標株価を好決算を受けて94ドルに引き上げ 執筆 - Investing.com - FX | 株式市場 | ファイナンス | 金融ニュース,https://news.google.com/rss/articles/CBMidEFVX3lxTE5md0JZbjZIUktJT2E0cWVybTN2SU9jaHhlUTNqRHdnWmVRdWpWNm9UVHRCMThaM0hVOEtLTURKTjEzLWJHR3p4YnBRM0Nac0ZFZFJ4TWRlLUlpYURBdVlDUkFCSF9ZTmRNWTRRMy1oR1M0TXNW?oc=5,,,
2026-08-13,日本株 注目 銘柄,nikkei.com,ゼンショHD、コメ値下がり追い風 海外の中食に注目 - nikkei.com,https://news.google.com/rss/articles/CBMifkFVX3lxTE11U3p3UHdXX0xnWTZma3VVQm1Bamkyc1hDdFhPWDZCbHRmWXNTSllTV05FMjQ5VzR4dHQta2RGNjRTVzJlYkkzQkZaeUxfaGNkd2hBb0VIRTBVeEN3YzhsRlE5RC1iU1Z5RlhhRU4tdE9sQkxGcXNyUGJRbFkwZw?oc=5,,,
2026-08-13,日本株 注目 銘柄,Yahoo!ファイナンス,テクニカルで選ぶ注目銘柄：ＴＯＰＰＡＮ＝２５日線を突破、５日線と２５日線のミニＧＣ形成が射程圏内(ウエルスアドバイザー) - Yahoo!ファイナンス,https://news.google.com/rss/articles/CBMihwFBVV95cUxPRTZJck9MeDNEMUdQMUhrOGd4RWRRajE3TkRFeFVwNnlBOUswYWVZWEFrdVFkdVlYZkNpVDliN3AxWlQxVEdULWFJc24xVnJidU1KTDN1VVpidnh4c0pKWFdWRWNzRXlicDQ2YlZRTWZaeXJqWWVteE04RVNLZlhrcXdwMWxWMFk?oc=5,,,
2026-08-13,日本株 注目 銘柄,トウシル,"【9月株主優待ランキング】1位はPayPay1,000円分もらえる「予想利回り3.94％」の高配当株…458社から選び抜かれた人気銘柄TOP10 - トウシル",https://news.google.com/rss/articles/CBMiWkFVX3lxTE53UnU0VGswRFNrdVlhSlhJNkc4RTlDaGo3TXhOdGdxLWlwRkRWdzJlVUhrWklQcFdwbEN1dXQyVmxWQnAzZXpXc1JDVjVJQk9VVjJMS21aN05Bdw?oc=5,,,
2026-08-13,決算 上方修正,s.kabutan.jp,ＡＲＣＨＩＯ、今期最終を4.3倍上方修正 - s.kabutan.jp,https://news.google.com/rss/articles/CBMiUkFVX3lxTE9JblVfbkJDdUVOcklNcE9yck1DOEotWlV6amt5SXFHSGJOcFB0M3VQVVc3bFVhOTRHMXlzMHZNSXhCd0dHNVYxRW5uWlF0WnQ5SlE?oc=5,,,
2026-08-13,決算 上方修正,Yahoo!ファイナンス,【決算速報】ＴＯＲＥＸ、今期経常を23％上方修正(株探ニュース) - Yahoo!ファイナンス,https://news.google.com/rss/articles/CBMihwFBVV95cUxPaG9SV2pUWEdWZ041aDhFZ1BaVXE1THRnc1BVT0VldnpFeC1ZRE1KWm5YdjNEa3dmMTgta2tjSHBtd0JkRmxGdVhfWjF5bmNIMmxXNmczcS1abXlib2NVRElxdm1mU0dodERoM2ZIZzNRN25Td252SlJ4RFkwTmtqQ0lCNGd1ZHc?oc=5,,,
2026-08-13,決算 上方修正,nikkei.com,決算:四国化成HDの純利益49％増 26年12月期予想を上方修正 - nikkei.com,https://news.google.com/rss/articles/CBMibEFVX3lxTE5iaEJlT3ZoX1p1TUhKeWFTVVV1Y1hxclRtaDc0TllUY2Q2OENFSDNnTDF1ZjFNLWdMMU91ZmJMbFJyWlpqeWFsbGNFSmMtWGNQdkhBa3RmR1o5NzZXUkJ2SEhVLVhiNHZqT0dYVQ?oc=5,,,
2026-08-13,決算 上方修正,s.kabutan.jp,ＴＯＲＥＸ、今期経常を23％上方修正 - s.kabutan.jp,https://news.google.com/rss/articles/CBMiUkFVX3lxTFA1SC1PQWY5TUlqWi1nclg0MHV2c3EzRE1rV29SWEM2XzNNOEtzWi1seFFSajVrSGw1eU0tOVgyUTM4NjJrRWZIajNxUXNoTmp0ekE?oc=5,,,
2026-08-13,決算 上方修正,Yahoo!ファイナンス,【決算速報】四国化ＨＤ、今期経常を27％上方修正・最高益予想を上乗せ、配当を増額修正(株探ニュース) - Yahoo!ファイナンス,https://news.google.com/rss/articles/CBMihwFBVV95cUxQXzhIMHgxVGxsSDdnY1AwNVdYWC0tT0pKYUQxc01zSno4UXpvNXlwRzIya25TV1BkYTdLSkdEYWFqR0VNclg4eFhJV3ZDZUJ5alNpMW5aaDZvTDFhOFYtT0k4dnlhcmN0WWtReWVsa0c3Rk1pNWloeDBJRmQ4bXNpWHBram1vNUk?oc=5,,,
2026-08-13,決算 上方修正,s.kabutan.jp,ＴＲＥＨＤ、上期経常を65％上方修正、通期も増額 - s.kabutan.jp,https://news.google.com/rss/articles/CBMiUkFVX3lxTE9ZWmVKOFctaThKS2dPT1hMWTVzN1NtMUI0bUl3NFFfY2JPWmhpQ3RqWWNWNlFPMzdGLUdGb1YxdEd5UmhaeTRqUWlRUlpwZVpsaUE?oc=5,,,
2026-08-13,決算 上方修正,Yahoo!ファイナンス,【決算速報】ジンジブ、今期経常を5％上方修正(株探ニュース) - Yahoo!ファイナンス,https://news.google.com/rss/articles/CBMihwFBVV95cUxPNjBjTWRTaW1ramtwYjFGMHFUakZYa0IyOW1TVmRWSDhzZnhXbGh5WWVaN0Rybmo0dXdaSUdJaWswUFZqZk9keUNrQ3k4Z1NSdUlVM29YNjZDQjh0RTYtNXQ4RDh4b1FaWkV1YTduYUVEbGFzZVk2Tl9DSWJsS09ob2p6Y1haN3M?oc=5,,,
2026-08-13,決算 上方修正,s.kabutan.jp,ＴＨＥＣＯＯ、今期経常を2.4倍上方修正・最高益予想を上乗せ - s.kabutan.jp,https://news.google.com/rss/articles/CBMiUkFVX3lxTE5WWXB0VllFUzh5dlFfWVlGZWVCYmxIeU5FUWdQQUhDSFRwT3Zxb1ZLQjdXeWhmdkJFSkR0a2hGeHhpQ0Qzc3JkVkZUZjZUWG9HSUE?oc=5,,,
2026-08-13,半導体 関連株,四季報オンライン,売上高の半分が半導体関連､高値突破を狙う中堅化学株の正体 - 四季報オンライン,https://news.google.com/rss/articles/CBMiV0FVX3lxTE9CRXdQYnlJNGxOdklwSlpPTWVBaklLRWo4MldVNXVCdUpiUk5jWFVOZDRvNmxyV2ZjaEwzVWJFYTRfVmw1cklibXdlQXFORjduOUx0WWZaVQ?oc=5,,,
2026-08-13,半導体 関連株,kabutan.jp,AIインフレの恩恵満喫、好況に沸く「半導体商社」関連にロックオン ＜株探トップ特集＞ - kabutan.jp,https://news.google.com/rss/articles/CBMiYEFVX3lxTFB6dDkzUTdvcWR3eXFNMllqc2VqZVVwSU5sbE5sQVVMMm9Wb2hJNndrUk5QSDRTSzVoR09EbWVtMXBEZW9GdXoycVlDb3l2TjJPaEY0N2pld1BISEJWdzNraA?oc=5,,,
2026-08-13,半導体 関連株,ｄメニューニュース,米半導体関連株高などを背景に買われ、1カ月ぶりの67000円台【クロージング】 - ｄメニューニュース,https://news.google.com/rss/articles/CBMihwFBVV95cUxPNmVINHNCMkwwNG4tMHllR195cjdDZnNtelpEN1F0T1QwZUhuMXk5QmQyOHBVS0Z5N3Npcld3NXpoX1M5U0U0d1hDUm9TZms2dHBDcUJHdVdqMlBscWtrTmszcEVPM0N5NlJGVU9PLVJGVWNHdjR1VTJocklEZ0RJNmF1REhhOWvSAYwBQVVfeXFMTV9wMml2Mk1EcjZwaXJ3a1dianJ2RGpkQlB3QXJBU2FQaTM5bFZ0eFRXelZnVG1mcVp2MU9zNk1NVG5oQTU5X0JQZE5rb1B6OWtBVDdRNU9qQjA3aktadW5mb2VJcTV4X2lRM1Z2dkRTajVZbkJLTTRCR2lGX3dJN3B1S1hGUVk2T0haY2k?oc=5,,,
2026-08-13,半導体 関連株,Yahoo!ファイナンス,半導体株高がアジア市場の主役に【今日の市場はどう動いた？】 - Yahoo!ファイナンス,https://news.google.com/rss/articles/CBMiZEFVX3lxTFBKc2FGTHA2Q3dXYWpCWjVwcjdpdDgtNUpJV3VfMUxBTzhVWWthQ1FyRmtmUXdmZk5TRUMxNk5MaWVPZFItMWVzMl9iMG42eFhXY2pKTmtpcGpickhqWHZ5RGViX3g?oc=5,,,
2026-08-13,半導体 関連株,nomura.co.jp,AI・半導体、金利上昇、防衛… 2026年後半の日本株テーマを深掘り 野村證券・大坂隼矢 - nomura.co.jp,https://news.google.com/rss/articles/CBMiX0FVX3lxTE9FcTJlMWNydnBNVDM3azJCTm1haUwzTlNmWE9pTzVoRTFlT3AxTEVDdml4NmhXSDVZV0VfMGdWeFhvX2N3TVI3RV9KWnFYVDg5MmtiOUdZSFhpN0lUMGpj?oc=5,,,
2026-08-13,AI 関連 日本株,Yahoo!ファイナンス,〔株式・今日の見通し〕続伸＝AI関連に買い、薄商いか（13日）(時事通信) - Yahoo!ファイナンス,https://news.google.com/rss/articles/CBMihwFBVV95cUxNVjJpejFlMGNYVThuSVhWOHRoek9vT0VuTW44R1VnWDQxVElaM2tsNkZXZ1ZmbzhIQThremlSS2hCMHJJaml2S3NJRUtiQXhsa2FXa0h4MnJ6amhJSE13UHBDNlB0ZUhTNFhFT0hwM3JicTdPWnBCNm9mZVRjbjhIX0o1eEY4bG8?oc=5,,,
2026-08-13,AI 関連 日本株,moomoo.com,モーニングラップ | AI関連の設備投資ブームを受けシンガポールがGDP成長率予測を4.5%-5.5%に上方修正、ハイテ... - moomoo.com,https://news.google.com/rss/articles/CBMirAFBVV95cUxQejZmU2JsMTE1czB3TldSOGxDbUE5TDBiSHQxRnpJZ0lZVjlLa2d6U05MSVR3eXlwRU1wYkVZMVNzZ2YxUzFmellGN2VMOEEydFliM2ZYMDc4V1ZRRTVHdTN1NGZWNS1LcmRHSTJlQnZQZS13UzhmcF80a2EtYkZ0RlFsdm90LXZsaVBCazJ2WmhraHpucl9JWjJTVGV0TlJaM0NXM2dWd0RZeXlS?oc=5,,,
2026-08-13,新高値 銘柄,Yahoo!ファイナンス,ETF売買動向＝12日前引け、野村高配ＣＦ、一心同体が新高値(株探ニュース) - Yahoo!ファイナンス,https://news.google.com/rss/articles/CBMihwFBVV95cUxPamgyZHF2TlotQ2lsMlFma1cyLXZHZjZTQzhZYThvaS0ta3hQNXFISmEwS19kRmtlbjFMMzVmT3psT1ZMOHhzMlRNcUcta3N0ZWlBV1c3Z2pMUEQ1YXJlZ192bGNhUUxyVmY3bGZXVF90SWdSMmVuaXdfRUhKSmNqa09XMWthVEE?oc=5,,,
2026-08-13,新高値 銘柄,四季報オンライン,上昇波動に突入､年初来高値更新も利回り5％超の繊維株 - 四季報オンライン,https://news.google.com/rss/articles/CBMiV0FVX3lxTFBTRnYxRHU3U3B5eFp6Wk0zOHpmNFRMYUo4Z1NzaVloZFo2NDZ2MWdTa2dVZzVQbUtaR3F4VHgtWVotaEl3a2wzek9lekZKWElXVWhUM1p1SQ?oc=5,,,
2026-08-13,増配 自社株買い,simplywall.st,過去最高の利益、増配、自社株買い――これらはコモンウェルス銀行（ASX:CBA）の投資ストーリーを一変させたのか？ - simplywall.st,https://news.google.com/rss/articles/CBMirAFBVV95cUxQX1FJdEN3U1Fxb1NLTVQ0TWxlVEhKblVSM0xHbDhvckN0Vm5iekN0TklSUXpPNHVHQ1J0eDE1WndwNkd5R2JZZzFXenhlR2Z3YUhZenQxck5sZ0FxWllYck5KNTNnMjBQY1Z1Y2ZFU0pheWxZMGJUVWxHbTQ0bG9Yb2s3THZBYzJJZUNYWXNMZ3J6NGQwM3BXMjZsMUJuc2JJd1JjUFNTa0ZZa2pt0gGyAUFVX3lxTE5ScU40aUNNNUJGeWZMelNRVzFqWGJQWHl1SUxTZU13TENNUXRWN0NtVm1DUWlwbkFmWTJtc0otNjY1elo0RjZvZUctYm9ibHRIODQ0V0p1R01QVDBpbUVrakxyZEdxZTJtcklXUndQRDhSeFZJeFJXQ3A3c1BCeXYtNkhlS0U4U1JaRE9aY2ZKS2hpeHdiYXRMZjJ2N28wXzFQUFhhQUZjSGxIWVRaMEExbGc?oc=5,,,
2026-08-13,増配 自社株買い,ｄメニューニュース,ＤＩＣ---大幅続伸、大幅上方修正や自社株買いなど高評価続く - ｄメニューニュース,https://news.google.com/rss/articles/CBMijAFBVV95cUxQeFRNQzd6YkZjQVk2d3N1T2pnbEYxeG1YZXVUZWtTMlo3MTZ6cnJyZ0xuMzMtcjg1Nl9BM3dwdm5qakVtT1FEVlZieHZNTW9lTXQ0SkVQTTV4TGRKaUFFN1R4WWpRSHdLSk0xTThmN3hERkZJcFg3TGU2N3NJNXk4ZzU2aTdjd1ZvTXVKdNIBjAFBVV95cUxQeFRNQzd6YkZjQVk2d3N1T2pnbEYxeG1YZXVUZWtTMlo3MTZ6cnJyZ0xuMzMtcjg1Nl9BM3dwdm5qakVtT1FEVlZieHZNTW9lTXQ0SkVQTTV4TGRKaUFFN1R4WWpRSHdLSk0xTThmN3hERkZJcFg3TGU2N3NJNXk4ZzU2aTdjd1ZvTXVKdA?oc=5,,,
2026-08-13,好決算 株価,Yahoo!ファイナンス,シスコシステムズ、好決算も時間外で下落＝米国株個別(株探ニュース) - Yahoo!ファイナンス,https://news.google.com/rss/articles/CBMihwFBVV95cUxQN0stenN5dWlKLVhUZGNWdG5wTVE1UXV2N2doUXJwLWVxSDZVNVlabGhIRW1oZFQtTHV0a0E2Q0dXTUw4OVFMZHdjd2Y3aGpBV2c2Nzdjb3NndDlVMWZGMzh1bkY2RlFway1JUFVEV3NNUW5ZeHVnenZmUUg3ZFBPemV5dmxFQ3c?oc=5,,,
2026-08-13,好決算 株価,マネクリ,【米国株動向】パランティア・テクノロジーズ［PLTR］、好決算で変わり始めた投資家心理 - マネクリ,https://news.google.com/rss/articles/CBMiVEFVX3lxTE1Bc3B3TDNTTkZFSmpWM05sY3YxQmZCOFRhZVhRVTlnWDFFd09lMmo0cjBjSnE1M2NfeGUzd0N0R0E1QjNELVBUNDN2czViQ0VoNUwyQ9IBV0FVX3lxTE9OQ3cyV1FpUTVyRV9TWm5XRXpCclVEUlZMdFpRWjNsNlEzOVN0dzl2aXdwMnFVNkc5ZVFGZGVDVzJWRU82ODZSNnUzV2tHb1Zlai1mcnpHdw?oc=5,,,
2026-08-13,好決算 株価,nikkei.com,TOPIX最高値 好業績で広がる物色の裾野 ヴェリタスEYE（8月12日） - nikkei.com,https://news.google.com/rss/articles/CBMifkFVX3lxTE1JRWxxNTBCZjJmNEg3VmJUblBJSnl4Y3QtNEExSU5FOXFLaGpaRncxMDdySzhkcFFlaW5JdTV1M3VNVHRoT2RoLWk4RUt0eU5fNElRNzdFcE0zVVJUcXRTX0lCRXB1cm5FOTRJcDgySzRvOU5aZGFJby1ReXlvdw?oc=5,,,
2026-08-13,好決算 株価,Investing.com - FX | 株式市場 | ファイナンス | 金融ニュース,グロサリー・アウトレット、好決算と見通し引き上げで株価12%急騰 執筆 - Investing.com - FX | 株式市場 | ファイナンス | 金融ニュース,https://news.google.com/rss/articles/CBMia0FVX3lxTE1BTV80RVo1UDZxajJuam91S044Ql9zd1d4czZPcEdCWTBZN1hVVnRlWHBnd2hOSkR6N3dxbUQxN2ZjeUw1QmdJamhGZDhGbFh4X2pTTTAwMFh4ZGtxZ0xYZVFGWUIySkN0eEtr?oc=5,,,
2026-08-13,好決算 株価,gamebiz【ゲームビズ】,【ゲームエンタメ株前場(8/12)】好決算発表のスクエニHDは年初来高値も上値で利食い売り 先回り買い入ったサンリオは大幅安【チャート掲載】 - gamebiz【ゲームビズ】,https://news.google.com/rss/articles/CBMiREFVX3lxTE03S044Q05lRXhEYjNHR2NDc1BMTUZGVUtJWllHN0hhMGJkOU1tWndGUGs5ZjNoTUE0bUFnR3hGUjV0akhS?oc=5,,,
2026-08-13,好決算 株価,TBS NEWS DIG,日本株は好決算銘柄が上昇へ、原油高や米CPI警戒で指数の上値限定 - TBS NEWS DIG,https://news.google.com/rss/articles/CBMidEFVX3lxTE8zLWVhamJseUFQVnotRGYzVUE4ajJuTHZCbnB2a05TZU96SFpOUy1xYk10SmhHNV9vSUtIbUc3dzYtd0xSRDZMT3QtRjVYMF9wZGJwWlQxODZVUG5GSDJ5TVdhdzFZdUhoNVpUNF9TM085cDM3?oc=5,,,
2026-08-14,日本株 注目 銘柄,トウシル,【田代くん注目！気になる5銘柄で投票】ジャクソンホール会合後は円高？「米ハト派・日タカ派」で注目したい日本株5選 - トウシル,https://news.google.com/rss/articles/CBMiWkFVX3lxTE1COTBISFkzelBVUHc0RTBPVTFGNVJrQ2JqU3hvSl9DTUtXQkJEZ0w5eWQyRHVveFFVaUtlT0NzV0FZRXhGMzZjQ29pcGEtN0hqSVl6dndtcXlvUQ?oc=5,,,
2026-08-14,日本株 注目 銘柄,株探,本日注目すべき【好決算】銘柄 日本マイクロ、ＡＲＣＨＩＯ、ＴＯＰＰＡＮ (12日引け後 発表分) - 株探,https://news.google.com/rss/articles/CBMiYEFVX3lxTE9RWE0xSGVLZmp0OU5UY0hDSHdZVmRsZzE4ZVdlWC11YV9IVGx6ZUFzUlhWWjU2RlIxQnByQ2N5RFJSTnc0cUE0VjhXOTNVOHJKbjk0SDY0ZC1yM1EyM2doZA?oc=5,,,
2026-08-14,日本株 注目 銘柄,四季報オンライン,｢再びの円安｣モードで改めて注目したい2つの内需系銘柄 - 四季報オンライン,https://news.google.com/rss/articles/CBMiV0FVX3lxTE1NNVV5R2ZnT1Z0RkZRWU9kR2l3RnVLa1hrdi1qcXl6bjJpOUMwZU9LWWFwS3RSM3h2ZUFiRGtZVTFENGhaS1FTeU53T01uTFFsY2VlcjNyaw?oc=5,,,
2026-08-14,日本株 注目 銘柄,Yahoo!ファイナンス,【キオクシアHD／注目銘柄の最新業績と株価を読む】NAND需要は「さらに力強くなる」と会社側は発言 引き続き力強い成長が見込まれる(マネーポストWEB) - Yahoo!ファイナンス,https://news.google.com/rss/articles/CBMihwFBVV95cUxOQ05KMXBBTVg2NkFXbEV3T0FDSlJzRFoxVE9vTjBzc0FOU29nMHlNMHRlYnk1QzgtcGxfV2cyeTVLcEx5QWtEN1N4MmtQdTdXeTlyZmdJZzgxTTYxMVdIRGd1ZER0NHpsS3NvVGtQQ2hOM1lVR2VPdE13bk1rUFlQLWJCQTFCeUU?oc=5,,,
2026-08-14,決算 上方修正,株探,ズーム、今期経常を45％上方修正 - 株探,https://news.google.com/rss/articles/CBMiUkFVX3lxTFA1VW9tUlhIQ1pMMUF4bTk3bWM1TWRoOWlMMGFXMlcyRjN5YTJySHlqekxMRzY5TXM4ZzN1dXZ1MUdNQkRjTmFqX3djelZkV2tmaXc?oc=5,,,
2026-08-14,決算 上方修正,Yahoo!ファイナンス,【決算速報】すかいらーく、今期最終を5％上方修正・最高益予想を上乗せ、配当も1円増額(株探ニュース) - Yahoo!ファイナンス,https://news.google.com/rss/articles/CBMihwFBVV95cUxPVHczV093bjA0emtuS19yd0M0eDN2UU5paXpadHJ3S2dUd19PZVRVSWtrODNseEdHV3gxalVQb2ZrM1lFN1gwcFAtREZJb0lpMG5MazFjNkRTUHVQMi1MblA5elQwQUoxMEFEVG5QYVROWk1RUHJiSXlVanFRQUpLS3otRVBFaTg?oc=5,,,
2026-08-14,決算 上方修正,株探,加賀電子、今期経常を一転微増益に上方修正 - 株探,https://news.google.com/rss/articles/CBMiUkFVX3lxTE8tek9CNFhSZ09LZk1RbFdheFNnTjRZZl9LWWNzRWRqYzVvZEZwRGRra19oRUF0T21HR3RESTNGczM1YmdoZ0FDbXBwNlMwQko0MVE?oc=5,,,
2026-08-14,決算 上方修正,Yahoo!ファイナンス,〔決算〕すかいらーくHD、通期業績予想を上方修正＝好業績を反映(時事通信) - Yahoo!ファイナンス,https://news.google.com/rss/articles/CBMihwFBVV95cUxNazhLZ3Joc0laWWNtMUdPUFAtV0F6Z2VkSm95OHlHRWpCZ2M4X2hubXBXaGE1UXpIOUI4ZThzSTg5aFBOakhrMmpSZkdZdEE4cVFJeS1QRW9fVndfTWFXNThIa0gtem5heHMxd2xjZFJteGY4cmRKTXNlRzhQWDhpeGgzbkV6ZGM?oc=5,,,
2026-08-14,決算 上方修正,株探,★本日の【サプライズ決算】速報 (08月13日) - 株探,https://news.google.com/rss/articles/CBMiYEFVX3lxTFBySlJ3bmZpNkVuQ1JqMExEckhpc0FRV2p6YlRnaHBVS1B5eE9GOVdaOWlPMnMxQUdFLUNVaHFyZ2VhR25lVEVHZ3VjZ3VLa0xZSEc5cENFdTk4ci1reDhjdw?oc=5,,,
2026-08-14,決算 上方修正,Yahoo!ファイナンス,【決算速報】三谷セキ、上期経常を一転微増益に上方修正・最高益更新へ(株探ニュース) - Yahoo!ファイナンス,https://news.google.com/rss/articles/CBMihwFBVV95cUxOOFJGRWFncHVENXh3aW9xdk5fa1Z1b2owZUs4THFPTXNBcU8wSHlRbmp5TFkzUWdWdDVzdXFlc1E2aUZIYUthTzFPUWRGZlk4a19Pd19uOURtS3RJQU1SeEJPZU14WkxsY2pXN09aaUdZWjk1Zlp3dEo5Z0EyR0g4NG5FLUZIMjA?oc=5,,,
2026-08-14,決算 上方修正,株探,霞ヶ関ホテル、前期経常を7％上方修正、分配金も177円増額 - 株探,https://news.google.com/rss/articles/CBMiUkFVX3lxTE9WR1BsdzRqbDE1cEFZT2JMTHFGTHBfcmJoY1ZEZzRlamEyMGtIUTFaX0pfZ1hRRldSYjVMNmJLWHpseUowVm5KeUl4YWZNZS1OdUE?oc=5,,,
2026-08-14,決算 上方修正,Yahoo!ファイナンス,【決算速報】加賀電子、今期経常を一転微増益に上方修正(株探ニュース) - Yahoo!ファイナンス,https://news.google.com/rss/articles/CBMihwFBVV95cUxNN1VNSnpwb3gwR0hVWHgzLTFXYmpYTDUxMXZDRFkzTWg1S1FTbGV4Ny1IOU50RVZSZjV0X3JRYWNJSWR0LTRqOVA1ZF9VTjVNSjdhbkc5Vm5QcS0yemJyeDBsRnFHckFyalhPTFdfLUlFRFFTeFk4MXBERVhfUWdjT2N2U0RsQTA?oc=5,,,
2026-08-14,半導体 関連株,株探,【↑】日経平均 大引け｜ 3日続伸、AI・半導体関連株を中心に買い優勢 (8月13日) - 株探,https://news.google.com/rss/articles/CBMiYEFVX3lxTE9XU2lGNTJLTl91YnlvNkhDNE9ackkzamNVMnl0S3Q3aTJWZExjcXBLTkxWRHhCR3NhdjEwYTc5d2NPTGlsN2xfSnZoWHU3SzVlWFo1WUp1U2hYV0FhTVlHXw?oc=5,,,
2026-08-14,半導体 関連株,トウシル,急落の半導体銘柄、持っていて大丈夫？銘柄入れ替えを検討中の人がするべき二つの対応策 - トウシル,https://news.google.com/rss/articles/CBMiWkFVX3lxTE93bzJ3NHJud21Sd3AyeGYzQndFNUwzN3d4RnNOWVpwR3l5Y3hNSG15UEx5RTFIdlRoYlR6elpwTWxEN0FOZGdtckJCbmlqbUxWdTlHQUE2WUtIUQ?oc=5,,,
2026-08-14,半導体 関連株,日本経済新聞,米中半導体競争が生む中国特需 ヴェリタスEYE（8月13日） - 日本経済新聞,https://news.google.com/rss/articles/CBMifkFVX3lxTE9mbFRoYXgyLVdVRDFtUjczeXVVQ1hCM0NpcGhja1pUVXpJTHQzNHAxckloR2dPT3FGVlFidEFLR2ZKN1V5RnNET0dmNVZSNFdqYXZhaFZEOUNfRlJmY3lZNm10dVVEWlRmeTduOWxLWXZWVFRqZGZzLXo0UWdOdw?oc=5,,,
2026-08-14,半導体 関連株,株探,アドテストが上場来高値更新、ＡＩ・半導体関連への資金回帰の流れが強まる - 株探,https://news.google.com/rss/articles/CBMiYEFVX3lxTE9uOFk0YmwyX016VkRIYmxtQWlUd2xjUk94ckNYVHJTTkVzcGdFd2Z2UnV1UW0zeHZ0WWRka2ZKX1RfRE95UFd5OGM0NVV3ZndlQnA4QUFCS0JtYXdnTElwZA?oc=5,,,
2026-08-14,半導体 関連株,Yahoo!ファイナンス,本土寄り付き：続伸スタート、半導体関連株などに買い(トレーダーズ・ウェブ) - Yahoo!ファイナンス,https://news.google.com/rss/articles/CBMihwFBVV95cUxQS3pvXzNXQkV6REd1eGZWcE5FcEV5alU2NHM0dVZzaENQMlM2RzQ3NmxmY2g3a3JqNnlpRmhoWmZtdnp2aVdCZW0xcW5fLVBndS1vcnBocXB6VTViek9kYi1HY3RHdnZFRkFaTjVaSEhTcHkxSnA3Y2ViMEI3WXpBRHhWY256dWs?oc=5,,,
2026-08-14,半導体 関連株,Yahoo!ニュース,キオクシア株の「逆襲」はあるのか 円安トレンド一服でも“AI・半導体バブル”の大波は変わらない…「お金は集まっているところにまた集まる」とカブ知恵・藤井英敏氏が市場解析（マネーポストWEB） - Yahoo!ニュース,https://news.google.com/rss/articles/CBMiiAFBVV95cUxObS0tbmV2RTFrcDl5SXRoajk0WURqRTJudG16TFVjdU1BZk85OTA4RFRqZjludFpjTVBwZHlObGc4aTA1R1pBaldxZlJPS3V0VVY1aFpsVjFJNjdFb3o4d3FCZHRaTmNSNG5iWFQ1dWFwWExuVUNLTk1HQzQ3bEw2VHJZRkY5WU5k?oc=5,,,
2026-08-14,AI 関連 日本株,四季報オンライン,13日寄り付き直後の日本株は上昇､AI･半導体関連株に買い - 四季報オンライン,https://news.google.com/rss/articles/CBMiV0FVX3lxTE1KVDl1Z0ZsOXo0OW1zZkE2X1JJQlI5SkxhVmgtVWx2UE5sYy1sUzFfYlhfdkNyQjdxenhWbXF4dkxkYmFPZzM4VDdjNWR0Rml4dHBLUWZDNA?oc=5,,,
2026-08-14,AI 関連 日本株,株探,前場に注目すべき3つのポイント～半導体やAI関連株への資金流入が継続～ - 株探,https://news.google.com/rss/articles/CBMiYEFVX3lxTE1jeEZodlpJaDJ0RmJSZ3RnX3dGN3gzYjdqWkJZc1FrdlhfUHRuVlIxSUJXV0JlS0NySVhkVUFNZTBpUjJKamtGd05TTnZ1Q0ZXQkVsSTBmT0FMTkttZVFhSQ?oc=5,,,
2026-08-14,AI 関連 日本株,Yahoo!ファイナンス,AI関連は物色が二極化、上昇と下落が同時進行【今日の市場はどう動いた？】 - Yahoo!ファイナンス,https://news.google.com/rss/articles/CBMiZEFVX3lxTE42S2p3aUtQQkRkWlFMcWZLVjZ1SXNTbWZFYVg1em0tOHg5MEZVbFdONGliYTJTYjZKSjFmaEVfSmp0dkpwZVYzVDlpV3Nqa2JLMWpMU3RYUGxQbU9pckxhN3M3eHM?oc=5,,,
2026-08-14,AI 関連 日本株,nomura.co.jp,野村證券で買われた高配当株人気ランキング（2026年5月〜7月） - nomura.co.jp,https://news.google.com/rss/articles/CBMiX0FVX3lxTFBmbktSQ0FSbDRLak50X2F1U2xtUWlYXzZRTjkyRE1QbGwtU2lWUlV2cmJteVduLXdqQ01kbE9LdDNHVUhPVk54d0VyR3Z3TWxaUE1jN0ZXRmVBS2hZMm04?oc=5,,,
2026-08-14,新高値 銘柄,Yahoo!ファイナンス,ETF売買動向＝13日前引け、ｉＦプ１５０、野村Ｐ１５０が新高値(株探ニュース) - Yahoo!ファイナンス,https://news.google.com/rss/articles/CBMihwFBVV95cUxOb2s5a1lTb2pUcWhfYUdUNWRpZGJRaWp0d0tZQ2M1TE9VM244ZVcta3IxRzkzd0FmbTljWDZaQU04ZnFRRElxXzlrZkUzd0VWU1hfVHRRRVU0N2NYWG93WFNqaUFRdno5SElRN2pqNkdZV1JjX0MtdnRWbzlUVE9RUm9yRUJGR28?oc=5,,,
2026-08-14,好決算 株価,Yahoo!ファイナンス,本日注目すべき【好決算】銘柄 ネクソン、カネカ、Ａｐｐｉｅｒ (13日引け後 発表分)(株探ニュース) - Yahoo!ファイナンス,https://news.google.com/rss/articles/CBMihwFBVV95cUxPZjFYbWd1UjhBTjFHQ19ZQTJuSzczUXlsaGpfX2pBMS1aRm1vRGlTUWFTRlFucmV0ZjB1ZHBPdUlreWR0UFBnSWRWT3gtX3BWQ1ZFbFg0ZXkyTGFRM1dKOEpOaXBsdUhYRjBRNmtfOEExdWowV0Z5Z1NDRHdmWEdadGdpMEt3RXc?oc=5,,,
2026-08-14,好決算 株価,Investing.com - FX | 株式市場 | ファイナンス | 金融ニュース,ハートフロー、好決算と業績見通し引き上げで株価15%急騰 執筆 - Investing.com - FX | 株式市場 | ファイナンス | 金融ニュース,https://news.google.com/rss/articles/CBMia0FVX3lxTE8zT0x5Q0tLMTlKUF83clFVbFo1VF9lY1JiMGc3eHNxTGxnNDRhMUpmWnhaYUR1RExUdlBNWVE3T3hkU1NpbkN5NUJYeFZ4djlMbGxtRy0xR21HRnR1RVBYUTB3NUxXWDlDYk04?oc=5,,,
2026-08-14,好決算 株価,日本経済新聞,アドバンテスト株が急落前回復、AI株の戻り映す 好決算銘柄も上昇 - 日本経済新聞,https://news.google.com/rss/articles/CBMibEFVX3lxTE02YjRaMTRudnJkRUZ5ZUFTZWdQU1YyaEFvcWtBVzAyTnlVS0ZTSHVtY1lFU0RBZ1dnR2Y3Y2ItZWMtXzc1TEJ3NU84cW8yQVBlMFNEMDdDTmFYQnQyZXY2ZGYwSnRyR05QNmdwbg?oc=5,,,
2026-08-14,好決算 株価,Yahoo!ファイナンス,コヒレント、好決算も下落 予想を上回るだけでは不十分との見方＝米国株個別(株探ニュース) - Yahoo!ファイナンス,https://news.google.com/rss/articles/CBMihwFBVV95cUxNRmZfVFdJRXJfbDRPMkFHc09xT2Yza0FQSDJuQjJzWlBSN21KS2c5VzEzMzBWNGs1X21kYm9ycUdQd21YMkIwUVJoV3c2R25yVUNaeUdLME9zR1NwcE9yV2xwaFdQa05uN2RpLWhGZWVlUzlCQXRCR1ZPQlk2RmNfM0hNYmtyeGc?oc=5,,,
2026-08-15,日本株 注目 銘柄,ダイヤモンド・オンライン,｢防災･減災インフラ整備｣関連銘柄を紹介！｢防災庁｣発足による防災･減災施策への投資増大で業績＆株価アップに期待の｢防災･減災インフラ整備｣関連銘柄に注目！ - ダイヤモンド・オンライン,https://news.google.com/rss/articles/CBMiU0FVX3lxTFBtNWI2TkpHdmw2MnV6a3E0YUpHZmxkaHhTaTA2dGFnbHVBaUI1ekdXeU5aRHczRlFfVUtXeTJCQ19LTURBZ2Q4bGZ6MFRBLVNvN3dr?oc=5,,,
2026-08-15,日本株 注目 銘柄,Yahoo!ファイナンス,テクニカルで選ぶ注目銘柄：村田製作所＝５日線と２５日線のミニＧＣ形成が射程圏内(ウエルスアドバイザー) - Yahoo!ファイナンス,https://news.google.com/rss/articles/CBMihwFBVV95cUxPSTUtTHRXMzVsNE1hMmZYS2tTUWEzTDI3akp0NmdYUnZWRGlIejRvNVgwX2xhQ0pMaEFxTkZxbl9sNVhlcGtKR2tQTlJaT1k2X25BaUNNNVJmSnpaUzdKNkdZY0Y1WHVLZmxSUXZxYUtCNlJCd01HZWd6SUl2OWxtaF9Va2lPcUU?oc=5,,,
2026-08-15,日本株 注目 銘柄,EBC Financial Group,自動運転株のおすすめ銘柄は?2026年注目の日本株・米国株を解説 - EBC Financial Group,https://news.google.com/rss/articles/CBMiUkFVX3lxTE1FSXpQNE9Tb3ZfWWVzQnV1c2w1ZFRVRE9yNF9aczV5SzZmY1o5OGNiSW4zNU9YaUxCak9nRzg4aFpkZGxZUFJOQjZYYjFNUlZrdHc?oc=5,,,
2026-08-15,決算 上方修正,日本経済新聞,決算:上方修正ラッシュの日本株、実はまだ保守的 「下期据え置き」に妙味 - 日本経済新聞,https://news.google.com/rss/articles/CBMibEFVX3lxTE9TNjhXQUJTWE1wZmtYT2Z2ZzZVMEhSNnJvNWRNTXVQTDlSVVo3T2FUNjE5R25YaUJSWURtVXQzc01hY2tId3pyTUEzcUlraVlFOFJWcTV6ME1ydEZQR3I0VHRMdmNlZlhQQjhISg?oc=5,,,
2026-08-15,決算 上方修正,株探,日精蝋、今期経常を2.1倍上方修正 - 株探,https://news.google.com/rss/articles/CBMiUkFVX3lxTE5uZWppLVRUdHJPejdSTmNuMlJrVWFBR1YtTXRUOVpmbTVuYzgxc29Jem1QNEozSnBOaHBodEx5SVJ2eWh3eTVKV2NnOE16bkM5QVE?oc=5,,,
2026-08-15,決算 上方修正,Yahoo!ファイナンス,ハートフロー、決算受け大幅高 通期の売上高見通しを上方修正＝米国株個別(株探ニュース) - Yahoo!ファイナンス,https://news.google.com/rss/articles/CBMihwFBVV95cUxPN19aUlVYQ29XSENTSFB1SEFUM19nTmF5cmFsTVVPYUFNQ3V3RHBoU2JSQ2g0aEd0Ykl5bUZfbmJwN0ROOUVDRE9ROHhtc19xZ2RzcFNSN0xtWmV6dzJDX2lJYXdQY1dRZWlDY0NrcjdpV0NsYmJTOTFDWjR5V0d6YzFmX0xFckU?oc=5,,,
2026-08-15,決算 上方修正,株探,シャノン、今期最終を2.1倍上方修正・最高益予想を上乗せ - 株探,https://news.google.com/rss/articles/CBMiUkFVX3lxTE9iclJqZUhDWFFlUldhTGdzSGZRRnZ3MXlaQXBkWTlRbi1sc3IwcnN3aGFPeTBkb01ER0VEWmczVmRTSzhkNmpWY1lLMGV3X0lFTkE?oc=5,,,
2026-08-15,決算 上方修正,日本経済新聞,決算:魚力の27年3月期、純利益17％減に上方修正 うなぎ豊漁で販売好調 - 日本経済新聞,https://news.google.com/rss/articles/CBMibEFVX3lxTE1HR2oxcGNLVGpLMW1zQ3p4RjdRVWJxd2Z4X1lpUXFza0w0QWxMclpOeDJaY0pCX2RHV0ZrTDBjMVpwS1BpUHdGMGN1blR0N3VQOW5wMlFld1dyaVpyNWZzb2o1SHZyemJGU3dUcQ?oc=5,,,
2026-08-15,決算 上方修正,Yahoo!ファイナンス,【決算速報】昭和化、上期営業を2.1倍上方修正、通期も増額(株探ニュース) - Yahoo!ファイナンス,https://news.google.com/rss/articles/CBMihwFBVV95cUxPUlJvZEx5a1lMY0ZTVkZhdEg0enh1MGQ5UWV3MFh5VFhSMTQzNHNmUHVRN2d3SkgxMzlLM1JRSGx4QlZTR21UTWJxWkwtUm5MQ29aSDg3am11b01SMUFiV0V5TmFmTDgwV3BHb25YQm1wWnMzdXd3YTktSEdqWmFOT0tkNUpPT2c?oc=5,,,
2026-08-15,決算 上方修正,株探,フェローテク、今期最終を9％上方修正 - 株探,https://news.google.com/rss/articles/CBMiUkFVX3lxTE01aTdMWjRZd25oQVlWZHZYNWliWWVsMElhNEVwYnFXV0RHVXp4YlJsNFVtWFBiTUltV2RKaVVUT1E0NEpXM2M3TVJlLU95YzR0TUE?oc=5,,,
2026-08-15,決算 上方修正,Yahoo!ファイナンス,シチズン－4～9月期の連結業績予想を上方修正〔DZH 個別株情報〕(時事通信) - Yahoo!ファイナンス,https://news.google.com/rss/articles/CBMihwFBVV95cUxOYXM5eldlUFNGUG1BSTNGN2Z4ZE1KTWIzM2RBaVlqdG8zLTFEdDNDVmpxTUsxT3o1eDlaZUM5cFh3UGxOY1dwR1hYbWhMWEx2dDdTTDZrdy1IRE1pUEtYQmFpVTZBOEVOTEdpSjdsNHN1T0NWcng3UERZemhURlFYbGo3elgxdEE?oc=5,,,
2026-08-15,半導体 関連株,四季報オンライン,14日午前の日本株は堅調､AI･半導体関連の一角に買い - 四季報オンライン,https://news.google.com/rss/articles/CBMiV0FVX3lxTE9qMGVSaU1ZZUd1ME5LZFExR2hubzJ1Wkx2SHB0andFNWh2bVZMRG9DaFZDWmdaOTVsV3lxZnQyZlllNzNNUFA0eFFWbWluTXFLeHJmUVhDSQ?oc=5,,,
2026-08-15,半導体 関連株,Yahoo!ファイナンス,【今週読まれた記事】懸念払拭、“主役”はやはりAI半導体(株探ニュース) - Yahoo!ファイナンス,https://news.google.com/rss/articles/CBMihwFBVV95cUxOODZROE92NEx0OGFFbEFzZ1A3N1NfVkRtNmIza2pLYnRpU29YUnB0N3hnUGF0NDF5cm1sdEQweVlIdXdUN2xuNkFTd0tTejBkcHpxZ3NJekp6RHppX0ZiaFZERTV4c1dYS3liSi1rTkNuX1FXaW95Rm8wbVl2dWh2RVpBNm5MZXM?oc=5,,,
2026-08-15,半導体 関連株,日経CNBC online,キオクシアHD 米サンディスク株が急伸、半導体メモリー関連株に再び勢い - 日経CNBC online,https://news.google.com/rss/articles/CBMiVEFVX3lxTE9zNE9OYWF6ZlNKM3J3QUZBWkdEbVVuLVdIRDEtbEViMGFIaXVQcldwTE9laXlpLWZtQzdkbjdOLTlBTzdTTjJZLWR4akZWTXBzVEdWbw?oc=5,,,
2026-08-15,半導体 関連株,みんかぶ,AIインフレの恩恵満喫、好況に沸く「半導体商社」関連にロックオン ＜株探トップ特集＞ 投稿日時： 2026/08/12 19:30[株探] - みんかぶ,https://news.google.com/rss/articles/CBMiRkFVX3lxTFBFZzVWYmRFbnNoMDU0WFk3cEVLNDlKMmJtMEoxS1A2ZHc2cS14VThYVGNMUGZXR3l1RjgtSVlBZTdQVU1kVUE?oc=5,,,
2026-08-15,半導体 関連株,Yahoo!ファイナンス,AI・半導体関連株が買われ、1カ月ぶりに68000円台へ上昇【クロージング】(フィスコ) - Yahoo!ファイナンス,https://news.google.com/rss/articles/CBMihwFBVV95cUxPWXY0dlhVekhEQnd2empQV1RwWk4xdkg5UEVsSGRNNlpXSXhGWFFvTlFlenVXQlgwVm41SUpLWFhBMG5TeVY0TjdMZHpZdXAtN2dtYllMeEJYSnh1cDY1ZXhja3hoeE9Cd29sZzBGb2RBQ0t2b2I2cEN2ZFItNWROd3k1UmVRbG8?oc=5,,,
2026-08-15,AI 関連 日本株,Yahoo!ファイナンス,AI関連中心の買い継続、物色が市場全体へ波及【今日の市場はどう動いた？】 - Yahoo!ファイナンス,https://news.google.com/rss/articles/CBMiZEFVX3lxTE1yMUxRVDNjcmpCN3lIRUN6N1ZydFlOck9UVndvckwyY002MFE0dlNIcHJBYkFoRlhsVEo3YWtUSktPYlo1R2dqSDh4eDczc1k3NTQxcWlqbEZJeS01dmxOdEFheEc?oc=5,,,
2026-08-15,AI 関連 日本株,四季報オンライン,14日寄り付き直後の日経平均は6万9000円回復､AI関連高い - 四季報オンライン,https://news.google.com/rss/articles/CBMiV0FVX3lxTFB4c1dHMG42M25WYTNBN2FrMl9SaE1RbEJsdjdFM2hHSTZMODRDSHlIaEtsMHZxZlpJZ1EwT2pXQUxmZi1WaGZWYmppYmtCMlZSUDdPUkJkaw?oc=5,,,
2026-08-15,新高値 銘柄,Yahoo!ファイナンス,ETF売買動向＝14日前引け、ＴＰＸブル、ＭＸ米株ＳＰが新高値(株探ニュース) - Yahoo!ファイナンス,https://news.google.com/rss/articles/CBMihwFBVV95cUxNTGRRQnNrQTFVbmkyb0hZNTlHNFEtT0dzOVVNOXgtblB1ekVhdGRrOWNzd0RhNl8xZUF1X2NIRE9aNGlNakhLT0xYUUg5elg5Q1h0bEVZRUp5SGpnQUREUDlDUzZaU3hDVXF6TFE2ZVg4NFN6dzRLNmEyQ1ZWNDl1Z2p5V3ptUHM?oc=5,,,
2026-08-15,新高値 銘柄,Yahoo!ファイナンス,カネカ－新高値 1Q営業益83％増 コンセンサス上回る〔DZH 個別株情報〕(時事通信) - Yahoo!ファイナンス,https://news.google.com/rss/articles/CBMihwFBVV95cUxNRDR0ek1PeURMUl9PLUdpbGwzVUtIeWhLOGF6UjNzclFfMmxTT0s0WEFVdVFNN0RvZm1VY0JfZlBxcVBJUEhsMTVkRTFPNm55THJ5eHlsWnhCRVBsRlZjSXNscmxCNjZESUxoSEN0dm5WUzJkOGhYYXZwR2NFWm43UXdVaTB6YjA?oc=5,,,
2026-08-15,増配 自社株買い,Yahoo!ファイナンス,増配・還元継続の訴求強まる、株主還元が選別材料に【今日の市場はどう動いた？】 - Yahoo!ファイナンス,https://news.google.com/rss/articles/CBMiZEFVX3lxTE91anJ5c1FwYmhyS0dCczJ0eGNPLTZYUnZlR09kcC0ya2M4SVZoanFMcEpSR3MtbldwX1FBY2lxdE9hUkE2aXRXZ3lxeEtvWHJpc3p0SGZnQ1o5bnExU3Rua0hselE?oc=5,,,
2026-08-15,好決算 株価,SBI証券,AI・半導体だけではない!?株価上昇期待の好決算銘柄 - SBI証券,https://news.google.com/rss/articles/CBMif0FVX3lxTE1sSEhGdlVnWkI3bVliR2g2b1pLQm9MT2Q0MWhWNlJQajd2amZxNWY3RlhjREZCajJSSWl4R2pBeEFGYTVFelVTSFIxRVJ0U0JOWnZsVDdkVFZpNXM2cWR2LTZrUXlEdGJjamhIdW5RSWxqcXhNU05ZOTdkWHMzVDg?oc=5,,,
2026-08-15,好決算 株価,Yahoo!ファイナンス,アプライド、好決算も下落 アナリストからは評価の声も＝米国株個別(株探ニュース) - Yahoo!ファイナンス,https://news.google.com/rss/articles/CBMihwFBVV95cUxPQUJWeWlsdU9xMG0zNnNVVUJqRzRqVVRjU1ZUVk5HMEhCUHpMeEZ1QWtIUGJsTEE1UFloSUlvWjM0S0dDSUZjYndZRjVzbGdDUE56Qm1KZHluTzhDUlVnOUhvZmJQWG8zM2Y2Qlg0X29XUmdlRFNLSTRveXRnRzR4UkdtTUNOMEk?oc=5,,,
2026-08-15,好決算 株価,Bloomberg.com,介入警戒で上がる株高のハードル、円安頼みの好決算を投資家見極め - Bloomberg.com,https://news.google.com/rss/articles/CBMid0FVX3lxTE4yZ25YVlc1NlZMTVFLckZfV1JHM3hlZDJ2SDFqZ1JvSnhfMmN4Mk5HMGNBaVY0LXNRcWZMRkJ5SnVLdGlqVW5ReFdrT0o0Q2RmZzU2LTd1TGJHZlRUd2NQVkJQbzl0ZGxjUXFxOFg5RExRMnlHdWk4?oc=5,,,
2026-08-15,好決算 株価,Investing.com - FX | 株式市場 | ファイナンス | 金融ニュース,SMIC、第2四半期の好決算を受け株価上昇―半導体セクター全体も堅調 執筆 - Investing.com - FX | 株式市場 | ファイナンス | 金融ニュース,https://news.google.com/rss/articles/CBMicEFVX3lxTE1mcnk3RjZycUpJazVRb1FsVHlzN2FIUU5VendVbnEwajhMSHhkSzhnUlg1UEYzN21meWFnaGtSQk9LZzNiUzJzcmFrZHNCcVQtTjFHeWlyemd5aU5heEtqZmVqcmFFd054ZktFakM2UXk?oc=5,,,
2026-08-15,好決算 株価,Yahoo!ファイナンス,アプライド、好決算も時間外で５％安＝米国株個別(株探ニュース) - Yahoo!ファイナンス,https://news.google.com/rss/articles/CBMihwFBVV95cUxPdERwLTJKV2luWnJ4N0dWclpUR3ZKXzNfRmQzUDVPVEVFdzZWeW96aDdXZTBMSFU3UWxFMS1DZ2tKd25JNkVZS1FUa0VRbXlwMVZPalhZRVdoODFNZnU2RUFSLUFTczFqT1FOdEp0QmZtcW5xNjFTbnhxRHJkaUxnd0M0SmhQRUk?oc=5,,,
2026-08-16,日本株 注目 銘柄,nomura.co.jp,円安トレンド終焉シナリオに備える 内需系銘柄の選好と、高クオリティー・AI「手のひら返し」銘柄に注目 野村證券ストラテジストが解説 | NOMURA ウェルスタイル – 野村の投資＆マネーライフ - nomura.co.jp,https://news.google.com/rss/articles/CBMiX0FVX3lxTFBnZm52VHA1NEhqS2trd2xRNXcyM3BLd1FaeUdTaDFUVWVpM2dxYUhOcWp0MDEzZnBDNW9SckNQWW95YWc4cGs4YjhrSGJrQ2RMbU5zUXBSUTE1MGlaSjlR?oc=5,,,
2026-08-16,日本株 注目 銘柄,Yahoo!ファイナンス,テクニカルで選ぶ注目銘柄：ローム＝５日線と２５日線のミニＧＣ形成が射程圏内(ウエルスアドバイザー) - Yahoo!ファイナンス,https://news.google.com/rss/articles/CBMihwFBVV95cUxNX3p5bGJlQkRla29vbk1aX1lQWEIwS0YtSXVMVTU1cXlQWjlvQWVVcTdiek5JZGtGRHdCVl9OSklDYlhvWEduaVRQYlBPem1wbVlhMlRYM2Rabkt2cTFyaHhSYmNvMFRHbFB6R0lIYzFSZW1ybnY2YlFPNi04aWE2bmJ1NmwtT1E?oc=5,,,
2026-08-16,決算 上方修正,Yahoo!ファイナンス,今週の通期【業績上方修正】銘柄一覧 (8/10～8/14 発表分)(株探ニュース) - Yahoo!ファイナンス,https://news.google.com/rss/articles/CBMihwFBVV95cUxPc25XNmxOcnBPQTZMV2pvdmR3UGhDN2g5OUxEbXplZTFEQWNmTDY4QWN1bjhEQVk1QTd2Zmxzd3dHbHdYNnMxcmVCSWwxQkNPTTA5ejVJUVJhUGthUUgtdWVqaU9rNExfdElqQmExWTdXcnVIS181R0xZQmFiQUxEMy05UHVVYUE?oc=5,,,
2026-08-16,決算 上方修正,株探,イノベーショ、今期経常を2.5倍上方修正 - 株探,https://news.google.com/rss/articles/CBMiUkFVX3lxTE9VNlV0N2FPbjFQUV9ZYk5sTy1FZFg4c3ZOZDZCcFJOc09ZTUZLQzNEend3TG80VEZLTVd1TWNfdWJYejN6QW9haXhMbXBGSW12WHc?oc=5,,,
2026-08-16,決算 上方修正,四季報オンライン,8月14日に業績・配当予想を修正した会社はこちら - 四季報オンライン,https://news.google.com/rss/articles/CBMiV0FVX3lxTE1BRnFEUVVkSVhoNG9rRG5haG5tTmgyQ1lLMHNOMW5LVnpHclBRR1J5bkg2SG1LY2NWQWRjZmRpcTMtV2xaRG1lRE9oNnNrNVpVRmJobm1Vcw?oc=5,,,
2026-08-16,決算 上方修正,オートメーション新聞WEB,オムロン、27年3月期1Q決算、売上高26.1%増の2098億円 制御機器事業が好調 通期上方修正 - オートメーション新聞WEB,https://news.google.com/rss/articles/CBMiWkFVX3lxTE9Zd3U0bXBUU1I4b3Bvd3VDd1lYYU1ON0xlME4zbkhsdzVvdTdid1RYN1BydVlubmNxYk56VFgydV9qdzljUFk3dXZEejUzU3ZZdmJxUi16TGstdw?oc=5,,,
2026-08-16,決算 上方修正,ログミーFinance,東京建物（8804）、期初想定を上回る進捗を受け通期業績予想を上方修正 現中計の主要な定量目標を1年前倒しで達成見込み - ログミーFinance,https://news.google.com/rss/articles/CBMiUkFVX3lxTE1OQ2pQSGYyWS1aT0V2b3RaLUdOVE51Yjdhb0dCSkJPNHdfR0hKR0RuTnJpQUpBbVJjTldYdVkzRlNrMEF4VjdqSTc3QUVjbVlYdnc?oc=5,,,
2026-08-16,決算 上方修正,Yahoo!ファイナンス,今週の上期【業績上方修正】銘柄一覧 (8/10～8/14 発表分)(株探ニュース) - Yahoo!ファイナンス,https://news.google.com/rss/articles/CBMihwFBVV95cUxPNVk1RmJYWDNnVFJGZEFDbmdWYjRLNXotckNRaUhQQk5yZ3hxWkxpVnJJOUE3eHJWQUduMDE1OFVHNTUyTFNRTU16SERjLVg4d1BQdzhDNVdTY3k1V1J6MTZkanR5VHRKYlFfN3hpZHJmcmotOXF0WWpaaHpFYi0ybmcyM1VWQnM?oc=5,,,
2026-08-16,半導体 関連株,ロイター,日経平均は3日続伸、半導体関連株がリード ＴＯＰＩＸは連日の最高値 - ロイター,https://news.google.com/rss/articles/CBMigAFBVV95cUxNaDdTLWlNVjZsdERwWE9LUXdSVzlEcWZaMUpUNks2LUR0czYyYXh6Vm5US3FHSkRkTHI3UHNJSlltSGJLUjlsT3JZRmk4SG1RV1hXSkhRMWFrMTc0OGJPUGo4a2xXbEdVclNGSmhKYklIdHNIdjR1Z1NPSnJKLS1vVQ?oc=5,,,
2026-08-16,半導体 関連株,NHKニュース,株価 値上がり 半導体銘柄中心に買い トピックスは最高値更新 - NHKニュース,https://news.google.com/rss/articles/CBMiX0FVX3lxTE5MakRKVWw4bWZhWmtMckYwdHJMaFNjbko1cEZRbi1qMFpTTkFWOGwzMkFfTGpiUTFzckdwUkxyS1dfZnowUEtoZEoyR2l1MjJkOWtqRWp5bm9SM2c5cnpF?oc=5,,,
2026-08-16,AI 関連 日本株,BigGo ファイナンス,来週の日本株、決算一巡で材料難 AI関連の強弱が相場左右 - BigGo ファイナンス,https://news.google.com/rss/articles/CBMidEFVX3lxTE5GamFBUEFsZlJMR0ZsbHQ0OFphMzhFZHdweThRbEZUYVI2NDIzOEpEOHlMZk11QlhVVldVTWRtdWZYdXI1dzMyenpSWnpxTnRaTlVqamJoNk8zbllCOGJQS1FTLUpxRUpKNEFvVXBTeUFiU3BD?oc=5,,,
2026-08-16,増配 自社株買い,みんかぶ,ダイトロンがカイ気配、好業績の更なる上乗せと大幅増配・自社株買いなど好材料満載 - みんかぶ,https://news.google.com/rss/articles/CBMiRkFVX3lxTE8xSVlzQUdJSi1QbG0yTkFsN0xra2FFcnhFQVhFNEFBeUNRNE4wZHFIaWh3Q0F6emZDT1A0SzRoeHkyd3FERFE?oc=5,,,
2026-08-16,好決算 株価,Yahoo!ファイナンス,寿スピリッツ－大和が目標株価を引き上げ 好決算、配当引き上げもポジティブ〔DZH 個別株情報〕(時事通信) - Yahoo!ファイナンス,https://news.google.com/rss/articles/CBMihwFBVV95cUxQRG4wY1o4Z0N1WDgzWVhhcHdMRExjMHJSYnBQMzJreXRPaFp6WEtLakZpTmhvOGRYUXBBanFLQUI1Q2w4bDBFWWwwWmlMQW43X0Rtb0FiTmU0T2VaWlhNdFp0cDBuWXZzVnRyMFp1QUw3ZVNXY1J2bTN0clQxWVA4TVJZcDNST0U?oc=5,,,
2026-08-16,好決算 株価,テレ東BIZ,【株価見通し】異例の好決算と半導体底打ち - テレ東BIZ,https://news.google.com/rss/articles/CBMiYEFVX3lxTFBPR2VYcXdFSDJxUlRCaXh1ZDVIR0VNMGs4UnRFMEFhSy1Eb0JRd1c0WndwVmxmcnRYRjBZQ3dBbkF0RFltVmUzNHdUcTFGOHU0MXdGR2wzUEVKa2drSXBCRg?oc=5,,,
2026-08-16,好決算 株価,Bloomberg.com,介入警戒で上がる株高のハードル、円安頼みの好決算を投資家見極め - Bloomberg.com,https://news.google.com/rss/articles/CBMikAFBVV95cUxPdmlCRkkzako2RURwc1NwTUtEMzZQWldwM2I0Nl9qX2lxWGZVRHNqT3FMbVFIMnhOczhNcndEajhSR0VPYzVVU3pSTjJUaGhFQ2RPUTU2YmJXcmNha1pMTnlxQlVhWW41UUFtejFvUWRnSmFmd1ljZU5ncFhjamFWRWVLRGpTaDFYLVQ2a1NIeTk?oc=5,,,
2026-08-17,日本株 注目 銘柄,週刊エコノミスト Online,蓄電池大ブーム：蓄電池で注目の日本株25銘柄はこれだ！ 池本卓麻／小田長諒 - 週刊エコノミスト Online,https://news.google.com/rss/articles/CBMif0FVX3lxTE9LTXZJdldVTE5jVVBHTzVPNDJUdXZJa1h1VUptZFljMjk3OG5BRjEtWDNhWTFfdU8yQlc0Y2hWUHRfSkVmbXV2RkZpWkF6UTN6aDlVWktyZTVmaEI4Rkw0WHRjSnVnVHNJTloxSW5POEhCcEl4WFJ3eHZjd21mczg?oc=5,,,
2026-08-17,日本株 注目 銘柄,ダイヤモンド・オンライン,来週（8/17～8/21）の日経平均株価の予想レンジは6万6000～7万2000円！ 7万円回復が見込める一方、膠着感が強まれば中小型株に資金がシフトする展開も - ダイヤモンド・オンライン,https://news.google.com/rss/articles/CBMiU0FVX3lxTE11VUNHLUpvX0hUeURvMG16X1JiRy1EaG5BdlJXeG9iOUw2NV9fRjlvUkZtMk9rWE5HV011VVllU2o5OGs3T3YxcFFENE5XNDAyMzRr?oc=5,,,
2026-08-17,日本株 注目 銘柄,株探,本日注目すべき【好決算】銘柄 ネクソン、カネカ、Ａｐｐｉｅｒ (13日引け後 発表分) - 株探,https://news.google.com/rss/articles/CBMiYEFVX3lxTE5oTHZiaXZrbnhRTllDY1lCSV8wVUh1WThIVTk3SC1fdGg1a1R5aGt0Z3pzbFo1OFNQaTRhSGp2cjlxQ3oydC1YckhsTE42U2M1R05MRklzX01MN0lvNDdwTw?oc=5,,,
2026-08-17,日本株 注目 銘柄,四季報オンライン,造船大国日本再生へ､部品が強みの｢造船関連｣注目23銘柄 - 四季報オンライン,https://news.google.com/rss/articles/CBMiV0FVX3lxTE50bC1YVzc5TjZ4RFNWNjBjRzJyYTByU2Z3Y2xMTkNMdXdpNDFkckpiNFJCNGtCaUt3OE1YZldSQUJBVzd3dnlGTmRhZ0VVQnJnUW9fTUo2dw?oc=5,,,
2026-08-17,決算 上方修正,Yahoo!ニュース,大塚ホールディングス（4578）、通期業績予想を上方修正 医療関連事業が業績を牽引（LIMO） - Yahoo!ニュース,https://news.google.com/rss/articles/CBMif0FVX3lxTE9meWdrOGUwU0Zma1NKTEdycjZlc3R6czBDN2cyNzd3VkdCTWlRa3EyQ2dBcG51cHlyQWdyamMyenBnNWFCSzlkbDJpUDlBSnlKdGxoSWxwVjdNNjBQQjNuc1NIaGhyLWdXTk9mU01uV194Mnd1dDRBdjhYWll1dms?oc=5,,,
2026-08-17,決算 上方修正,PR TIMES,バイセル、上期営業利益+90.8% 中期経営計画2027の営業利益目標を170→200億円へ上方修正【2026年12月期 第2四半期決算】 - PR TIMES,https://news.google.com/rss/articles/CBMiakFVX3lxTE13RllOUmZuYXp4QTd1TFNsWHh0TE9pSTZHbm4tUS1KeDBiaE5pMzRWOTlBZkc0RzhOVGFTMGFWb0psM1VBcWNlaTJvcUtwMEVPeDhSTFNsYXNHU3dTc0NDSUR3NGNaWV9pZGc?oc=5,,,
2026-08-17,半導体 関連株,NEXT FUNDS,半導体関連株の先行きはどうなる？ - NEXT FUNDS,https://news.google.com/rss/articles/CBMiU0FVX3lxTE9hSmVSUDc3R29xcUV5aEREbmxLMWNRZ2dJRDcyZE9URThVR0lkbWtMVFUtY2lDOUNwLU95Rnp1aUFjRkVXRlB3dzhGQXItcS13alJV?oc=5,,,
2026-08-17,半導体 関連株,es.tradingview.com,ホットストック：ＡＩ半導体関連株が総じてしっかり、米国株高の流れを受け - es.tradingview.com,https://news.google.com/rss/articles/CBMid0FVX3lxTFBPVWNONW5CQURZZG9nM3JoRTdodXhVU2R2TzJZY2Zva0lWQldEQzNqUTFIeGM3XzN4ZnFEQ3NDX1lpeWtaVUZqeWZ3SkdsTlZISUo2aGNvRVRla2E5eEJiRUJYTUUxdUZ2N3VZUU9tNmFYSUprdzBn?oc=5,,,
2026-08-17,半導体 関連株,日本経済新聞,日経平均株価、AI・半導体関連株に注目（先読み株式相場） - 日本経済新聞,https://news.google.com/rss/articles/CBMibEFVX3lxTE9JN2dpczJHRU5RWHFaSzFjRUk1NnFGYS1GVGo5N09SUkZtUkw1LWwyOUFVSFMwWkE1eHJrSjkyZTdCbUttZTVPN1FWb0RBejNKNENoZGo4MlEtMnVWaXN3eE9XM29JNW50YmtfVQ?oc=5,,,
2026-08-17,好決算 株価,Yahoo!ファイナンス,本日注目すべき【好決算】銘柄 シチズン、フェローテク、朝日インテク (14日引け後 発表分)(株探ニュース) - Yahoo!ファイナンス,https://news.google.com/rss/articles/CBMihwFBVV95cUxOSGlibWljcGNxcUJ4WVZSUDRlc3BBN3hpdFdxNTJ2R0xCazJCTWdKSC1UVl9fUHJ1SDdkWFotWUpYd0d6ZDFZUWNPTnJkUGZvdngwSmRTOE9iVzE3aW9oc1JzWnZpWC1oVTRqNkJPbE9MLVlwdlVHWVZ5QXVlNGJNRW9TWS1mSmc?oc=5,,,
2026-08-18,日本株 注目 銘柄,ダイヤモンド・オンライン,NISAで人気の「日本株」ランキング【2026年8月】楽天証券の「NISA口座(成長投資枠)」で買われている「日本株」の買付金額＆保有残高ランキングを発表！ - ダイヤモンド・オンライン,https://news.google.com/rss/articles/CBMiU0FVX3lxTE9ZQV9oYlROcERGaXMtLTJUX3FaVWFQV0xPVVNFREhTZ1NPM3NpZjQyWGd3ZzM4eERsZHFISE0yQWt0aTBGcTBJdnhMWWVDLXM5RmJF?oc=5,,,
2026-08-18,日本株 注目 銘柄,四季報オンライン,米国オフィス開設と新中計策定開始が注目される電気銘柄 - 四季報オンライン,https://news.google.com/rss/articles/CBMiV0FVX3lxTE4yQ1lBenlfM05CVHU1TFZqUUlmRGdjY1c1aUg2WTZtbTVsM1p6a1NxMVBLUVhNRXhxN0sxZ01YT1BieFZJUDREcDVKZGd4ZUhFSmR4YVY5TQ?oc=5,,,
2026-08-18,日本株 注目 銘柄,Yahoo!ファイナンス,テクニカルで選ぶ注目銘柄：ＮＲＩ、５日線と２５日線のミニＧＣが形成寸前(ウエルスアドバイザー) - Yahoo!ファイナンス,https://news.google.com/rss/articles/CBMihwFBVV95cUxQV3dLMHRzNWc1Mmx0UldxMnJaOTlQMlZuVmtic1lHWjZiUzRNTUdld1BCLUZXa0tjSUt3WnJibjc1TmVybzFZVVhxU0NISm5ORkx5eGJnY0lqMnNKZE43TFJ2eUItVlpEOXhhb1dVanRoMEFwYzk4cW10bVlBNVNWOXktWEFKUDQ?oc=5,,,
2026-08-18,決算 上方修正,株探,日本精蝋---ストップ高買い気配、上期決算を踏まえて通期業績予想を上方修正 - 株探,https://news.google.com/rss/articles/CBMiYEFVX3lxTE54aC13MUQzQmM3OUVWdXB4N3ZiNGI0enJWTTFyNF85UnFBdk9xV0FIX0dLLU5BcllSd0s1NHN5UTl0WUR3N2dhRVNKSnJrYm9HQ0gzdUNicC1fb1VmdTRqcg?oc=5,,,
2026-08-18,決算 上方修正,Yahoo!ファイナンス,上方修正・増益見通し相次ぎ、決算相場の色濃く【今日の市場はどう動いた？】 - Yahoo!ファイナンス,https://news.google.com/rss/articles/CBMiZEFVX3lxTE1oamJxal9xNXdhMkc0Y1h3WF9jUTNDN3MwUmduckZ1RF9jMlZnTEFhZHhUSWZBTFZVUHZsaU1xU21mTGFpdW5kb05LMFM3LWN1VE5aanBTejZJQmRaQVBMUUlGOVM?oc=5,,,
2026-08-18,決算 上方修正,ログミーFinance,サカタインクス（4633）、中間期は増収増益、通期売上高予想を上方修正 価格改定と環境配慮型製品の拡販が寄与 - ログミーFinance,https://news.google.com/rss/articles/CBMiUkFVX3lxTFBld1YydEhvR1pZcDNVM2tDMkFKdTgwMDAxTFFCdng0cHBKRWNENFJIN0JHZGhtMmJRUnlZVHZvRXVsdUh2bHMxQ3Rpend1cm5zWXc?oc=5,,,
2026-08-18,決算 上方修正,PR TIMES,【業績上方修正と株主還元】2026年12月期 通期業績予想および配当予想の修正（初配）、自己株式の取得・消却を発表 - PR TIMES,https://news.google.com/rss/articles/CBMiakFVX3lxTE5ISWRrUmFWRXhjSXVSQmFMQ1BrOEF5WENkQzQtakRsS3ZhV3hrZDkzZjNudUlhbGprSkU1NDVpaGdBaEE2Rm1Eb25YMll6TGN2ODBDMlppazFQNjhaQ2laTWtXb05IZ1BHYVE?oc=5,,,
2026-08-18,決算 上方修正,トウシル,東証プライム2027年3月期業績予想を上方修正。割安小型株に注目（窪田真之） - トウシル,https://news.google.com/rss/articles/CBMiWkFVX3lxTE1UY21EUThiOU9aajh4b3NGSHlTQlVfOWh4UU9XaWlPaHBKV2ZCa1JzWURFczFSUHNkdDJGSTVqYVlwM3FIMHZkb0I3UFhLTFp0NTRGdlluaTNqdw?oc=5,,,
2026-08-18,決算 上方修正,ｄメニューニュース,ホンダ【7267】株価反発、赤字修正後の下げ「全戻し」　最新決算「最高益」「上方修正」の裏でくすぶる「中国不振」 - ｄメニューニュース,https://news.google.com/rss/articles/CBMiekFVX3lxTE5fTUdoRkVHdTlORHBkSmlYWGRERHk2dkFRMTlSWTJHUzUwZ0NZQnAydDh4eTJrcDlFVzFZaFAyblFjREh3b1lOVWdyZFg1Y2FFRGhvUlpaUkVZWi1lS0tUVXpNWnpIZEdjN2F4RkhFcVFhOWJHWElIU2xn0gF_QVVfeXFMTVJFN0UxZWg5VUtSV2ZTS0pQVFR1ZFFzT1hzaklBcGNiS1Jnb09OS0RIVGREQXdlU25xS19GalFlVXdJRjcwMWVSNHJUODAtTGRpSUdNT2phU3F1U3J1dW5XOGVXQzNLbFYxNHIyS2dYUEpZWTBPbWw1RVRFTTNENA?oc=5,,,
2026-08-18,半導体 関連株,株探,【↑】日経平均 大引け｜ 5連騰、半導体関連が高く6万9000円台乗せ (8月17日) - 株探,https://news.google.com/rss/articles/CBMiYEFVX3lxTE84VG5jMElJRTRwekoyTjJoSkhqeHQtZTduZHExV0UzQWVYMlgzYUZxX0cwM2t1eWJWcFl0U3owdlNUU3Q2T3NLYjMxZ0ItS0hzRTgzT0QxUHQ4alNnZWtfVQ?oc=5,,,
2026-08-18,半導体 関連株,Yahoo!ファイナンス,１０時の注目株＝半導体向け特殊ガス拡大へ(ウエルスアドバイザー) - Yahoo!ファイナンス,https://news.google.com/rss/articles/CBMihwFBVV95cUxQNXBRTVlWa1ZtWFhWU3B0UnJWUkN6cmJON2Jmb0hBU19UeE93UElyVnFDNHBial9yQzFVakNKckE0VWlUcDl6V3pTajJZOFdaRjNXLUY3dExVRmJadXQybFd5VmFWQllzeVlDaTVYZ1YtajhRN1pCLWJOdTV6c3Z4Um51c3NHeHc?oc=5,,,
2026-08-18,半導体 関連株,株探,【今週読まれた記事】懸念払拭、“主役”はやはりAI半導体 - 株探,https://news.google.com/rss/articles/CBMiYEFVX3lxTE1tQWpJTlNqekxBUTgxNjZlR21VVDRfTWY5aDAtNkxWX2pZeXpzdXV2UXZBOHZVU3E1Mll0Q0JPSnQ3RG9uYlo5cEsyelFyY1BZWk5vcmV5d2lvdEtWS09MMQ?oc=5,,,
2026-08-18,半導体 関連株,ｄメニューニュース,後場に注目すべき3つのポイント〜半導体関連が下支えも上値重く - ｄメニューニュース,https://news.google.com/rss/articles/CBMihwFBVV95cUxQT0R2Z2lMckxaMzRrTEpXZnBfb1U5V01sOWxhSmhCWTNhTVZWWEo0MmRVS0hSQnlLMHIyUlBnOGtLcGJDamNpNDVuenJ5WkU0bDNHalBFaXNHVHVsNkpEeGFXWWV6UVB2eHNoNTQxUnFwTDhLSmRDQVZSSUUzeG5VWjQwOURDLUnSAYwBQVVfeXFMTUZkTzE1b1RuMS1wNFlWZnEwN3l3U1djZXZEejd6ZExsOS01cjJPdkN0UXNrV1lYbXJoTE1ERE80UnJnUnNmczVVRFIySHNPbV9YaXVnZEwwcmhhV0VOUjN4c1lURUswSGZIcXVwaWZrLTdZUXlrcFlwc2dLaVUteTFVQkduUkZEX1FRQjQ?oc=5,,,
2026-08-18,半導体 関連株,ロイター,日経平均は5日続伸、ＡＩ・半導体株押し上げ ＴＯＰＩＸは小幅安 - ロイター,https://news.google.com/rss/articles/CBMigAFBVV95cUxOcFF2X3FkTy1pZzE0QXNfd1p0NWNIUTdXSThuWVBjRjRZQXJzUzYzU0diajZCTnhDdWwwU2M2dVVqTmtYeWdtcVZBdjBRQ0ZFSTd2R2g0WEZmTFFSRkJGQmFtN1UtNlMyUFYwYm5qeEF3QlpDaG44U19fTzk5Q2JZNg?oc=5,,,
2026-08-18,半導体 関連株,Yahoo!ニュース,"日経平均は5日続伸で「6万9,000円台」へ…買いが集まった〈AI・半導体関連株〉の動向【8月17日の国内株式市場概況】 - Yahoo!ニュース",https://news.google.com/rss/articles/CBMijgFBVV95cUxPeXJpMzFCRU5xVGFqeTZMSC1OY2dEVE5pbndPd19LLXFxbHRKWVNNdzgzYm90NXlCV3prejRfd080aVRxMTJfeVBWVXFRRml1YU5OLWk3SGF6MDRyWWg4bWtRYjdqS0tDSm5jV0p3N2Robkt0NTBiLWZuUnMtYkpwa2lNWnN0U0FIclBaTURB?oc=5,,,
2026-08-18,AI 関連 日本株,Yahoo!ファイナンス,NTT上昇が示すAI相場の新展開、IT関連株に注目(トウシル) - Yahoo!ファイナンス,https://news.google.com/rss/articles/CBMihwFBVV95cUxNSkNSSTk3cHJ2VkhvSEJ1clVXRFF2TUJ0ZlRTMkRjUmdFOExHQV9faXFtTUp4Tk9iV21jSUMtaUxfc3MybFNHMkdWV1FScVRnWHhMYmRhc0xaVHNjQlhzdmFYeVdQWDJaME9nTkh6SkFVWkh2NlNFMWlfT0xpeDJ1dmwtVFVCOTA?oc=5,,,
2026-08-18,AI 関連 日本株,ｄメニューニュース,AI関連株が堅調で1カ月半ぶりに69000円台回復【クロージング】 - ｄメニューニュース,https://news.google.com/rss/articles/CBMihwFBVV95cUxOUnpuWWExVTVXVDZ3N2pCQm4ta2YwVmZEeHN4Zmt3QUxsUEh5cHVUMnZaeXRNVlU0M252eUp2SmJVaEp0VDZseTd5U0FYUFJNN3dzZXZncC16bGU4NFBIcVp4RkQyR3pRQWRaMGhzcW81V2M4MlNXNnVfRVlLdFBMQ083ZndsWXPSAYwBQVVfeXFMTlhINXNwYm5pNUo3ZUpWSURNVVAySTE1WEtHbnp1bjAtdXdkeHNCRWxNa3YydjRSTDlIenlHXzJQV0s1NkdCWlJ3S2gxNTJFbVhJY0lZcTM3LTE4RXg1WVBTUGwwY2dPeUY2cW1xSHhVOFJaRW1KZlh6OU5ZUHRvNGxlcmh2dFNsWVAyUkI?oc=5,,,
2026-08-18,AI 関連 日本株,Moomoo,AI関連の設備投資（CAPEX）の継続的な増加は、半導体銘柄の株価に影響を与えるでしょうか？ - Moomoo,https://news.google.com/rss/articles/CBMiygFBVV95cUxPYkh1Ql9KYUh2QW1kbVY0NWhLaXRQVC0ybzh1b1dXeHVGT1FDVVhGSTdyU09xSm1UNHAzeDNuV1hCTllWUW9mS2xLbVJFMHNVZlE3Y3kwd2dLNHhSLVFWd21JU2N3Vk5VaHY5QnlRRUJTaW9UaUYxZUVjTEh2enNZTkpscm9URVVkLXFBQVh2ODE4Z3ltQ3hOeEdlUnRqRVdWUms3TXd3eF9QOHoxTm4yU2dDaVVOMVhHaDk3cDlRc29HaW1LZTdrcF9B?oc=5,,,
2026-08-18,新高値 銘柄,Moomoo,メモリ株は新高値を更新する見込み - Moomoo,https://news.google.com/rss/articles/CBMilAFBVV95cUxPM01jUFdvVjZmZURxclByT0dRXzVEVURIeHIzR1NwWW9jY3kxaTJHYjd3SWJ0MERuQmJzQ1UtdjNqaUVFemwyV1NZbWl2ZkFaX0pJVThFZFJZdGlsTUVkWDZ5U0J0WlBncXozT0FTd1NkRUtIV183TURKdXFtN2V0VVdpVlAwZ0xWTFFVTndiTllZQXYx?oc=5,,,
2026-08-18,新高値 銘柄,Yahoo!ファイナンス,ETF売買動向＝17日前引け、ＧＸリー日株、野村Ａ成長が新高値(株探ニュース) - Yahoo!ファイナンス,https://news.google.com/rss/articles/CBMihwFBVV95cUxObUtVOURVQlBEdVAwNnFCaG45NWVGUHo3RUlkd2NFV1FVeWdvb090azdLeThIcjNfSWNHR3F2c3RIUVRMeDlEZlc0NTFPSm9aeFVNUEpxQ2tHTlVxWE9HRTVQaUZVNjZrS0pLZlA0ZnFpUkxselQyajJ1U1RtQ29HMkE4VjI3YVk?oc=5,,,
2026-08-18,増配 自社株買い,みんかぶ,ＩＮＰＥＸが３日続伸、２６年１２月期純利益予想の上方修正と増配、自社株買いを好感 - みんかぶ,https://news.google.com/rss/articles/CBMiRkFVX3lxTE0wd0RSdTNmLW1jMjN3dFZDaEpKQ3J6NkRwS0ZiRU56X2dvOTFzbE1ucUJJRUJRQXR2Ung5eTBDRDhpNWlOeFE?oc=5,,,
2026-08-18,好決算 株価,Yahoo!ファイナンス,ディスコ：増収増益、好業績期待で目標株価を維持(トウシル) - Yahoo!ファイナンス,https://news.google.com/rss/articles/CBMihwFBVV95cUxNY3dYQTNIcGRtTldqUloyRTUxVHo4QnZOMWhSWDlRT01MQjl0Y0duMC1fNWVFVWVRcjRleUU2SVVCZmQ5N0NGdlNlbEpfVndyTTIyYVBfek5GcmNGMVlUeEN3Vy1XQ2xRVDhWRXNGNGZmdWFIVV90OFl0VG0wZ3dMb2RoV2VJdnM?oc=5,,,
2026-08-18,好決算 株価,テレ朝NEWS,週明けの日経平均株価 小幅な値動き 好決算が下支え買い材料は乏しく - テレ朝NEWS,https://news.google.com/rss/articles/CBMickFVX3lxTE9BT19VMFloY0RabGM3bHBZeGNCU2Fndk43NDZGSUxRcHFuSk1nMmladE1tdXUtalBlSTh3dkVzdTVBdHhyZXYyVUZsU2xNUWd3aGFCczI0VllHNFNwZGNwT3piX3ozVXFJVWJya1FJYXZUQQ?oc=5,,,
2026-08-18,好決算 株価,Investing.com - FX | 株式市場 | ファイナンス | 金融ニュース,DAダビッドソン、好決算を受けハーレーダビッドソンの目標株価を引き上げ 執筆 - Investing.com - FX | 株式市場 | ファイナンス | 金融ニュース,https://news.google.com/rss/articles/CBMidEFVX3lxTFBmc3lZZ0VtOUFFZ3RwdFRRV29TSjRNQ3Bta0ZTN19NcDlNdjdmWEpIdzNkZTlxWERHbzJHcEtiY0xKMW1fNy1ob0VSZ0hEaVBkd1pzaFZqRDkzWG0zTFlYN2F6ZmUxN2t3ZXdkY2xkVUJtNS1l?oc=5,,,
2026-08-18,好決算 株価,四季報オンライン,ギフティGが続騰､1～6月期好業績と自己株取得を好感 - 四季報オンライン,https://news.google.com/rss/articles/CBMiV0FVX3lxTFBTZkJQcExKdTdYcW5uYzh5bEJoZFhOdG1VN3ZpUlQxZ3lzaldLclV5eXg4Vmh2SHF1TFNjdXVNcmhNMzhVa1VfYVN4dV9uMU5nd0E1Y1pudw?oc=5,,,
2026-08-18,好決算 株価,株探,フリーはＳ高、好決算と自社株買いを評価 - 株探,https://news.google.com/rss/articles/CBMiYEFVX3lxTFBBSGhveDhuMFM0OE5mQ0ZPWURmblQzSDBBN1hGMnZJcUFFVHNpNlU1X0ZUT1NIRTI4MlZxTDNXWXVNcHNyVE9nbXRMOURpLXlSUDRxOWM0NEVpWmdoZXZ6VA?oc=5,,,
2026-08-19,日本株 注目 銘柄,日経クロストレンド,割安AI＆国策銘柄ならまだ上がる 識者が注目する日本株4大トレンド - 日経クロストレンド,https://news.google.com/rss/articles/CBMiZkFVX3lxTE5raVhhUVNoOExuajN1Q1c2dmJDMTNaNzlmU3hfOVRtZ1doeG1VenJtNUhfV1VuNmNZcnVCMndZSzdXYW5GcHNzSkR4S0Z5WkRIT1VQTVYtT2dIOGZQRHNhNlJNbkNBdw?oc=5,,,
2026-08-19,日本株 注目 銘柄,トウシル,「36 期連続増配」花王（4452）がついに優待を新設！人気優待ブロガーが8月に買った3銘柄＆注目優待株5選【かすみちゃんの優待生活】（2ページ目） - トウシル,https://news.google.com/rss/articles/CBMiY0FVX3lxTE1VR2FkcUNSQlVwSi1kMEpTbDZjMExmVHNyRXlfcFdGUVNMSm9vN3VGUURtR2h2UjM0Y1YyUk8tR2RjeGRSMktBYlZIZmkyLXhReUdOT2dFUzMyb2MyTHNRbDlpZw?oc=5,,,
2026-08-19,日本株 注目 銘柄,finance.yahoo.co.jp,テクニカルで選ぶ注目銘柄：日産化学＝日足一目均衡表の「雲」の上限を突破(ウエルスアドバイザー) - finance.yahoo.co.jp,https://news.google.com/rss/articles/CBMihwFBVV95cUxPV1lyaW9YcmREa01kN2xQNkRJVGNTdlVpQU4xMTQwZW1PWUpjZ1hCbnNwckhuWmVPaklWaFpFNUlKa0dwSUtUd3hmcURaX1QzVy1JUXZNQ3ZRdmVuUnkwWU5raTNlUGdyN2ZIYW9YYzZ3M2RHN2dSRU9Rb1VxRXd6dERVdDNtQWM?oc=5,,,
2026-08-19,日本株 注目 銘柄,note,同じ店名でも、利益を受け取る会社は一つではない。外食ブランドを比べる日本株20銘柄 - note,https://news.google.com/rss/articles/CBMiW0FVX3lxTE1sVVR6cWVEMHZqR3gyeHowaDA1emx6YWZfcmIwZlRhWGJLUWQtY19feTR5SG83eTU1Vk9aa2lEU1M3RVZnRnZsYlFXT0N3N1lOclFqaG9UTDJxM3c?oc=5,,,
2026-08-19,決算 上方修正,shikiho.toyokeizai.net,1Qで上方修正！なのに株価が振るわない､11の3月決算企業 - shikiho.toyokeizai.net,https://news.google.com/rss/articles/CBMiV0FVX3lxTE1PUFVBd1k3QmtTS1FWeEdUY3FNSjZCNHB5Q2RxYjA1VGRUclRybGF3X1dEYXlfY3l3b3lhUGxReWZ0U3VoZDU4ZklBTW5oSHdLZzFRbTlpUQ?oc=5,,,
2026-08-19,決算 上方修正,finance.yahoo.co.jp,アメア・スポーツ、決算受け上昇 通期見通しを上方修正＝米国株個別(株探ニュース) - finance.yahoo.co.jp,https://news.google.com/rss/articles/CBMihwFBVV95cUxOcjhwMEk1V19TRlcydlhEcUZ1bUloa3VFNUpNcDBYZU45cGVZRTlEaXdvVjlsRzdKZTFFMFFRUVE4VE9EaE1SOXVnTUpzZmp6QVJVd1Y2OHlQQWNtTkljZnlCamx1UTVuNTZNY0RFS21aRzNHSjJnRVVEckN0RE5mNElEaGl0NFU?oc=5,,,
2026-08-19,決算 上方修正,finance.biggo.jp,【動画配信 FY2027 Q1 決算説明会】太陽誘電が通期営業益予想を150億円上方修正、AIサーバー向けMLCCの大容量化・員数増が想定超え - finance.biggo.jp,https://news.google.com/rss/articles/CBMiX0FVX3lxTE45cGEyT09UYVdCb0p6NVBzUFJuM1d4OGRzZTNZa3pkYkExYk84U0NzOE52NzJEdFFBQmQ1NjFESTNhaG1GMDNVc2ZPWnRzSU9mT2ZlN1Jta2VzMXQ4NjZz?oc=5,,,
2026-08-19,半導体 関連株,株探,明日の株式相場に向けて＝ＡＩ・半導体一極集中が発するＳＯＳシグナル - 株探,https://news.google.com/rss/articles/CBMiYEFVX3lxTE9WM1BIcUU1LUZXN1B4QWVQRFpSUUVLYlVNVnlXU1JKMURVWlY0b012TWZTbUVIQ1huSHNtOTU2VUVPZ1JGbVdkaEY1bm5pdU13R1RuT2dMZ1NqQmNsYVh6bA?oc=5,,,
2026-08-19,半導体 関連株,finance.yahoo.co.jp,半導体株高で韓国株が高値、アジア半導体に波及【今日の市場はどう動いた？】 - finance.yahoo.co.jp,https://news.google.com/rss/articles/CBMiZEFVX3lxTFB4QmNuX1c4Q0Q0Qmg2OW90UVduWnJ2MXlkVVFGdTl6THUyZlc0YUNyUVRSeWk4TUtndDlXV1RORW5oY1pEa01aR2ZMdnhqT256Z0d1TFdfU09JTUFxcVZfbUpWYnk?oc=5,,,
2026-08-19,半導体 関連株,finance.yahoo.co.jp,野村 世界業種別投資シリーズ(世界半導体株投資)【01313098】：基準価格・投資信託情報 - finance.yahoo.co.jp,https://news.google.com/rss/articles/CBMiVEFVX3lxTE13U2tSeDgwM2x6NWhvM3FQd3VfcU94dTd0MFRoUFVUZVZGOGNpWDdXQ1FoQk5kSmkxWHpxNkZyWDJoWjVrcVNZNWh4WWlVMUkxMDZHRA?oc=5,,,
2026-08-19,半導体 関連株,株探,【↓】日経平均 大引け｜ 6日ぶり急反落、半導体関連株に利益確定売り (8月18日) - 株探,https://news.google.com/rss/articles/CBMiYEFVX3lxTFBJVWlvYUZ2di1TLVpxNmxESXNQQUtOS0w2dlpQa0tDbkQ3WWNJUV85Z24xQW1Vb3habnJjSC1uQk02V2w0UlVweGxHY2JqXzB5M054bl9zd09OOGVDeUZNWg?oc=5,,,
2026-08-19,半導体 関連株,shikiho.toyokeizai.net,ラピダスが取引先でもPBR0.5倍台､AI関連の｢出世株｣候補 - shikiho.toyokeizai.net,https://news.google.com/rss/articles/CBMiV0FVX3lxTFBGQXRVanpPUjdheEwyODY2eEV1V3hVYVVXdkVlaXBPcU02c1FKUkhfeXhrSmhMTTZlYlNvY29HNHZxYzAwVmZLektRMk9lM1h2ck1xYVpwRQ?oc=5,,,
2026-08-19,AI 関連 日本株,株探,前場に注目すべき3つのポイント～半導体やAI関連株の押し目狙いのスタンスに～ - 株探,https://news.google.com/rss/articles/CBMiYEFVX3lxTE1LX3NEal93aWNqcEF0Nlp5bXE5bTBSbHAyZDZ5Qi1MbFJXR19zQ1pWOUxSYnEtTUZRaEVXTm9QV2t5eThodFBlMnRZQ0g3T3JhSVZmRlY4b1k4SC1rMkl2Zw?oc=5,,,
2026-08-19,AI 関連 日本株,ダイヤモンド・オンライン,日経平均株価は短期的には過熱感があるが、中長期の上昇トレンドは継続中！ 強気相場での持合いを想定して｢AI･半導体｣｢銀行｣｢高配当｣などの押し目を狙おう！ - ダイヤモンド・オンライン,https://news.google.com/rss/articles/CBMiU0FVX3lxTE0tVDVSdkF0RFNmSVMxY2l6bUFvdXhNNGZOLU1JZTlTNllZZUc4WnV5QVdTYjlTNHpkOWpxNUk1cHJKZUQ3Um9JTlNHV1dnNmdudjRB?oc=5,,,
2026-08-19,AI 関連 日本株,finance.yahoo.co.jp,明日の戦略－AI関連が崩れて4桁の下落、5日線を割り込む(トレーダーズ・ウェブ) - finance.yahoo.co.jp,https://news.google.com/rss/articles/CBMihwFBVV95cUxQUk1LZXdFQ2hKQS1HaUl6d0RJOHdtMmstTDdOMnBuMG8xRHZIMm5NeDNVcHlvTzc5ZDVuV2hWRzFUaTlYdkFXc0tzdTg5MW5zajJtVHNGS2dCSVZSQUpoZ3U1ai1CNXQxY0d4ZlNBVWptWE5BNHFqNVhmX1VTWkFWSEdNSG9NdGc?oc=5,,,
2026-08-19,AI 関連 日本株,ｄメニューニュース,半導体やAI関連株の押し目狙いのスタンスに - ｄメニューニュース,https://news.google.com/rss/articles/CBMijAFBVV95cUxNdmlxUlhIaUo0b2kzTXd5YVg2QTlHeHhYbS1IN0Q1Q2dGLUxvTUx3Tm5QQ0lQQmcwY2lUREhLSmotbmZDMktOWHRkN0h4bENCQkRWYzNrcUVRak5UVzAtdm9YX3V3ZWJRU0NMdW5xcUtySHVvdXNKVVNoUFZCMmVkZHAxMDZxcHVUbmpKetIBjAFBVV95cUxNdmlxUlhIaUo0b2kzTXd5YVg2QTlHeHhYbS1IN0Q1Q2dGLUxvTUx3Tm5QQ0lQQmcwY2lUREhLSmotbmZDMktOWHRkN0h4bENCQkRWYzNrcUVRak5UVzAtdm9YX3V3ZWJRU0NMdW5xcUtySHVvdXNKVVNoUFZCMmVkZHAxMDZxcHVUbmpKeg?oc=5,,,
2026-08-19,新高値 銘柄,finance.yahoo.co.jp,ETF売買動向＝18日前引け、ＧＸＬＥ日株、ＪＰＸ１００が新高値(株探ニュース) - finance.yahoo.co.jp,https://news.google.com/rss/articles/CBMihwFBVV95cUxNQklyLXR5bnpRNHU4Yk9hblg2ZUxjX0EwMVIxRVlVMTFxeTg0S25kd014VkZTTENTdHhqbnRocV9vM2pGSzc0bU1mR3QtVTVWS1lralRad0dJX3R6ZFFYdXZDbUVNZXl0dUgyQVRVVkFKU21TYU93UVg1cU1hZHR2UTUtaEtNZVU?oc=5,,,
2026-08-19,好決算 株価,finance.yahoo.co.jp,ファブリネット、好決算も大幅安 データコム事業が期待に届かず＝米国株個別(株探ニュース) - finance.yahoo.co.jp,https://news.google.com/rss/articles/CBMihwFBVV95cUxNY2s4Q0ZoWGZRN2NQemNUS0J5UGpsOWhmalJrZmJzOGpVWms3QWxuUHBiQ0NCU3YtXzNjWFlhTkE2eGpFNnBrajFzaDh0Zl9jb0paVFF4c2tSbVk1VnZaXzczUmY2SHV2Q0tFWmZqeTNjSWxWQlF5TTViTWNsRnZSajMyWkpFUW8?oc=5,,,
2026-08-19,好決算 株価,Investing.com - FX | 株式市場 | ファイナンス | 金融ニュース,キーサイト・テクノロジーズ株が急騰、好決算と強気見通しが後押し 執筆 - Investing.com - FX | 株式市場 | ファイナンス | 金融ニュース,https://news.google.com/rss/articles/CBMid0FVX3lxTE14Q3dnMmxPMmdVRkcwbEtTS2ZUTDFVNjBDYmhmcjIxbzd6cDJBaXNLR2I2cGhGY2FiZEluZzh2WnZ3UFVac0dfT0F1YVVsMXdTZkQxWGVTRW1FM3dFZXg3c1NPRW50bTZkN2g0VTNXRUJ6TkszdnYw?oc=5,,,
2026-08-19,好決算 株価,ダイヤモンド・オンライン,【半導体業界の5年後大予測】キオクシア、アドバンテスト、東京エレクトロン…半導体業界を襲う「5つのリスク」とAI半導体の「勝者」をトップアナリストが解説 - ダイヤモンド・オンライン,https://news.google.com/rss/articles/CBMiTEFVX3lxTE5HeVllakJUSHNvOTlVNHM0NllpNWRnSm04Tzk5UVdoR09vMmZTVURnOE90eE82WW0tLXh2V1RFMFc4SzcxVlAwMFhNVjbSAU9BVV95cUxOTUFRR2ZNTFdteFZ6akpzdHMyN1hCWXlvbUoxNDl2MkZGakFIQjFNVjl0U19RbERIX2NZdHhJVEVsTXlnNmtCUzc5eUUwVmNz?oc=5,,,
2026-08-19,好決算 株価,株探,商船三井など海運株の出直り鮮明、北欧大手の好決算を起点に資金シフトが継続 - 株探,https://news.google.com/rss/articles/CBMiYEFVX3lxTE4xY3MzMkczLU1SOWRPR1pPLWVUQkJMVmlkZVhhR055RnVIZEV2YUY0cEpJSWlqYnBjYjdqdlNoekU4aGhwYS1Pa2Z6czhMc2R3WjRqcHlEQ1NZYjdPRG5CZQ?oc=5,,,
2026-08-19,好決算 株価,shikiho.toyokeizai.net,中間選挙前に8000突破へ､好業績が支えるアメリカ株の意外高 - shikiho.toyokeizai.net,https://news.google.com/rss/articles/CBMiV0FVX3lxTE1RX3dQNzczajAzckNpdlgwUndhMzA4M2ZacjZQZGNWMjNUWkdJTmRuclAwdDBLMGNKUXU1dFJ5SE1JSUxTeXNFNlJBM0h4YTBtYjEwNVhtUQ?oc=5,,,
2026-08-20,日本株 注目 銘柄,nikkei.com,米中間選挙モード入り 下げに強い自社株買い銘柄に注目 ヴェリタスEYE（8月19日） - nikkei.com,https://news.google.com/rss/articles/CBMifkFVX3lxTE9VdGVqcG40dm45NlRmam0xOUNQWVMxa0ZyYnJZR2taSzVIZDh3a2hGRHZGMXNDTUZQSnd3VVlLRWw1MGpXRk1JUFdudVlEYUs4UkJkdGJtSExMaVpaSDgteVJfeUM4V1FlWm1YYzk0dEN1d1dzWDN3ZFZ1S21UZw?oc=5,,,
2026-08-20,日本株 注目 銘柄,トウシル,「36 期連続増配」花王（4452）がついに優待を新設！人気優待ブロガーが8月に買った3銘柄＆注目優待株5選【かすみちゃんの優待生活】 - トウシル,https://news.google.com/rss/articles/CBMiWkFVX3lxTE9jeVMtTTVRMVNRWDBuMGlaRzBJOHgzQkdodF8zdG1xT1BVenhQX08yYVd4amV0OEJfYUE1ZEFkVHJSSkJqYmtHa01FcnFBUXdCazE0ZlJrV0o1QQ?oc=5,,,
2026-08-20,日本株 注目 銘柄,ダイヤモンド・オンライン,【日本株ランキング】今期に｢売上が伸びる株＆業績の上ブレ期待株｣ベスト5！ 成長率383％の｢データセクション｣、会社予想が慎重な｢ネクセラファーマ｣に注目 - ダイヤモンド・オンライン,https://news.google.com/rss/articles/CBMiU0FVX3lxTE5GbG9lWTBzZ2UtVjItdkpaTFZyNnJXS0FCSUhtdjlHZjhtUGQ0N0xpd2hSbDduM2RtX1IwRTB0MWVTc0trVmcwcXlBYnNjMFZsYjI4?oc=5,,,
2026-08-20,決算 上方修正,kabutan.jp,ハートフロー、決算受け大幅高 通期の売上高見通しを上方修正＝米国株個別 - kabutan.jp,https://news.google.com/rss/articles/CBMiYEFVX3lxTFBnOVRxRWNTbTNSbXB0bklXRlRGWHdVMEQ2bzlkVzh3VzBhY0JCbzdvblEyQ2xIYzFEQmNBUTFzeU5qOWtXOEJtbXhkZmhrSVdUdk9JZndrNW9RczR6bl9wUQ?oc=5,,,
2026-08-20,決算 上方修正,BigGo ファイナンス,【CAC Holdings FY2026 Q2 決算説明会】上方修正でも保守的予想、調整後EBITDAは4.5%減—変革優先で新領域比率25%に到達 - BigGo ファイナンス,https://news.google.com/rss/articles/CBMiX0FVX3lxTE9mQ1VJRlcxSGVpTEdhdHVMTlJWN2FFNmlPNURjcnpwQ0dvZFJQYnBWS01NZzR4aGFyTnlMc2lnR0VQZmMxelBaeC1peDZzMXUyTjlucWJNM2tFTUxLYXdv?oc=5,,,
2026-08-20,決算 上方修正,kabushiki.jp,（再送）ユニカフェが５日ぶり反発、２６年１２月期の業績予想を上方修正 - kabushiki.jp,https://news.google.com/rss/articles/CBMiR0FVX3lxTE5FX0ptMnBmQ1FPUkMxcFZSRzJWaVhrQXBmOGpLXzVsYzUwcHlqTi11UUxuS3RaQ2tEa1dZaEVXUTJDSElrdThN?oc=5,,,
2026-08-20,半導体 関連株,Yahoo!ニュース,【速報】日経平均 一時2000円以上下落 半導体関連株に売り広がる（日テレNEWS NNN） - Yahoo!ニュース,https://news.google.com/rss/articles/CBMif0FVX3lxTE1LdHJQc3UyRUd0TXhMbENDcmZkMlhHM2hVMGJXLUV2b3lSNWhNQzNxdERGYlJvR0tfZjJIYWt4QjljNEVIeUlHNkRFUExpRnFXQy1FNVlFMmRIY0tTeTItM0FzTXJONmptdC1xTGNlX2NhcmNsUGVOUG5ud0JFTmc?oc=5,,,
2026-08-20,半導体 関連株,EE Times Japan,絶好調の半導体市場に迫る転換点 株式市場が先読みする「2つの懸念」：大山聡の業界スコープ（103）（1/2 ページ） - EE Times Japan,https://news.google.com/rss/articles/CBMib0FVX3lxTE5CVHF3emtobWR1VHNGSXIyT2VSM2RKZXVjZnFEOU9SeGh1UHYyUWFqbGp4NS1yUEVMRGpJbEh5allPZWQtZEdUVTg4MnRNQjhpUnQ2X1JoTUd6cVNacmxzWURnc2N5M0FIOEhJVGFhYw?oc=5,,,
2026-08-20,半導体 関連株,四季報オンライン,19日の日本株は続落､金利高警戒でAI･半導体関連株に売り - 四季報オンライン,https://news.google.com/rss/articles/CBMiV0FVX3lxTE5ueXJhWmFfN1F2VkRhbnBydzJPNURTZjh0Y3R4TDRKTnRyRUNiQTZJaThvMmtXSTc1UGxySDBHOUdjbTdnclhPbUlzR0NrM2phazYzTVhFQQ?oc=5,,,
2026-08-20,半導体 関連株,ロイター,午前の日経平均は大幅続落、米株安を嫌気 半導体株の下げ厳しい - ロイター,https://news.google.com/rss/articles/CBMigAFBVV95cUxQcVNpYkszbFFJMEY3ejkxTXRycWdFdkh0SlJBRE44dFh5M0VxSDNGQU9Nek8yTVlCazhINW5ET1lJWm85MXVCbTRmVHNjR3hLSkJ1bmotTk1xeG9Fc1U2aV9fNzVBMUJuVEV5ZmtXVFVuS2M2SEFQSWEteWtHV0ZOZA?oc=5,,,
2026-08-20,半導体 関連株,yomiuri.co.jp,日経平均が２日連続で値下がり、終値２１３４円安の６万５３２６円…半導体関連株の下落目立つ - yomiuri.co.jp,https://news.google.com/rss/articles/CBMiZEFVX3lxTE9oYTNhLWxtUmU3bV82NFRJNGk3MnFERWZrWUZQSHQxaDc0bkRKZ0ktejBzdHpHaEdpMHYtSTVIN0RlUnRyYWVtVUYwYVk0cERXbEtFV0RGbjd0WDZiSm54VmpXRlg?oc=5,,,
2026-08-20,半導体 関連株,TBS NEWS DIG,キオクシアHDなどAI関連株が大幅安、金利高がグロース株に逆風 - TBS NEWS DIG,https://news.google.com/rss/articles/CBMiZ0FVX3lxTE96YXBXelZnX2ZqczlBUnFHWGRlYXJWVldMdzhfZU5JRUNJZHd4R0E2WXVyY2NpTjhoRThSREdhdmd4N2pSMnpscV9SaWxGZFhGZ3NSN09pekM5VzZ1Rm9kNXowaEVmZGM?oc=5,,,
2026-08-20,AI 関連 日本株,ダイヤモンド・オンライン,日本株は調整一巡で再上昇へ、AI一極集中から銀行・重工など有望セクターの物色拡大に期待も - ダイヤモンド・オンライン,https://news.google.com/rss/articles/CBMiTEFVX3lxTE9XWEZvOFVYRy1yZ2xzYWo2SFljb1JfTThmN0NvTHhkc0Q4bUNJRTlQTWtMVkhZelBsS0RJSUM1Yl9weDh5UXViZUVKeWbSAU9BVV95cUxNSlRoSEU4UW5ZeFVIV3FJOTdhdHBQZmhkN3hpN2xtVkNVNlpiWVVhSUNzU2pLcGpleXlqeEZQQU1lMlY1UktxMXN6bXA0NGFj?oc=5,,,
2026-08-20,新高値 銘柄,Yahoo!ファイナンス,ETF売買動向＝19日前引け、ｉＦ独３短国、ＪＰＸ１００が新高値(株探ニュース) - Yahoo!ファイナンス,https://news.google.com/rss/articles/CBMihwFBVV95cUxNSmI5M2o1d1E1bE4yS3BTejVTVGkzT3p6THdLY19EclZQM1Zkb3dtNm04bDVMSUZDZzYtNjZyZ0J1cWJtRjYySW0yWkY2Umo2MG9ZUVFZaUs0R2F2d1JsOEtvcVFQS0gxMmg3QjdHMTZmdVdvSm9RTnBramVJQjREVnBlUktnU0U?oc=5,,,
2026-08-20,増配 自社株買い,LIMO | くらしとお金の経済メディア,"【日経平均2,134円安の大幅続落】INPEX（1605）は▲1.03％の小反落にとどまる底堅さ、半導体株安が全面安招くなかで（2026年8月19日・株式取引概況） - LIMO | くらしとお金の経済メディア",https://news.google.com/rss/articles/CBMiTEFVX3lxTE9RbUU3QWRQMFp6cWFITUE1WjZDTzNhZEx5N1AtMElzX1dHdnViVDlobnJwemdmYmR4ZlhvMDE4T1pJVWV5X0lsdE9kcGE?oc=5,,,
2026-08-20,増配 自社株買い,kabu-ir.com,【注目銘柄】東京インキは分割権利落ち後高値を更新、業績上方修正・増配・自社株買いを評価 - kabu-ir.com,https://news.google.com/rss/articles/CBMiVEFVX3lxTE43OEFDeHRvRkppWE5jVWFRRWdGR1VkWmpKM2pBemhNV1RpUVE4bmRMUUdXLWFyZlY5M2FVMjNIaldDU2NKMW9Ma2YwNVZWRnpEQW53NQ?oc=5,,,
2026-08-20,増配 自社株買い,simplywall.st,"AMP（ASX:AMP）における増配と1億5,000万豪ドルの自社株買いが、同社の投資ストーリーをどのように変えたか - simplywall.st",https://news.google.com/rss/articles/CBMipAFBVV95cUxNQ3dFekgtbXFaWDRaTWVNZVMyc3hfWXU0dEoxU2xkaDM4UnJOeVQ3Z3ZDYzJubmhNLVQ1TDQ1bjFtVzlmNXRMS2o0WUtYVFlLTUM5VlFFakdCMnBydHhKNlpyeEpWV1hjc2dUUWpaLW5wNjdXNS1WcDFkTEdJeS1OaFRpaFJ3OEpoN3h1XzJtdzNGVUlQSmlQXy1CNFNmYkk5QzFPbtIBpAFBVV95cUxNQ3dFekgtbXFaWDRaTWVNZVMyc3hfWXU0dEoxU2xkaDM4UnJOeVQ3Z3ZDYzJubmhNLVQ1TDQ1bjFtVzlmNXRMS2o0WUtYVFlLTUM5VlFFakdCMnBydHhKNlpyeEpWV1hjc2dUUWpaLW5wNjdXNS1WcDFkTEdJeS1OaFRpaFJ3OEpoN3h1XzJtdzNGVUlQSmlQXy1CNFNmYkk5QzFPbg?oc=5,,,
2026-08-20,好決算 株価,SBI証券,株価上昇のカギは好業績？成長期待の銘柄6選 - SBI証券,https://news.google.com/rss/articles/CBMiggFBVV95cUxPTE43YXdfTkRON1VQUDlMZTJsZWxwM01kOUxORWxSdWFMVDA3YkRpRTdRLUN1Mml5NG1uOUlzZFd3NncwdzBCTmhFeHYzb3RtSmE3V28xTWZqZXZJOTVhNGFvWG5obm1vVzNjUlduT0dHNlRJSm9kS1QwSlpDdzN3TkpB?oc=5,,,
2026-08-20,好決算 株価,Yahoo!ファイナンス,ターゲット、好決算も時間外で株価軟調＝米国株個別(株探ニュース) - Yahoo!ファイナンス,https://news.google.com/rss/articles/CBMihwFBVV95cUxNbHdINGdlS05ZQVl4clFOR0Z1S0tIZTZCeVY3ajhOMzhRVmMzRUlNUjVVVzhxVndEY3J1Z3BuOTlRbGloRFI0N0xkUXl6eGhKUnB6eWxLamxsNk83cGJnUlVoUmtGUVlYc2xSUEpuUDUyT29EVVZ0NTJNblI5WkU0NTNxZF9QMEE?oc=5,,,
2026-08-20,好決算 株価,kabutan.jp,"再点火間近のエヌビディアと絶好の買い場迎えたスペースX＜小川浩一郎・米国株""上昇のナラティブ""＞ - kabutan.jp",https://news.google.com/rss/articles/CBMiYEFVX3lxTE9uSm40Q2MxR2ZvcmlwZWR5aGRoblk1bGF3WkJiRUpvLTQyUXBYc1dBd2o2YTA0cXB1UUloMnF2NWxDVFF0MnhzNTl4SHI5Z3FzaGhKcncxWHZwMTl0cGd1Tw?oc=5,,,
2026-08-20,好決算 株価,朝日放送,週明けの日経平均株価小幅な値動き好決算が下支え買い材料は乏しく - 朝日放送,https://news.google.com/rss/articles/CBMiZ0FVX3lxTE5XTEpCTmJIYXFkd3pDQ1FLcmN5U0txaThvQ0RSVGY3ZXVsdWRyMjVzYTV5bU1TYVk2alJsSFNQbDdUZno2UW4wa3VnY3pJR0t1eUZPNkZnZ1VEbUI5N3ZlQUhuTTV2YTQ?oc=5,,,
2026-08-20,好決算 株価,Investing.com - FX | 株式市場 | ファイナンス | 金融ニュース,キーサイト・テクノロジーズ株が急騰、好決算と強気見通しが追い風 執筆 - Investing.com - FX | 株式市場 | ファイナンス | 金融ニュース,https://news.google.com/rss/articles/CBMid0FVX3lxTFBBYWpVUU1NMUlLSjZhR0hBVkNLcFVIRGU5ZlRoUU5sQkNaenAxV1N5dWt6NFdQS0dFQkhjRGJXQUNwbWh5NzNRTVdpU0M0YjJZM2RNRWF5a29MYjUzdHA3OHRIcGtHYjJsRUIyaTRkekhJM0RnX1ZN?oc=5,,,
2026-08-21,日本株 注目 銘柄,マネクリ,【日本株】2027年3月期第1四半期決算での好業績銘柄をピックアップ - マネクリ,https://news.google.com/rss/articles/CBMiVEFVX3lxTE1XRVNLTnF5QkwxQ0JLNnk0TVlXT0NZYjdpNkpuYW4yTk9seHg4dXdpeEhfTmRza012QTBYZ1ZnemxsRmNVRlRxdVpUZi1NZnV5N0xKbdIBV0FVX3lxTE96OVJaaHNVZDFZMUhaR3M2Tm56cnpFREM1VlloaEVGcTd3OHBOM19zMTZnWERZNmFXUGZhUHBMekhBS2ZLblhSYklMbzFGUHFLZzk1c2xEYw?oc=5,,,
2026-08-21,日本株 注目 銘柄,ダイヤモンド・オンライン,ダイヤモンド・ザイ10月号は｢【最新・好決算株】31銘柄｣や｢【最強日本株】87銘柄｣など満載！NISAで人気の投資信託の格付けやイデコ入門、桐谷さんも登場！ - ダイヤモンド・オンライン,https://news.google.com/rss/articles/CBMiU0FVX3lxTE5pQUV3XzRWVUJSLVRFbFBlaV9Qc0VUWnVyTUxXQWJhb2ZZbjdRUjlISkdLdU9IOUI0TVNqV2VsZkc1OU1zN25xdVBOODZrTkVNcEo0?oc=5,,,
2026-08-21,日本株 注目 銘柄,Yahoo!ニュース,まだ割安な日本株は？ NISAで注目したい「PER10倍以下」の5銘柄（マイナビニュース） - Yahoo!ニュース,https://news.google.com/rss/articles/CBMif0FVX3lxTE83UG5iRmtKTWhlVGltYzQyUEg2aVIyUDZPMFY2dHdzZnZyZlUxblpJV29tYTItLVhGTU1aWHhOZlRoazNkUzZORzB2cmpzSWNlYmpueEZCNmpMX1lCVnhlZVZRMkFEUFJPSXJ5bXdwdlJJbGRoQ0h0a19XdXFLelk?oc=5,,,
2026-08-21,日本株 注目 銘柄,四季報オンライン,心がザワつく長期金利上昇で注目したい｢2つのIPO銘柄｣ - 四季報オンライン,https://news.google.com/rss/articles/CBMiV0FVX3lxTE1JU21nMnd1VkJYX2swZG5rLWQzRDhvNms3SFNGUlIzVy1qZUFuM28tLVRKUGRHdVBVcm0tMGhFeUtXRDNhRGIyeUdZbmtWdURfdmhNdXpyUQ?oc=5,,,
2026-08-21,決算 上方修正,Yahoo!ファイナンス,【決算速報】日宣、上期経常を一転17％増益に上方修正・5期ぶり最高益更新へ(株探ニュース) - Yahoo!ファイナンス,https://news.google.com/rss/articles/CBMihwFBVV95cUxQQUxPSVZGMXZ6S0pId3F5cUNtYkdXVHVqTnIxWG5yNEd5UmVOSFQ1bnd0TGxrYU5Ba3RGc0RkVnB3d2w0UTYtME1ITEhaZVVmZUJUYkNNUkF6TGhXNTBHbGM2UW1lVk9QakJwekpJMWUyQ2ZVbC1Mc3ZfQnJFVWZ4WE9HWUlzUms?oc=5,,,
2026-08-21,決算 上方修正,BigGo ファイナンス,【動画配信 FY2026 Q2 決算説明会】キッツ、通期計画を上方修正 半導体装置向け385億円へ、V TEC買収で「世界2位」の真空バルブ体制 - BigGo ファイナンス,https://news.google.com/rss/articles/CBMiX0FVX3lxTFBOeC05UjFfNE1kLW5oY1pIaGowdl81aXFteGl1SVFjY0RtcUVLR2FsUnN3LXhseXRhM0JZX253eHV5dU5iVzl1OEtkMlhibWlURnMwel8zNzMwQ3NxWUl3?oc=5,,,
2026-08-21,決算 上方修正,MONOist,脱自動車でもDMG森精機が業績再上方修正、2028年度にピーク利益計画：製造マネジメントニュース（1/2 ページ） - MONOist,https://news.google.com/rss/articles/CBMib0FVX3lxTE1YMkNkM0RNN0lzQVViQkYyZVhCWHpyWi1NVzRBWGltQlU3SVdrWWhSbzlHMFA2VnhBRG9sYjBPcUdZb292Sk9iWjhNRF9GRk5DSFR4WjYySmlrZS1NVU53T1R1RkRBZ0xvcVJJa211OA?oc=5,,,
2026-08-21,半導体 関連株,株探,東京株式（前引け）＝続急落、ＡＩ・半導体関連が再び売りターゲットに - 株探,https://news.google.com/rss/articles/CBMiYEFVX3lxTE9BVnIwNEpmWV9qRTljNnFCcWd0dGJxZlktZzlnX0FOVG9lcS1KUGNGdTJGdGZGN3F5dzFxRzBUNGZ4QmhSS0gxRl9CQUNCclF2NVZZLWxCejdiUFQ2UGJpdQ?oc=5,,,
2026-08-21,半導体 関連株,日本経済新聞,AI・半導体株は過熱感薄れる 年末ラリーへ復活の秋か - 日本経済新聞,https://news.google.com/rss/articles/CBMibEFVX3lxTE1LdkZIeW51QVdUN2ZDbUhVdzlPcnhJbGRrdHRtRXpqWUtWZ1kxelhfb3RYQ2xqQ3JoQUJOVUt1cU9TTmtNeWlDRmQ5dzlhYTFFWnpoeUlOaWk5RHMzdmRWUEFPRUR4TVNDWGVVYg?oc=5,,,
2026-08-21,半導体 関連株,Yahoo!ニュース,キオクシアほか、AI・半導体関連株の乱高下は「熱狂とレバレッジの巻き戻し」…投資のプロが読み解く「過熱の反動」の先行き 考慮すべきは“ITバブル崩壊後に巨大IT企業が育った”市場の歴史（マネーポストWEB） - Yahoo!ニュース,https://news.google.com/rss/articles/CBMif0FVX3lxTE9femRsN2JlLXk1d0dxQXVNTGFaMENjUWRfYkx5VEQtN1p1X2tCNWxCenBkZEZ0cUx4V3NvUGI2U2RYdUNMZGxBNmpEUnROeFFNUFhQQm9XXy1lSUFZd2lJNVl3ZVNqRkxzY011YXdlYlBVY0dIT3ZkRGptSVFXMDQ?oc=5,,,
2026-08-21,半導体 関連株,TBS NEWS DIG,韓国総合株価指数が一時6.8%安、半導体株に売り－金利上昇を警戒 - TBS NEWS DIG,https://news.google.com/rss/articles/CBMidEFVX3lxTFByT1FWVjhDX0xLNHV4YkU3bVd2aWFscnlVczR2dmZVbGVRdlZ1WThrZjFTS1N3NkFrWnBPNkx0c1YtSnNoaWNhUFdkYm53ZnlNb1RpNHhNQmNwM0pzbDVBWm1wbmd6TE9zRU1RQjd6TmJ5SVd6?oc=5,,,
2026-08-21,半導体 関連株,マイナビニュース,半導体株急落で考える「オルカンだけでいい？」 NISAで買える低リスク・好成績ファンド12選 - マイナビニュース,https://news.google.com/rss/articles/CBMiXEFVX3lxTE40WGJKalZBWXJUbjdaeHF5YjhoOC1VM2VhZ1pQdnJKTXlQQ09XWHI2bFNOakhOLVRyaVhTTUJkSk1kS3JpazJzZ0FBMmc3aUNNTkNaOGxUeWZVX2I0?oc=5,,,
2026-08-21,半導体 関連株,Yahoo!ニュース,キオクシアHDなどAI関連株が大幅安、金利高がグロース株に逆風（Bloomberg） - Yahoo!ニュース,https://news.google.com/rss/articles/CBMif0FVX3lxTE8zaDE0MGxDQW9KM3F6a3BQZW1QM0RJZGgteEJDeXBBam9MLUNvOWVkNmI4QUNsNWJ6a0ItWU9GRkNrckVWNWNwd2NBVG1ldlFILVZzZjJ1eHZaVkZfZ0RMZHkwS3c5Tzd2ZUhDeEZIaHlUTl8yVDgxZjF4Y0FEWDQ?oc=5,,,
2026-08-21,AI 関連 日本株,Yahoo!ニュース,韓国株が急落、半導体株に売り－利回り上昇でAI投資懸念（Bloomberg） - Yahoo!ニュース,https://news.google.com/rss/articles/CBMif0FVX3lxTFBjeC1nQ1gxVVBhMHVPWDZtVnBlTXlqSEM0M3hEdXJ3UHMtMl9HV3VmRTd4amFOWTAzWVlTeUtoa2dmOFYteTk3OUgtNHpsenA3T3NpMmRQNjdVSnpZMXdvSkNsUFFMSWlobTJzRVRnaU96NFI4dzFVMWdhNkdSQzg?oc=5,,,
2026-08-21,新高値 銘柄,Yahoo!ファイナンス,ETF売買動向＝20日前引け、ＷＴ商品総合、ｉＦ独３短国が新高値(株探ニュース) - Yahoo!ファイナンス,https://news.google.com/rss/articles/CBMihwFBVV95cUxPV3AzV0psak9KSU1KaDk3RTN6NEJZdktCTjU3dDhGXzRHT3ZadHE5SXFMYmpZdmI2R3R2Ykk1SnV5SDktNEp4T0lNZ3RPSFFkR200cU9UUTRvZkZacy1CTjV6MW9qOUE5X21aamN6ZzNTRVcyalFsZVBIcktIQ0QtVC1QNi1Gd1k?oc=5,,,
2026-08-21,新高値 銘柄,Moomoo,新日本建設が高値更新[新高値・新安値更新銘柄] - Moomoo,https://news.google.com/rss/articles/CBMioAFBVV95cUxPUkc4eFR4cVlqYWg4cWN2QkZjb1FPWkhsQlZaRERaUk1ja01yQkx3cTlWUGRkcHdISzhuTHZFZXNFU1E4M19XN3FlSTNHSWZWRG1iNnFPa1diZXJYN2ZqNzZLWGJULWhjVDF2SS1vcUllZEZxel8ycHJ0WW9yU0R3MmFBelktNkVKZlB4eXB0ZHgxbGNTd1oweWVJT2FWM0c0?oc=5,,,
2026-08-21,増配 自社株買い,simplywall.st,サイモン プロパティ グループ（SPG）が見通し引き上げと増配を発表、株価は公正価値を織り込み済みか? - simplywall.st,https://news.google.com/rss/articles/CBMipAFBVV95cUxORDJBQ2Vaakgzc1BNX0FUSjZ2Mi1GM0NiZGxDY0ZMY3l5aEFUVWg2QTg0aEQ4R0kzU3gzUEFIYXN2a1hrZUR2TlJ6RUlaVzdMckJEZ2taRW5YanoyeURFVXBpN1hhSTdQeW9RVzl5NGpXTDllUmNpSHQ4bHVXdm9kQkU2ajRsYy1sb1c3dFJPT3NaYW9na05aMmtYdngybFFiZXlmU9IBpAFBVV95cUxORDJBQ2Vaakgzc1BNX0FUSjZ2Mi1GM0NiZGxDY0ZMY3l5aEFUVWg2QTg0aEQ4R0kzU3gzUEFIYXN2a1hrZUR2TlJ6RUlaVzdMckJEZ2taRW5YanoyeURFVXBpN1hhSTdQeW9RVzl5NGpXTDllUmNpSHQ4bHVXdm9kQkU2ajRsYy1sb1c3dFJPT3NaYW9na05aMmtYdngybFFiZXlmUw?oc=5,,,
2026-08-21,好決算 株価,Yahoo!ファイナンス,本日注目すべき【好決算】銘柄 日宣 (20日引け後 発表分)(株探ニュース) - Yahoo!ファイナンス,https://news.google.com/rss/articles/CBMihwFBVV95cUxPTlFLbzFxQ2tYaUc5N1dwcFMtMWVDUXREYVVlcEc2cl9ndVgzT25nMlBBcUw3SFNZTEwzTjhSdjVUdGpMbEVHdFMwcE51MzNrVExiZTA0WUNDNG9qNm4wc2xzTk9Ra2VhTlhReHJGNDJLeG5RQzBxVkZhaENuWTBoaWc5cGJnQkU?oc=5,,,
2026-08-21,好決算 株価,株探,AIラリー急転で表舞台に、出遅れ「シクリカルバリュー」銘柄リスト ＜株探トップ特集＞ - 株探,https://news.google.com/rss/articles/CBMiYEFVX3lxTE9Rd2JhOEJJRlB2SFp6Rlo2OUh3ek5ZMmZTcTljV04ybXU0SVRUb0hFSjRjeW5Xa09feFVOVWJnejh1MGtxUFdYSVBvajZNNkxMcERaNWJwcVBxN2lMRFZrOQ?oc=5,,,
2026-08-21,好決算 株価,Investing.com - FX | 株式市場 | ファイナンス | 金融ニュース,H.C. Wainwrightが好決算を受けDRDGOLDの目標株価を引き上げ 執筆 - Investing.com - FX | 株式市場 | ファイナンス | 金融ニュース,https://news.google.com/rss/articles/CBMidEFVX3lxTE1KNDQyVnJnTWhRX1dRamNWcGs3aUtpNVZHcjlkMDhYLTBZLU9JcGczN2hGc3k4blcxTm56UURYLVJVM2U5dzktMUd2cFdyaGZHTWI1aUhzMERlVkd5amsxbkNkc3BaTGJhLXdpbUk1N1A1THZJ?oc=5,,,
2026-08-22,日本株 注目 銘柄,SBI証券,〈2026年7月〉株主優待 新設・拡充51社！注目銘柄をご紹介 - SBI証券,https://news.google.com/rss/articles/CBMif0FVX3lxTFBnS05OWURrbGktMXQ0NVJZQ2JDV3NsdkJ3a1Zqcmp0UGRPZldJTlRlVXBKQ3lpZjFZYzA1ZlRSUFA0NXhoSFpfaFRoSERnNGY2SFFXVk9jNjJvbkdQQldyMkhPdWNid3F4TDF6dGJmcTI3U2dVbTkwNHJUYVh0Umc?oc=5,,,
2026-08-22,日本株 注目 銘柄,ダイヤモンド・オンライン,【日本株】最新決算で“買い＆強気”と診断された5銘柄を解説！コスト高対策の値上げ検討が好材料の｢サイゼリヤ｣、高配当＆自社株買いが魅力の｢清水建設｣に注目 - ダイヤモンド・オンライン,https://news.google.com/rss/articles/CBMiU0FVX3lxTE52RXVUQmxYSktDWDNPOXNSYm5yT184WnBObHNaeTBGbk5ta2JpcHdjbkhOYXdKd09jWXNlUXZDekZ3cGctX3I3ZlhiUVl6MjZhc0Jr?oc=5,,,
2026-08-22,決算 上方修正,日本経済新聞,業績ペースアップ、次の上方修正候補は 2026企業収益① - 日本経済新聞,https://news.google.com/rss/articles/CBMinwFBVV95cUxPalRGazBZVkktVTZnb2FYMEpBUG1saENkdTJNUWgyMEJRYVVvYXJSRUV0X3lKUzRreHc1bXhkekZSdm1panVueDdPemdvYlVEVmgyeElPd05yMnRxVWFVS242d2k5NHI4TXgtN0JkRzZPNmQ2bk43d2hHNmM3LTE1ZVByekEtZFQ4MTBULWg0dkFyUFJZQjNHX295UDVhYm8?oc=5,,,
2026-08-22,決算 上方修正,株探,シーイーシーが２７年１月期業績予想を上方修正 - 株探,https://news.google.com/rss/articles/CBMiUkFVX3lxTE5MZnRwMHpqYWg5ZU5QM1RNbGtHVEo3RFNGQUdtbzhyUEczb0UxSWRKd3U3QWxKNGFhRVJzRGVlMUtPVWxYLW5JU1Y2TUtva0JneEE?oc=5,,,
2026-08-22,決算 上方修正,Yahoo!ファイナンス,【決算速報】シーイーシー、今期経常を8％上方修正・最高益予想を上乗せ(株探ニュース) - Yahoo!ファイナンス,https://news.google.com/rss/articles/CBMihwFBVV95cUxPaG9lTEV6MG4xM1hNajZWR2NaaXBGa1Y1eFhMNC1PdTVJM1hSb1dKWXIzRGdUVEphcjNqTUFLbFN3em5HNzJjX0ZaSmJCXzJ5bGgtTTN6Q2JPM2VPOXJkeGc4MDlmZG5ESEN0QVJVSGJIcmJmNFlZWWVoUWZSRVBqZjZXMWtDamc?oc=5,,,
2026-08-22,決算 上方修正,BigGo ファイナンス,シーイーシーとオリコンHDが業績上方修正、最高益更新へ - BigGo ファイナンス,https://news.google.com/rss/articles/CBMidEFVX3lxTE0zRWttZGNyZFJsYnV4LTk4clVzdFBVdzdTazZycFdOTTNzT1RMTVE3cDdtR0dxMm1QUkNQeDJnbUpPM1BtbTZ1R3FYb0pGWVI1NTNPZUp5NnJuT0RoOW90SWNQNjc4Sy00RTNBdmYtMzQwUnV4?oc=5,,,
2026-08-22,半導体 関連株,株探,東京株式（大引け）＝２１３４円安、ＡＩ・半導体関連中心に売りこまれ大幅続落 - 株探,https://news.google.com/rss/articles/CBMiYEFVX3lxTFBSQkRNb3EwbDhBanFKMlV3X1l2ZDJEVmVCV1JvQnRxTDU1ZGVzRzhvQ2R0Z0tyd21kYUVHQjVDR0xZRk5falJ0cDA5bE9EOFotNWtEQVpSZlpDcjBNRDRxVQ?oc=5,,,
2026-08-22,半導体 関連株,TradingView,米韓半導体関連株が重しになり66000円台割れ【クロージング】 - TradingView,https://news.google.com/rss/articles/CBMiZEFVX3lxTE1BLWZXcTk2cDQydW9HbnRGakJLTHk1UzJTekg3SklxRVpVRlVIX2xja21YVVVNY1dIUWllZmR6SEJGcFRxVy12LW5Cc1ZHcE9manlhZ1pVLXpNQ3VFbHBFMktiRlQ?oc=5,,,
2026-08-22,AI 関連 日本株,Moomoo,〔注目株〕ＡＩ関連株の一角が切り返す＝ＳＫが日本に半導体工場建設検討との報道で - Moomoo,https://news.google.com/rss/articles/CBMimwFBVV95cUxOSXhPX0pnV2hyQmJ5VFQwV2M2cDRHLVp0X1o5QlNHamZ6UldiWGhnVVNvMmZZeDBEU3ZpcWNpdmsyR0V1Rkp3STFzcjFxUlhHZlhZZ09jbk9PcHlQNzM4YTVvaVFwSWJtanl1cmhXcndJQVplN1NnMWZkbjFHTVpaamNGVngwWUtZTlpxUlRTTVdGZ2x4bUJxMzAtSQ?oc=5,,,
2026-08-22,AI 関連 日本株,マネーポストWEB,【注目トピックス 日本株】東京衡機—急反発、フィジカルAI関連新規事業の取り組み開始を発表 - マネーポストWEB,https://news.google.com/rss/articles/CBMiR0FVX3lxTE5TWVdPckdkWVByVHZhRXVUQmdhRFFZVDJkMGRoRHFSMm1kdXhfREc2UUo0a0FfczhDMlRLRmVhSXNaX2NiZUU0?oc=5,,,
2026-08-22,新高値 銘柄,Yahoo!ファイナンス,川崎汽船－新高値 中東リスク高まり海運株に買い 外資系の目標株価引き上げも材料視(トレーダーズ・ウェブ) - Yahoo!ファイナンス,https://news.google.com/rss/articles/CBMihwFBVV95cUxNYmpCcmYyRkVUT3dNRkQ0VWt0Y0t0blp2V0xpazNIUVpqRW9XdVJuVW5QeHdmNjhOcHl6eDJ6b180bTBlaTI2TjVpMXJBamgyNWJkY2lJRjc3eW84RHlkRFJJOE5xZC1CV0RpQkFJbUw0WFozR2stUzFvNkxVQWpvdTRfc2lnTTQ?oc=5,,,
2026-08-22,新高値 銘柄,日本経済新聞,住友金属鉱山株、決算後急騰も高値に距離 カギは収益の「新鉱脈」 - 日本経済新聞,https://news.google.com/rss/articles/CBMifkFVX3lxTFBNZDR3cnlhYkxEVEpESGxPVkhYZXNDeEpKTDVjTm1xQTdVblJEeHFaWHc3MS1mVWRTXzNBZVhTTUxUYnRXZW4ta19vOEZNMlhacHZEc25UQWd4a3Q0Rk1FYy1jWXF2Z3czeVpJZ0E3dmw0RTR1ZGRrcC13dHRiZw?oc=5,,,
2026-08-22,新高値 銘柄,Yahoo!ファイナンス,ETF売買動向＝21日前引け、ＧＸ高配３０、ｉＦ独３短国が新高値(株探ニュース) - Yahoo!ファイナンス,https://news.google.com/rss/articles/CBMihwFBVV95cUxNUjk0Vkt0T2JuUi1jWXE4UFdCeUFGLVZWM2RyT2J3Z3FVQUZuV081ZEFWa0l4OWR5Y0dYYUNhNmplVXdsOFk2OGx4Wmtxd0JJakMxNHYxb2pRWGViZ1RpTzUwXzUxMnRUc3ZYTFpjVm5wVm9BUjhubXE4ZG80LXljczhYTEw0MDg?oc=5,,,
2026-08-22,新高値 銘柄,Yahoo!ファイナンス,ETF売買は高配当・短期国債が新高値【今日の市場はどう動いた？】 - Yahoo!ファイナンス,https://news.google.com/rss/articles/CBMiZEFVX3lxTE9uYUFXRG16Vy1tUGRPT2hoZ3dqb0YyamFTQUt0b2hXWFF6WHZodHBya2haVUk4SnpVZzE1bHBzZVdJSzNxY3k5dzlYWWdvaUEyb2o2b2haU2tjaG5kUmNLcjNpOHk?oc=5,,,
2026-08-22,増配 自社株買い,みんかぶ,アイスタイル（@cosme運営）、ワラント消却・自社株買い・増配等の資本政策実施 今期計画は二桁の増収増益 - みんかぶ,https://news.google.com/rss/articles/CBMiRkFVX3lxTFBGX00wNTJVY2FoTXRvMmNmWnpHU1k2S1l1anBHNllUaXFqc24yeUMxWXRMUnpJVjl6MlRnV0JJdjh2Q3JaT1E?oc=5,,,
2026-08-22,増配 自社株買い,株探,三洋貿易が後場上げ幅急拡大、自社株買い・記念配当の実施と株主優待制度の導入を材料視 - 株探,https://news.google.com/rss/articles/CBMiYEFVX3lxTE41WUdrdXpXMWd0RmVFd2RxNXpCTlJ3RTJsVTA2b21QMU9QLVE3M2pLR2J4d1drYkJ3T1FqUGtkeFVCVXdnM3hBWlp2STJRRlFUVUQ2TWZDRFpRSjFGNkZ1Zw?oc=5,,,
2026-08-22,好決算 株価,Yahoo!ニュース,【好決算でも一時11％超の急落】PPIH（7532）8月21日はようやく反発——来期減速見通しが重荷に（LIMO） - Yahoo!ニュース,https://news.google.com/rss/articles/CBMif0FVX3lxTE1Ha005UjNkRzhDM05FWVJkbGJKN3BjMWYtdmswYk85WjROYmFQYTROQlZqRzRtYjBYclpPcDE1dUlpSWQ3MHF2OVlyR3MzS1UyZVkxSFNEUmJHR2gyVENtVHpVR2hzSWFOVEVIYlRvUF9MNE1Qa0x2bEpmS2NHaW8?oc=5,,,
2026-08-22,好決算 株価,LIMO | くらしとお金の経済メディア,決算後急落のPPIH（7532）21日は3日ぶり小反発、決算自体は好調+増配も - LIMO | くらしとお金の経済メディア,https://news.google.com/rss/articles/CBMiTEFVX3lxTFBoU09qb1IwaUJKQXNRZGR2cjJPNG5vNXE1YzYxUkcwNVlRd1MxZV9SWVgwTXV4d2FkeklEaWJqVDJxVXJXYlVnalcxdTc?oc=5,,,
2026-08-23,日本株 注目 銘柄,Yahoo!ニュース,【日本株】第1四半期が好発進で業績予想の上方修正に期待の2銘柄！ 新規IPのゲームが好調の｢カプコン｣、半導体産業向けの売上が伸びる｢日本酸素HD｣に注目！（ダイヤモンド・ザイ） - Yahoo!ニュース,https://news.google.com/rss/articles/CBMif0FVX3lxTFBwaVBTVmpSNzA2RlF0OUVIdjJ6YVAtUHVYank1M1NvVTVXakR1NEI0MzVuRy1hV1NfbXNwZF8zdUMwaENJTzVpalo1Zm83aW1aZEtROTdncnJmR2ZnQTNHZ2pZYUZqanlHejd4UjBPV0xDelotNnItSVhKRTM0SU0?oc=5,,,
2026-08-23,決算 上方修正,Yahoo!ファイナンス,今週の通期【業績上方修正】銘柄一覧 (8/17～8/21 発表分)(株探ニュース) - Yahoo!ファイナンス,https://news.google.com/rss/articles/CBMihwFBVV95cUxNZDFTMnpNdjZJcUtFVGRIc2lqOHZwNGl0RnUzc21zak9xSWJPUnMxckNUWlVtSDctajVmNEwzUXp6cHFXeGtnMWpmZWRjVG9kT2JsN2RpVzdjamVKeEowVFVpdnF3ekNnLUtWU1hlaTAyMEhhNngtVW5mclhRMXVKdVdZQjJtMTg?oc=5,,,
2026-08-23,決算 上方修正,日本経済新聞,業績ペースアップ、次の上方修正候補は 2026企業収益① - 日本経済新聞,https://news.google.com/rss/articles/CBMifkFVX3lxTE0wclhpSVNyeUxHTXdpS1lsb2JnT2U0dDhRWE9kUTIzMWhDYjM3aGkyNHBkaUVNX1hqdTJmRE9fc3hia2JzenVsMlpsNkNOOHEzcjB4M1FwX1NibGdTWml6cUsxLXN4bzB6WjNiemdkaEFQaHNDekdRbGpWQjhiQQ?oc=5,,,
2026-08-23,決算 上方修正,ダイヤモンド・オンライン,【日本株】第1四半期が好発進で業績予想の上方修正に期待の2銘柄！ 新規IPのゲームが好調の｢カプコン｣、半導体産業向けの売上が伸びる｢日本酸素HD｣に注目！ - ダイヤモンド・オンライン,https://news.google.com/rss/articles/CBMiU0FVX3lxTE8ycVZWMEJidkpUdDJzcVd2d2R5b29rQzNGQWJBU0RMd1VVcnliYVU3b3VRNWxPcVZBNVBNRzVLalhHWjRJX1B4cXI3MkxCTWdQWEs4?oc=5,,,
2026-08-23,決算 上方修正,株探,シーイーシーが２７年１月期業績予想を上方修正 - 株探,https://news.google.com/rss/articles/CBMiYEFVX3lxTE02YlQtWF9VRllMS2NCMU1XVE5tdHQyckxjMWNVQWpxTnZTQzhKSlJtaldVaW11TmgzMEFxRjE3bFBHaXRMS2xUdWRDY2ttRXlZcjR5b1ZfSFdXVXljeDV6Ng?oc=5,,,
2026-08-23,AI 関連 日本株,外為どっとコム,【見通し】株式明日の戦略－AI関連が崩れて4桁の下落、5日線を割り込む - 外為どっとコム,https://news.google.com/rss/articles/CBMiY0FVX3lxTE1teC0tNnhrTVgyYWxsSlZ5N1lpSEN6enlXY3RqNGxHc3NNNUdxSTFBNDc0dHQtVGIycUZIcjNrZ0U4ZFBYalhZZnNLcDU1cUpLb0ppZllwbEhXZmZuMXA4YzRBaw?oc=5,,,
2026-08-23,AI 関連 日本株,株探,ソフトバンクＧ急落、ＡＩ関連株に逆風吹くなか１兆円社債発行観測が下げを助長 - 株探,https://news.google.com/rss/articles/CBMiYEFVX3lxTE1DZDBDaXktam9LMDhjZmpFS3h2MUFFWUZUcTZmQkdhYlI1WmM2X0tHbUhGeENpZEUxUnRfQ2l0d3pQLUF2OF91UFZYcERKYlg5MzlJMHdiVDA0VDZYNUVsUw?oc=5,,,
2026-08-23,新高値 銘柄,Moomoo,ホクトが高値更新[新高値・新安値更新銘柄] - Moomoo,https://news.google.com/rss/articles/CBMinwFBVV95cUxPUUMtOXc0OVlfT2dkN3VIV1RjQjdwSjNvRlBHSDk2Yi1oZ1VkYndOOXMwWnF3d0c4R0hFd1Z3YjlVMExDWUJTYnhFeDhiNGNNejl0ZGppY0tNbndBcDZRSm85X09JYmVjeFl1TDNVbTZ0SHpHb3FoUXFndVlUWmNibkJVRVgtQW0xanA2c0VfeUZpNzRvYVBPTUpjeks3S1k?oc=5,,,
2026-08-23,新高値 銘柄,みんかぶ,ETF売買動向＝18日前引け、ＧＸＬＥ日株、ＪＰＸ１００が新高値 投稿日時： 2026/08/18 11:32[株探] - みんかぶ,https://news.google.com/rss/articles/CBMiRkFVX3lxTE8zTy1FeC1VTndVMlJ2MGZfa3BPWHF6ZDRxWGZHaFJXWXhrSFNjS0Y2WlN2R3pXRWQ4Z3BDckRvdXR0NWxkSUE?oc=5,,,
2026-08-23,増配 自社株買い,日本経済新聞,（決算トーク）「配当より自社株買い重視」 INPEX 上田隆之社長 - 日本経済新聞,https://news.google.com/rss/articles/CBMibEFVX3lxTFA5dUFtMktINWdra29hRmhmbjF2VjRTZDVmdzJ4X1RpcmQyY2hYWVdqVUN0bGpyOC1ZYlpMenV1ak9OWlJtd2RQLVdBWDV1bUlDYTZyWFEzamtiaGsyRzdQdzZxM29UZVJaV1d5VA?oc=5,,,
2026-08-23,増配 自社株買い,ログミーFinance,アイスタイル（@cosme運営）、ワラント消却・自社株買い・増配等の資本政策実施 今期計画は二桁の増収増益 - ログミーFinance,https://news.google.com/rss/articles/CBMiUkFVX3lxTE4xd3pScXFESFVpYmtOUk1HU0NzT21kRDRBcTRiS1R0MS11c0FmdzVkczBUMmpnMTl4UUtOY21jc1p3b0tQTHZQYzF3M2RqVzRLSXc?oc=5,,,
2026-08-23,好決算 株価,Yahoo!ファイナンス,営業利益率は脅威の54％！キーエンスの「稼ぐ力」の正体 円安効果だけでは説明しきれない好決算とAI需要の関係を読み解く - Yahoo!ファイナンス,https://news.google.com/rss/articles/CBMihwFBVV95cUxObks3TkZUZWNub0pDSF9id2kzZHBBeTE0M3hnVUNqekVTWHU4U1RSemNPcGZwR091SXE0Tk8yd3UyamVjSDhPbXBiSy1vOU5EUXZmV0NRUkZJUk1aRDlQYjNnMWRFbUhrWWl1eUJPb2J1RFdOX3FNUkRjSW5WSDNFVUhhTFRYdXc?oc=5,,,
2026-08-24,日本株 注目 銘柄,ダイヤモンド・オンライン,【高利回り株ランキング】3期先に配当も利益も伸びる「高配当株100銘柄」22位積水ハウス、8位野村不動産、1位は？ - ダイヤモンド・オンライン,https://news.google.com/rss/articles/CBMiTEFVX3lxTE5lMlBlck5OOGxmY0puU2hzTUVGb2lsVi1tRVJaejA5SHdNQXlIQ0xuQ09xYTJUN2x3N1cwLXo0SjI3TXlwamhzX294b0vSAU9BVV95cUxPYXluQ2xWMmE3SmdwZFFwQmtuclEzNE1Cd1EyNVdheXJPalNzY0l3cFZtZzhoZWkyaW51MEoxdndUNERSRmFmMVV6UUFKYXdz?oc=5,,,
2026-08-24,半導体 関連株,nomura.co.jp,日経平均株価は高すぎるのか？ 半導体株が牽引も、バブルではないと考える理由 野村證券・岡崎康平 - nomura.co.jp,https://news.google.com/rss/articles/CBMiX0FVX3lxTE9RTlNWOU5GdWVuOXlTbkkzeXdISXAyeTZZMTJCZGtFNS00Z3pIWFI1NkdqMFhzTTYtNXItdW5uWHJuaWVaME53ckZSSVdiN293ZWtIRldIX3NWQXhqSmk4?oc=5,,,
2026-08-24,半導体 関連株,Yahoo!ファイナンス,GX 半導体関連-日本株式【2644】：株価・株式情報（夜間PTS含む） - Yahoo!ファイナンス,https://news.google.com/rss/articles/CBMiUkFVX3lxTE9QdDNtZ2U2X3c4VW9lMVBvRlg2UkljLWl6UER4cWVGYTU5S1piOWhTNEVwakp6bHlLZlZQQjhkZjEyUHNPQjVLX3dWNUtfdmhQTUE?oc=5,,,
2026-08-24,AI 関連 日本株,Yahoo!ニュース,日経平均株価の「2027年8月まで」の値動きを予測！2026年･秋まで調整継続も、AI･半導体株が牽引して上昇基調に戻り、2027年には“9万円到達”との見方も（ダイヤモンド・ザイ） - Yahoo!ニュース,https://news.google.com/rss/articles/CBMif0FVX3lxTFBpTzZqUU1hZ2kwYk9KSVRVZWo1amI2UzZncm9XVDlxOWZIWWNueHpEM05MUnlsRDA1dVc4ZDhXZm1vN3U3MFpLZnUyUUhQaTdDZ0VITmFYaWg0MnNSZGlJdGtQc1Bfd3FsQ2lEd2dwWVhlTm9Ham1XRUNoWVFJVFk?oc=5,,,
2026-08-24,AI 関連 日本株,四季報オンライン,AIデータセンター新設で注目の｢ガスタービン関連｣12銘柄 - 四季報オンライン,https://news.google.com/rss/articles/CBMiV0FVX3lxTE1zLWNYQ3FhUG53dENiWmc4RkFjd3doUUJDWnhOWVhSYlBuaHBSS2g1ZmdNZS0tTDFSdndUNkdURjVRbzZIRUhaeHRvUDFIRXhXNjJyZFFlcw?oc=5,,,
2026-08-24,新高値 銘柄,株探,ＪＴは急反発し新高値、２６年１２月期通期業績・配当予想を引き上げ - 株探,https://news.google.com/rss/articles/CBMiYEFVX3lxTE9YTzgtcjFMZ3hvcTZGd3JjSVVhMElRVmVEWVRoQVdyR3RMZ0lvTmx3NXNrYjNob0dYd2pXTVpEamVuV0hiRmhkWEVDUHdzM3hKbXdzQ3VXbEl2X1AtekNmTA?oc=5,,,
2026-08-24,増配 自社株買い,simplywall.st,"AMP（ASX:AMP）における増配と1億5,000万豪ドルの自社株買いが、同社の投資ストーリーをどのように変えたか - simplywall.st",https://news.google.com/rss/articles/CBMinwFBVV95cUxObE0wSUJpZmVucVN5LXdRTFRYMnR4ZVBKekF5b1c4UUd2emwzN2Jna3ZaQkNZMkxFRkJQWVFnV0RMMDFvamVMZFFpd1ItTDNkeHNVa2ZrS2x2bUV4eHRCOGlMc1VHbGxXTWdWTWZiRnlUS3M5Y3ZwU0FBVG5zTGZzV043VGQ1V2ZCNFlEVXFQWTNBVEhnbThGeXZLcXFsamvSAaQBQVVfeXFMTUN3RXpILW1xWlg0Wk1lTWVTMnN4X1l1NHRKMVNsZGgzOFJyTnlUN2d2Q2Mybm5oTS1UNUw0NW4xbVc5ZjV0TEtqNFlLWFRZS01DOVZRRWpHQjJwcnR4SjZacnhKVldYY3NnVFFqWi1ucDY3VzUtVnAxZExHSXktTmhUaWhSdzhKaDd4dV8ybXczRlVJUEppUF8tQjRTZmJJOUMxT24?oc=5,,,
2026-08-24,好決算 株価,Yahoo!ファイナンス,本日注目すべき【好決算】銘柄 シーイーシー、オリコンＨＤ (21日引け後 発表分)(株探ニュース) - Yahoo!ファイナンス,https://news.google.com/rss/articles/CBMihwFBVV95cUxOcWF1OTFJd2pFZU1NMU0zbGJzSElOcndTWC1TZUg5d09xYXZRZ25QUkdjM0xrQ1dRZHExeFlQYUd4RkFZNHlDX3Z6dWp4Nm9CcHNGSzZiRFJxTWYxSHpfVFRtRnBIRGhZeGtodWhfSjhiejNUWDJzc0IwWTB3NUJMWHhMbVJQZVk?oc=5,,,
2026-08-24,好決算 株価,Moomoo,好決算でも決算後に急落する可能性があるNvidia株 - Moomoo,https://news.google.com/rss/articles/CBMiiAFBVV95cUxQcTRqa1VUZ0NWSE9tUVhPNlgzTDJjR0tQQi14ek1oNHh5MmV4elpXQ3RrSTRGMTYzcVVicThaTXN2X3phbl9Bc2pYMFY2YzFzdDZuWGVSUnh0LVlCNllyZmNOMWhTbXV2SFBWY29JUk43VzNBb3djbGJVTi1QaXhjTUFFMWxacEk3?oc=5,,,
